# Blender 4.5.1 LTS
# www.blender.org
mtllib Mi_24_chasis_NoH.mtl
o polySurface233.002
v -0.150134 0.165332 0.692607
v -0.150134 0.195527 0.735500
v -0.129480 0.222618 0.726415
v -0.129480 0.182075 0.668822
v -0.150134 0.195527 0.788518
v -0.129480 0.222618 0.797603
v -0.150134 0.165332 0.831411
v -0.129480 0.182075 0.855196
v -0.150134 0.116476 0.847794
v -0.129480 0.116476 0.877194
v -0.150134 0.067620 0.831411
v -0.129480 0.050876 0.855196
v -0.150134 0.037425 0.788518
v -0.129480 0.010334 0.797603
v -0.150134 0.037425 0.735500
v -0.129480 0.010334 0.726415
v -0.150134 0.067620 0.692607
v -0.129480 0.050876 0.668822
v -0.150134 0.116476 0.676224
v -0.129480 0.116476 0.646824
v -0.060153 0.222618 0.726415
v -0.060153 0.182075 0.668822
v -0.060153 0.222618 0.797603
v -0.060153 0.182075 0.855196
v -0.060153 0.116476 0.877194
v -0.060153 0.050876 0.855196
v -0.060153 0.010334 0.797603
v -0.060153 0.010334 0.726415
v -0.060153 0.050876 0.668822
v -0.060153 0.116476 0.646824
v -0.037673 0.195527 0.735500
v -0.037673 0.165332 0.692607
v -0.037673 0.195527 0.788518
v -0.037673 0.165332 0.831411
v -0.037673 0.116476 0.847794
v -0.037673 0.067620 0.831411
v -0.037673 0.037425 0.788518
v -0.037673 0.037425 0.735500
v -0.037673 0.067620 0.692607
v -0.037474 0.116476 0.676224
v -0.162679 0.144925 0.721596
v -0.162679 0.162507 0.746573
v -0.162679 0.162507 0.777446
v -0.162679 0.144925 0.802422
v -0.162679 0.116476 0.811962
v -0.162679 0.088027 0.802422
v -0.162679 0.070445 0.777446
v -0.162679 0.070445 0.746573
v -0.162679 0.088027 0.721596
v -0.162679 0.116476 0.712056
v -0.024588 0.162507 0.746573
v -0.024588 0.144925 0.721596
v -0.024588 0.162507 0.777446
v -0.024588 0.144925 0.802422
v -0.024588 0.116476 0.811962
v -0.024588 0.088027 0.802422
v -0.024588 0.070445 0.777446
v -0.024588 0.070445 0.746573
v -0.024588 0.088027 0.721596
v -0.024588 0.116476 0.712056
v 0.182216 0.145978 0.719907
v 0.182216 0.164177 0.745622
v 0.182216 0.116530 0.761516
v 0.182216 0.164177 0.777409
v 0.182216 0.145978 0.803125
v 0.182216 0.116530 0.812947
v 0.182216 0.087083 0.803125
v 0.182216 0.068884 0.777409
v 0.182216 0.068884 0.745622
v 0.182216 0.087083 0.719907
v 0.182216 0.116530 0.710084
v 0.044036 0.145978 0.719907
v 0.043223 0.164177 0.745622
v 0.042351 0.164177 0.777409
v 0.041753 0.145978 0.803125
v 0.041658 0.116531 0.812947
v 0.042102 0.087083 0.803125
v 0.042914 0.068884 0.777409
v 0.043787 0.068884 0.745622
v 0.044384 0.087083 0.719907
v 0.044480 0.116531 0.710084
v 0.041753 0.191092 0.904835
v 0.041658 0.161645 0.914657
v 0.007137 0.145978 0.803125
v 0.007137 0.191092 0.904835
v 0.042101 0.132198 0.904835
v 0.007137 0.145978 0.719907
v 0.007137 0.164177 0.745623
v 0.007137 0.164177 0.777409
v 0.007137 0.161645 0.914657
v 0.007137 0.132198 0.904835
v 0.007137 0.087083 0.803125
v 0.007137 0.068884 0.777409
v 0.007137 0.068884 0.745622
v 0.007137 0.087083 0.719907
v 0.007137 0.116531 0.710084
v -0.163940 0.145978 0.719907
v -0.163940 0.116530 0.761516
v -0.163940 0.164177 0.745622
v -0.163940 0.164177 0.777409
v -0.163940 0.145978 0.803125
v -0.163940 0.116530 0.812947
v -0.163940 0.087083 0.803125
v -0.163940 0.068884 0.777409
v -0.163940 0.068884 0.745622
v -0.163940 0.087083 0.719907
v -0.163940 0.116530 0.710084
v -0.028616 0.145978 0.719907
v -0.027802 0.164177 0.745622
v -0.026931 0.164177 0.777409
v -0.026333 0.145978 0.803125
v -0.026238 0.116531 0.812947
v -0.026682 0.087083 0.803125
v -0.027494 0.068884 0.777409
v -0.028366 0.068884 0.745622
v -0.028964 0.087083 0.719907
v -0.029060 0.116531 0.710084
v -0.026238 0.161645 0.914657
v -0.026333 0.191092 0.904835
v 0.008283 0.191092 0.904835
v 0.008283 0.145978 0.803125
v -0.026681 0.132198 0.904835
v 0.008283 0.145978 0.719907
v 0.008283 0.164177 0.745623
v 0.008283 0.164177 0.777409
v 0.008283 0.161645 0.914657
v 0.008283 0.132198 0.904835
v 0.008283 0.087083 0.803125
v 0.008283 0.068884 0.777409
v 0.008283 0.068884 0.745622
v 0.008283 0.087083 0.719907
v 0.008283 0.116531 0.710084
v -0.016360 0.242518 0.834089
v -0.029721 0.242518 0.852478
v -0.029721 0.376087 0.852478
v -0.016360 0.376087 0.834089
v -0.029721 0.242518 0.875208
v -0.029721 0.376087 0.875208
v -0.016360 0.242518 0.893597
v -0.016360 0.387237 0.893597
v 0.005257 0.242518 0.900621
v 0.005257 0.390846 0.900621
v 0.026875 0.242518 0.893597
v 0.026875 0.387237 0.893597
v 0.040235 0.242518 0.875208
v 0.040235 0.376087 0.875208
v 0.040235 0.242518 0.852478
v 0.040235 0.376087 0.852478
v 0.026875 0.242518 0.834089
v 0.026875 0.376087 0.834089
v 0.005257 0.242518 0.827065
v 0.005257 0.376087 0.827065
v -0.008496 0.230672 0.844913
v -0.016997 0.230672 0.856612
v -0.016997 0.230672 0.871073
v -0.008496 0.230672 0.882773
v 0.005257 0.230672 0.887241
v 0.019010 0.230672 0.882773
v 0.027511 0.230672 0.871073
v 0.027511 0.230672 0.856612
v 0.019010 0.230672 0.844913
v 0.005257 0.230672 0.840444
v -0.008496 0.161656 0.844913
v -0.016997 0.161656 0.856612
v -0.016997 0.161656 0.871073
v -0.008496 0.161656 0.882773
v 0.005257 0.161656 0.887241
v 0.019010 0.161656 0.882773
v 0.027511 0.161656 0.871073
v 0.027511 0.161656 0.856612
v 0.019010 0.161656 0.844913
v 0.005257 0.161656 0.840444
v -0.029721 0.417897 0.852478
v -0.016360 0.417897 0.834089
v -0.139407 0.376087 0.852478
v -0.139407 0.376087 0.875208
v -0.139407 0.417897 0.875208
v -0.139407 0.417897 0.852478
v -0.016360 0.417897 0.893597
v -0.029721 0.417897 0.875208
v 0.005257 0.417897 0.900621
v 0.026875 0.417897 0.893597
v 0.040235 0.417897 0.875208
v 0.150704 0.376087 0.875208
v 0.150704 0.376087 0.852478
v 0.150704 0.417897 0.852478
v 0.150704 0.417897 0.875208
v 0.026875 0.417897 0.834089
v 0.040235 0.417897 0.852478
v 0.005257 0.417897 0.827065
v -0.017469 0.396351 0.893190
v -0.030830 0.385201 0.874801
v -0.030830 0.270398 1.037099
v -0.017469 0.281548 1.055488
v 0.004148 0.399960 0.900215
v 0.004148 0.285157 1.062512
v -0.140516 0.385201 0.874801
v -0.140516 0.270398 1.037099
v 0.025766 0.396351 0.893190
v 0.025766 0.281548 1.055488
v 0.039126 0.270398 1.037099
v 0.039126 0.385201 0.874801
v 0.004148 0.399960 0.900214
v 0.004148 0.285157 1.062512
v 0.148812 0.270398 1.037099
v 0.148812 0.385201 0.874801
v 0.301732 1.316594 -0.103208
v 0.274665 1.367169 -0.150862
v 0.394761 1.390827 -0.140011
v 0.419260 1.345051 -0.096879
v 0.237613 1.436256 -0.168335
v 0.361225 1.453359 -0.155826
v 0.200504 1.505343 -0.150945
v 0.327637 1.515891 -0.140087
v 0.173282 1.555918 -0.103352
v 0.302998 1.561668 -0.097010
v 0.163241 1.574430 -0.038309
v 0.293909 1.578423 -0.038138
v 0.173070 1.555918 0.026757
v 0.302806 1.561668 0.020754
v 0.200137 1.505343 0.074411
v 0.327305 1.515891 0.063887
v 0.237189 1.436256 0.091883
v 0.360841 1.453359 0.079702
v 0.274298 1.367169 0.074494
v 0.394429 1.390827 0.063962
v 0.301520 1.316594 0.026901
v 0.419068 1.345051 0.020885
v 0.311562 1.298082 -0.038142
v 0.428157 1.328295 -0.037987
v -0.313252 1.316594 -0.103208
v -0.430780 1.345051 -0.096879
v -0.406281 1.390827 -0.140011
v -0.286185 1.367169 -0.150862
v -0.372745 1.453359 -0.155826
v -0.249133 1.436256 -0.168335
v -0.339157 1.515891 -0.140087
v -0.212024 1.505343 -0.150945
v -0.314518 1.561668 -0.097010
v -0.184802 1.555918 -0.103352
v -0.305429 1.578423 -0.038138
v -0.174761 1.574430 -0.038309
v -0.314326 1.561668 0.020754
v -0.184590 1.555918 0.026757
v -0.338825 1.515891 0.063887
v -0.211657 1.505343 0.074411
v -0.372361 1.453359 0.079702
v -0.248709 1.436256 0.091883
v -0.405949 1.390827 0.063962
v -0.285818 1.367169 0.074494
v -0.430588 1.345051 0.020885
v -0.313040 1.316594 0.026901
v -0.439677 1.328295 -0.037987
v -0.323082 1.298082 -0.038143
v 0.055217 0.165332 0.692607
v 0.055217 0.195527 0.735500
v 0.075871 0.222618 0.726415
v 0.075871 0.182075 0.668822
v 0.055217 0.195527 0.788518
v 0.075871 0.222618 0.797603
v 0.055217 0.165332 0.831411
v 0.075871 0.182075 0.855196
v 0.055217 0.116476 0.847794
v 0.075871 0.116476 0.877194
v 0.055217 0.067620 0.831411
v 0.075871 0.050876 0.855196
v 0.055217 0.037425 0.788518
v 0.075871 0.010334 0.797603
v 0.055217 0.037425 0.735500
v 0.075871 0.010334 0.726415
v 0.055217 0.067620 0.692607
v 0.075871 0.050876 0.668822
v 0.055217 0.116476 0.676224
v 0.075871 0.116476 0.646824
v 0.145198 0.222618 0.726415
v 0.145198 0.182075 0.668822
v 0.145198 0.222618 0.797603
v 0.145198 0.182075 0.855196
v 0.145198 0.116476 0.877194
v 0.145198 0.050876 0.855196
v 0.145198 0.010334 0.797603
v 0.145198 0.010334 0.726415
v 0.145198 0.050876 0.668822
v 0.145198 0.116476 0.646824
v 0.167678 0.195527 0.735500
v 0.167678 0.165332 0.692607
v 0.167678 0.195527 0.788518
v 0.167678 0.165332 0.831411
v 0.167678 0.116476 0.847794
v 0.167678 0.067620 0.831411
v 0.167678 0.037425 0.788518
v 0.167678 0.037425 0.735500
v 0.167678 0.067620 0.692607
v 0.167877 0.116476 0.676224
v 0.042672 0.144925 0.721596
v 0.042672 0.162507 0.746573
v 0.042672 0.162507 0.777446
v 0.042672 0.144925 0.802422
v 0.042672 0.116476 0.811962
v 0.042672 0.088027 0.802422
v 0.042672 0.070445 0.777446
v 0.042672 0.070445 0.746573
v 0.042672 0.088027 0.721596
v 0.042672 0.116476 0.712056
v 0.180763 0.162507 0.746573
v 0.180763 0.144925 0.721596
v 0.180763 0.162507 0.777446
v 0.180763 0.144925 0.802422
v 0.180763 0.116476 0.811962
v 0.180763 0.088027 0.802422
v 0.180763 0.070445 0.777446
v 0.180763 0.070445 0.746573
v 0.180763 0.088027 0.721596
v 0.180763 0.116476 0.712056
v 0.555429 0.230732 -1.387342
v 0.555429 0.267433 -1.335206
v 0.578518 0.300362 -1.346249
v 0.578518 0.251083 -1.416252
v 0.555429 0.267433 -1.270763
v 0.578518 0.300362 -1.259720
v 0.555429 0.230732 -1.218627
v 0.578518 0.251083 -1.189717
v 0.555429 0.171348 -1.198713
v 0.578518 0.171348 -1.162978
v 0.555429 0.111963 -1.218627
v 0.578518 0.091612 -1.189717
v 0.555429 0.075262 -1.270763
v 0.578518 0.042333 -1.259720
v 0.555429 0.075262 -1.335206
v 0.578518 0.042333 -1.346249
v 0.555429 0.111963 -1.387342
v 0.578518 0.091612 -1.416252
v 0.555429 0.171348 -1.407255
v 0.578518 0.171348 -1.442990
v 0.656020 0.300362 -1.346249
v 0.656020 0.251083 -1.416252
v 0.656020 0.300362 -1.259720
v 0.656020 0.251083 -1.189717
v 0.656020 0.171348 -1.162978
v 0.656020 0.091612 -1.189717
v 0.656020 0.042333 -1.259720
v 0.656020 0.042333 -1.346249
v 0.656020 0.091612 -1.416252
v 0.656020 0.171348 -1.442990
v 0.681150 0.267433 -1.335206
v 0.681150 0.230732 -1.387342
v 0.681150 0.267433 -1.270763
v 0.681150 0.230732 -1.218627
v 0.681150 0.171348 -1.198713
v 0.681150 0.111963 -1.218627
v 0.681150 0.075262 -1.270763
v 0.681150 0.075262 -1.335206
v 0.681150 0.111963 -1.387342
v 0.681374 0.171348 -1.407255
v 0.541404 0.205927 -1.352106
v 0.541404 0.227298 -1.321747
v 0.541404 0.227298 -1.284221
v 0.541404 0.205927 -1.253863
v 0.541404 0.171348 -1.242267
v 0.541404 0.136768 -1.253863
v 0.541404 0.115397 -1.284221
v 0.541404 0.115397 -1.321747
v 0.541404 0.136768 -1.352106
v 0.541404 0.171348 -1.363701
v 0.695778 0.227298 -1.321747
v 0.695778 0.205927 -1.352106
v 0.695778 0.227298 -1.284221
v 0.695778 0.205927 -1.253863
v 0.695778 0.171348 -1.242267
v 0.695778 0.136768 -1.253863
v 0.695778 0.115397 -1.284221
v 0.695778 0.115397 -1.321747
v 0.695778 0.136768 -1.352106
v 0.695778 0.171348 -1.363701
v -0.599303 0.230732 -1.387342
v -0.622392 0.251083 -1.416252
v -0.622392 0.300362 -1.346249
v -0.599303 0.267433 -1.335206
v -0.622392 0.300362 -1.259720
v -0.599303 0.267433 -1.270763
v -0.622392 0.251083 -1.189717
v -0.599303 0.230732 -1.218627
v -0.622392 0.171348 -1.162978
v -0.599303 0.171348 -1.198713
v -0.622392 0.091612 -1.189717
v -0.599303 0.111963 -1.218627
v -0.622392 0.042333 -1.259720
v -0.599303 0.075262 -1.270763
v -0.622392 0.042333 -1.346249
v -0.599303 0.075262 -1.335206
v -0.622392 0.091612 -1.416252
v -0.599303 0.111963 -1.387342
v -0.622392 0.171348 -1.442990
v -0.599303 0.171348 -1.407255
v -0.699893 0.251083 -1.416252
v -0.699893 0.300362 -1.346249
v -0.699893 0.300362 -1.259720
v -0.699893 0.251083 -1.189717
v -0.699893 0.171348 -1.162978
v -0.699893 0.091612 -1.189717
v -0.699893 0.042333 -1.259720
v -0.699893 0.042333 -1.346249
v -0.699893 0.091612 -1.416252
v -0.699893 0.171348 -1.442990
v -0.725024 0.230732 -1.387342
v -0.725024 0.267433 -1.335206
v -0.725024 0.267433 -1.270763
v -0.725024 0.230732 -1.218627
v -0.725024 0.171348 -1.198713
v -0.725024 0.111963 -1.218627
v -0.725024 0.075262 -1.270763
v -0.725024 0.075262 -1.335206
v -0.725024 0.111963 -1.387342
v -0.725247 0.171348 -1.407255
v -0.585278 0.205927 -1.352106
v -0.585278 0.227298 -1.321747
v -0.585278 0.227298 -1.284221
v -0.585278 0.205927 -1.253863
v -0.585278 0.171348 -1.242267
v -0.585278 0.136768 -1.253863
v -0.585278 0.115397 -1.284221
v -0.585278 0.115397 -1.321747
v -0.585278 0.136768 -1.352106
v -0.585278 0.171348 -1.363701
v -0.739652 0.227298 -1.321747
v -0.739652 0.205927 -1.352106
v -0.739652 0.227298 -1.284221
v -0.739652 0.205927 -1.253863
v -0.739652 0.171348 -1.242267
v -0.739652 0.136768 -1.253863
v -0.739652 0.115397 -1.284221
v -0.739652 0.115397 -1.321747
v -0.739652 0.136768 -1.352106
v -0.739652 0.171348 -1.363701
v 0.040594 0.403822 2.079027
v 0.022577 0.416898 2.079633
v 0.022577 0.411365 2.199066
v 0.040594 0.398289 2.198460
v 0.000307 0.416898 2.079633
v 0.000307 0.411365 2.199066
v -0.017710 0.403822 2.079027
v -0.017710 0.398289 2.198460
v -0.024592 0.382665 2.078047
v -0.024592 0.377131 2.197480
v -0.017710 0.361507 2.077067
v -0.017710 0.355974 2.196500
v 0.000307 0.348431 2.076461
v 0.000307 0.342898 2.195894
v 0.022577 0.348431 2.076461
v 0.022577 0.342898 2.195894
v 0.040594 0.361507 2.077067
v 0.040594 0.355974 2.196500
v 0.047476 0.382665 2.078047
v 0.047476 0.377131 2.197480
v 0.011442 0.376561 2.209799
v 0.024507 0.400469 2.182210
v 0.009676 0.396160 2.182010
v 0.009676 0.376443 2.607550
v 0.024507 0.380753 2.607749
v 0.024415 0.377690 2.181154
v 0.033525 0.389073 2.181682
v 0.033525 0.369357 2.607221
v 0.024415 0.357974 2.606694
v 0.009676 0.359337 2.180304
v 0.024323 0.354910 2.180099
v 0.024323 0.335194 2.605639
v 0.009676 0.339621 2.605844
v 0.033341 0.366306 2.180627
v 0.033341 0.346590 2.606167
v -0.005155 0.400470 2.182210
v -0.005155 0.380754 2.607749
v -0.005063 0.377690 2.181154
v -0.005063 0.357974 2.606694
v -0.014173 0.369357 2.607221
v -0.014173 0.389073 2.181682
v 0.009676 0.369357 2.607221
v -0.004971 0.335194 2.605639
v -0.004971 0.354910 2.180099
v -0.013989 0.346590 2.606167
v -0.013989 0.366306 2.180627
v 0.009676 0.358032 2.606697
v 0.009676 0.346590 2.606167
v -0.048598 0.425400 2.154299
v -0.048598 0.425400 2.000938
v -0.048598 0.353721 2.000938
v -0.048598 0.353721 2.154299
v -0.048598 0.425400 1.849445
v -0.048598 0.353721 1.849445
v -0.048598 0.282042 2.000938
v -0.048598 0.282042 1.849445
v -0.023687 0.282042 2.000938
v -0.023687 0.353721 2.154299
v -0.011401 0.336498 2.078923
v 0.013679 0.282042 1.849445
v 0.051045 0.282042 2.000938
v 0.038759 0.336498 2.078923
v 0.051045 0.353721 2.154299
v 0.075956 0.282042 1.849445
v 0.075956 0.282042 2.000938
v 0.075956 0.353721 2.154299
v 0.075956 0.353721 2.000938
v 0.075956 0.353721 1.849445
v 0.075956 0.425400 2.000938
v 0.075956 0.425400 2.154299
v 0.075956 0.425400 1.849445
v 0.038759 0.425400 2.060526
v 0.051045 0.425400 2.154299
v 0.013679 0.425400 1.849445
v -0.011401 0.425400 2.060526
v -0.023687 0.425400 2.154299
v 0.013679 0.353721 1.849445
v 0.075666 0.492271 2.093836
v 0.010594 0.492271 2.093836
v 0.010594 0.454597 2.102023
v 0.075666 0.454597 2.102023
v 0.076828 0.264121 1.883069
v 0.077425 0.292569 1.836441
v 0.128608 0.292569 1.897204
v 0.095065 0.264121 1.915014
v 0.128608 0.292569 1.972311
v 0.095065 0.264121 1.954500
v 0.077425 0.292569 2.033073
v 0.076828 0.264121 1.986445
v 0.076733 0.336876 1.799436
v 0.160294 0.336876 1.883069
v 0.160294 0.336876 1.986445
v 0.076732 0.336876 2.070078
v 0.076275 0.392708 1.775678
v 0.180474 0.392708 1.873994
v 0.180474 0.392708 1.995520
v 0.076275 0.392708 2.093836
v 0.075666 0.423483 1.767491
v 0.184522 0.454597 1.870867
v 0.184522 0.454597 1.998647
v 0.075666 0.492271 1.775678
v 0.176041 0.492271 1.873994
v 0.176041 0.492271 1.995520
v 0.076828 0.256319 1.955118
v 0.077425 0.292569 1.936793
v 0.076732 0.336876 1.939646
v 0.076275 0.392708 1.943264
v 0.075666 0.423483 1.947268
v 0.076828 0.256319 1.914690
v 0.010594 0.423483 1.947268
v 0.010594 0.423483 1.767491
v -0.054477 0.492271 2.093836
v -0.054477 0.454597 2.102023
v -0.055640 0.264121 1.883068
v -0.073877 0.264121 1.915014
v -0.107419 0.292568 1.897203
v -0.056237 0.292569 1.836440
v -0.073877 0.264121 1.954500
v -0.107419 0.292569 1.972311
v -0.055640 0.264121 1.986445
v -0.056237 0.292569 2.033073
v -0.139106 0.336876 1.883068
v -0.055544 0.336876 1.799436
v -0.139106 0.336876 1.986445
v -0.055544 0.336876 2.070078
v -0.159286 0.392707 1.873994
v -0.055086 0.392708 1.775678
v -0.159286 0.392708 1.995520
v -0.055086 0.392708 2.093836
v -0.163334 0.454597 1.870868
v -0.054477 0.423483 1.767491
v -0.163334 0.454597 1.998647
v -0.154852 0.492271 1.873994
v -0.054477 0.492271 1.775678
v -0.154852 0.492271 1.995520
v -0.055640 0.256319 1.955118
v -0.056237 0.292569 1.936793
v -0.055544 0.336876 1.939646
v -0.055086 0.392708 1.943263
v -0.054477 0.423483 1.947268
v -0.055640 0.256319 1.914689
v 1.656460 0.495379 -1.289820
v 1.635700 0.510462 -1.289820
v 1.635700 0.510462 -0.481564
v 1.656460 0.495379 -0.481564
v 1.610040 0.510462 -1.289820
v 1.610040 0.510462 -0.481564
v 1.589281 0.495379 -1.289820
v 1.589281 0.495379 -0.481564
v 1.581351 0.470975 -1.289820
v 1.581351 0.470975 -0.481564
v 1.589281 0.446571 -1.289820
v 1.589281 0.446571 -0.481564
v 1.610040 0.431488 -1.289820
v 1.610040 0.431488 -0.481564
v 1.635700 0.431488 -1.289820
v 1.635700 0.431488 -0.481564
v 1.656460 0.446571 -1.289820
v 1.656460 0.446571 -0.481564
v 1.664389 0.470975 -1.289820
v 1.664389 0.470975 -0.481564
v 1.622870 0.470975 -1.289820
v 1.622870 0.470975 -0.481564
v -0.159613 0.902692 1.937755
v -0.168051 0.906187 1.937755
v -0.168051 0.906187 2.302709
v -0.159613 0.902692 2.302709
v -0.176489 0.902692 1.937755
v -0.176489 0.902692 2.302709
v -0.179984 0.894254 1.937755
v -0.179984 0.894254 2.302709
v -0.176489 0.885816 1.937755
v -0.176489 0.885816 2.302709
v -0.168051 0.882321 1.937755
v -0.168051 0.882321 2.302709
v -0.159613 0.885816 1.937755
v -0.159613 0.885816 2.302709
v -0.156118 0.894254 1.937755
v -0.156118 0.894254 2.302709
v -0.159613 0.902692 2.391889
v -0.168051 0.906187 2.391889
v -0.168051 0.894254 2.401937
v -0.176489 0.902692 2.391889
v -0.179984 0.894254 2.391889
v -0.176489 0.885816 2.391889
v -0.168051 0.882321 2.391889
v -0.159613 0.885816 2.391889
v -0.156118 0.894254 2.391889
v -0.159613 0.902692 2.330147
v -0.168051 0.906187 2.330147
v -0.176489 0.902692 2.330147
v -0.179984 0.894254 2.330147
v -0.176489 0.885816 2.330147
v -0.168051 0.882321 2.330147
v -0.159613 0.885816 2.330147
v -0.156118 0.894254 2.330147
v -0.159613 0.902692 2.302709
v -0.159613 0.902692 2.330147
v -0.125559 0.936933 2.294060
v -0.125559 0.936933 2.266621
v 0.168892 1.568014 0.730310
v 0.164826 1.566579 0.763361
v 0.215604 1.531854 0.775821
v 0.226248 1.528790 0.744383
v 0.097996 1.568014 0.730310
v 0.102062 1.566579 0.763361
v 0.040641 1.528790 0.744383
v 0.051285 1.531854 0.775821
v 0.018733 1.465326 0.767154
v 0.031889 1.475669 0.795980
v 0.040641 1.401862 0.789925
v 0.051285 1.419484 0.816139
v 0.097996 1.362639 0.803999
v 0.102062 1.384759 0.828598
v 0.168892 1.362639 0.803999
v 0.164826 1.384759 0.828598
v 0.226248 1.401862 0.789925
v 0.215604 1.419484 0.816139
v 0.248156 1.465326 0.767154
v 0.234999 1.475669 0.795980
v 0.155944 1.550945 0.800734
v 0.192350 1.526049 0.809667
v 0.110944 1.550945 0.800734
v 0.074539 1.526049 0.809667
v 0.060633 1.485766 0.824121
v 0.074539 1.445483 0.838574
v 0.110944 1.420587 0.847507
v 0.155944 1.420587 0.847507
v 0.192350 1.445483 0.838574
v 0.206255 1.485766 0.824121
v 0.144398 1.522931 0.827876
v 0.162122 1.510810 0.832225
v 0.122490 1.522931 0.827876
v 0.104766 1.510810 0.832225
v 0.097996 1.491198 0.839262
v 0.104766 1.471587 0.846299
v 0.122490 1.459466 0.850648
v 0.144398 1.459466 0.850648
v 0.162122 1.471587 0.846299
v 0.168892 1.491198 0.839262
v 0.133444 1.492530 0.842973
v 0.198189 1.500553 0.726046
v 0.158175 1.527917 0.716228
v 0.108714 1.527917 0.716228
v 0.068699 1.500553 0.726046
v 0.053415 1.456277 0.741932
v 0.068699 1.412000 0.757819
v 0.108714 1.384636 0.767637
v 0.158175 1.384636 0.767637
v 0.198189 1.412000 0.757819
v 0.213474 1.456277 0.741932
v -0.040330 1.764375 -0.089624
v 0.040237 1.764375 -0.089197
v -0.068196 1.753862 -0.266932
v -0.095109 1.742850 -0.236567
v -0.036433 1.740182 -0.107543
v 0.035261 1.740182 -0.107164
v 0.097540 1.742850 -0.234897
v 0.071437 1.753862 -0.266192
v -0.068196 1.773482 -0.266932
v -0.095109 1.762470 -0.236567
v 0.097540 1.762470 -0.234897
v 0.071437 1.773482 -0.266192
v 0.037068 2.148519 -5.350688
v 0.369983 2.116797 -5.584315
v 0.364756 2.137896 -5.641446
v 0.023241 2.180931 -5.521841
v 0.037185 2.095294 -5.332267
v 0.370027 2.088421 -5.569775
v 0.023594 2.023896 -5.503121
v 0.364889 2.045460 -5.634369
v 0.364822 2.090219 -5.637908
v 0.359640 2.084466 -5.704860
v 0.359573 2.114764 -5.708398
v 0.359706 2.047828 -5.701322
v 0.354435 2.086263 -5.765777
v 0.354479 2.071161 -5.770633
v -0.004058 2.089592 -5.862573
v 0.009533 2.160990 -5.698934
v -0.003941 2.049643 -5.863550
v 0.009886 2.003956 -5.680215
v 0.365037 2.045785 -5.579426
v 0.365037 2.060796 -5.584304
v 0.365037 2.045785 -5.563643
v 0.365037 2.060796 -5.558766
v 0.365037 2.070074 -5.571535
v 0.365037 2.056648 -5.571535
v -0.126083 1.786133 -0.242961
v -0.135609 1.786133 -0.246057
v -0.126083 1.786133 -0.232945
v -0.135609 1.786133 -0.229849
v -0.141497 1.786133 -0.237953
v -0.132976 1.786133 -0.237953
v 0.365037 2.161767 -5.656124
v 0.365037 2.176776 -5.661000
v 0.365037 2.161767 -5.640340
v 0.365037 2.176776 -5.635464
v 0.365037 2.186054 -5.648232
v 0.365037 2.172629 -5.648232
v 0.365037 2.042045 -5.723467
v 0.365037 2.057055 -5.728344
v 0.365037 2.042045 -5.707684
v 0.365037 2.057055 -5.702807
v 0.365037 2.066332 -5.715576
v 0.365037 2.052907 -5.715576
v 0.746465 0.734499 -0.894964
v 0.750514 0.734499 -1.012029
v 0.802957 0.734499 -1.013869
v 0.807431 0.734499 -0.896899
v 0.746466 0.734499 -0.734456
v 0.807432 0.734499 -0.738204
v 0.772286 0.734499 -0.569352
v 0.781611 0.734499 -0.574484
v 0.746465 0.942514 -0.894964
v 0.750514 0.912788 -1.013217
v 0.802957 0.902852 -1.013869
v 0.807431 0.929885 -0.896899
v 0.746466 0.997624 -0.734456
v 0.807432 0.984774 -0.738204
v 0.772073 1.048934 -0.611220
v 0.772286 0.905859 -0.568689
v 0.781361 1.043665 -0.614090
v 0.781611 0.905527 -0.573822
v 0.770069 0.824977 -1.125848
v 0.770069 0.734499 -1.120497
v 0.784451 0.734499 -1.123906
v 0.784056 0.824354 -1.126984
v 0.780462 1.011328 -0.995531
v 0.808511 0.928854 -1.058284
v 0.785267 0.907253 -1.113394
v 0.776677 0.939227 -1.109669
v 0.746872 0.943095 -1.057551
v 0.770277 0.910759 -1.113403
v 1.545455 0.394089 -0.765176
v 1.596207 0.394089 -0.765176
v 1.596207 0.416787 -0.765176
v 1.545455 0.416787 -0.765176
v 1.596207 0.416787 -0.826787
v 1.545455 0.416787 -0.826787
v 1.596207 0.394089 -0.826787
v 1.545455 0.394089 -0.826787
v 1.633590 0.394089 -0.765176
v 1.633590 0.394089 -0.826787
v 1.639498 0.416787 -0.826787
v 1.639498 0.416787 -0.765176
v 1.617165 0.394089 -0.755557
v 1.617165 0.416787 -0.755557
v 1.598531 0.436285 -0.823480
v 1.598531 0.436285 -0.768483
v 1.617239 0.436285 -0.759896
v 1.617239 0.436285 -0.832067
v 1.617165 0.416787 -0.836406
v 1.617165 0.394089 -0.836406
v 1.596207 0.372314 -0.765176
v 1.596207 0.372314 -0.826787
v 1.617165 0.372314 -0.836406
v 1.617165 0.372314 -0.755557
v 1.637175 0.436285 -0.823480
v 1.637175 0.436285 -0.768483
v 1.633590 0.372314 -0.765176
v 1.633590 0.372314 -0.826787
v 1.502792 0.394089 -0.765176
v 1.502792 0.416787 -0.765176
v 1.452040 0.416787 -0.765176
v 1.452040 0.394089 -0.765176
v 1.502792 0.416787 -0.826787
v 1.452040 0.416787 -0.826787
v 1.502792 0.394089 -0.826787
v 1.452040 0.394089 -0.826787
v 1.414657 0.394089 -0.765176
v 1.408749 0.416787 -0.765176
v 1.408749 0.416787 -0.826787
v 1.414657 0.394089 -0.826787
v 1.432188 0.416787 -0.757454
v 1.432188 0.394089 -0.757454
v 1.449626 0.436285 -0.823352
v 1.431988 0.436285 -0.830213
v 1.431988 0.436285 -0.761750
v 1.449626 0.436285 -0.768611
v 1.432188 0.394089 -0.834509
v 1.432188 0.416787 -0.834509
v 1.452040 0.372314 -0.765176
v 1.432188 0.372314 -0.757454
v 1.432188 0.372314 -0.834509
v 1.452040 0.372314 -0.826787
v 1.411162 0.436285 -0.768611
v 1.411162 0.436285 -0.823352
v 1.414657 0.372314 -0.826787
v 1.414657 0.372314 -0.765176
v 1.531785 0.869803 -0.727151
v 1.554709 0.897610 -0.762653
v 1.123038 1.031747 -0.675579
v 1.123038 0.984492 -0.635102
v 0.388303 1.181984 -0.484451
v 0.389330 1.141060 -0.535142
v 0.776485 1.080377 -0.567518
v 0.391814 1.017103 -1.087131
v 0.383098 1.105590 -1.015779
v 0.396751 1.028802 -0.883691
v 0.396403 0.986978 -1.029500
v 0.393653 1.092323 -0.683202
v 0.373725 1.183675 -0.870404
v 0.781716 1.084568 -0.877622
v 0.380906 1.247632 -0.545550
v 0.777350 1.136651 -0.617917
v 1.525047 0.453935 -0.742922
v 1.546184 0.453935 -0.766194
v 1.506379 0.854661 -0.752530
v 1.503102 0.453935 -0.765370
v 1.525793 0.766845 -1.065383
v 1.546146 0.799695 -1.018549
v 1.545525 0.453935 -1.041368
v 1.525214 0.453935 -1.063008
v 1.504378 0.745379 -1.033360
v 1.502978 0.453935 -1.042581
v 1.505305 0.770482 -0.954671
v 1.501680 0.453935 -0.979257
v 1.505707 0.815856 -0.846594
v 1.502619 0.453935 -0.828672
v 1.552042 0.856724 -0.941388
v 1.546045 0.453935 -0.978692
v 1.524541 0.423352 -0.742974
v 1.545455 0.394089 -0.982334
v 1.596207 0.394089 -0.982334
v 1.596207 0.416787 -0.982334
v 1.545455 0.416787 -0.982334
v 1.596207 0.416787 -1.043945
v 1.545455 0.416787 -1.043945
v 1.596207 0.394089 -1.043945
v 1.545455 0.394089 -1.043945
v 1.633590 0.394089 -0.982334
v 1.633590 0.394089 -1.043945
v 1.639498 0.416787 -1.043945
v 1.639498 0.416787 -0.982334
v 1.596207 0.436285 -1.043945
v 1.596207 0.436285 -0.982334
v 1.639498 0.436285 -0.982334
v 1.639498 0.436285 -1.043945
v 1.596207 0.372314 -0.982334
v 1.596207 0.372314 -1.043945
v 1.633590 0.372314 -1.043945
v 1.633590 0.372314 -0.982334
v 1.502792 0.394089 -0.982334
v 1.502792 0.416787 -0.982334
v 1.452040 0.416787 -0.982334
v 1.452040 0.394089 -0.982334
v 1.502792 0.416787 -1.043945
v 1.452040 0.416787 -1.043945
v 1.502792 0.394089 -1.043945
v 1.452040 0.394089 -1.043945
v 1.414657 0.394089 -0.982334
v 1.408749 0.416787 -0.982334
v 1.408749 0.416787 -1.043945
v 1.414657 0.394089 -1.043945
v 1.452040 0.436285 -0.982334
v 1.452040 0.436285 -1.043945
v 1.408749 0.436285 -1.043945
v 1.408749 0.436285 -0.982334
v 1.452040 0.372314 -1.043945
v 1.452040 0.372314 -0.982334
v 1.414657 0.372314 -0.982334
v 1.414657 0.372314 -1.043945
v 1.525154 0.422964 -1.062838
v 1.118550 0.955754 -0.672350
v 1.127525 0.952383 -0.677290
v 1.093698 0.666345 -0.919438
v 1.097595 0.666345 -1.018774
v 1.148071 0.666345 -1.020975
v 1.152377 0.666345 -0.921301
v 1.093698 0.666345 -0.778074
v 1.152378 0.666345 -0.781681
v 1.118550 0.666345 -0.630631
v 1.127525 0.666345 -0.635571
v 1.097595 0.833071 -1.020348
v 1.093698 0.861683 -0.919438
v 1.093698 0.914726 -0.778074
v 1.152377 0.856376 -0.921301
v 1.148071 0.828057 -1.020975
v 1.152378 0.909207 -0.781681
v 1.123038 0.915300 -1.004228
v 1.123038 0.981472 -0.901661
v 1.118550 0.826403 -0.629993
v 1.127525 0.826082 -0.634933
v 1.149462 0.851846 -1.061085
v 1.116417 0.748727 -1.128756
v 1.116416 0.666345 -1.123606
v 1.130259 0.666345 -1.126887
v 1.129878 0.747954 -1.129850
v 1.131044 0.827744 -1.120372
v 1.122776 0.851471 -1.116787
v 1.098081 0.858894 -1.060645
v 1.116617 0.831119 -1.120381
v 0.307980 1.279026 -0.509837
v 0.324553 1.203619 -0.439654
v 0.325734 1.144591 -0.497881
v 0.328587 1.002207 -1.131927
v 0.318575 1.103848 -1.049968
v 0.333857 0.967604 -1.065730
v 0.307809 1.193541 -0.882983
v 0.334257 1.015645 -0.898245
v 0.330698 1.088609 -0.667951
v -0.742450 0.734499 -0.894964
v -0.803416 0.734499 -0.896899
v -0.798942 0.734499 -1.013869
v -0.746499 0.734499 -1.012030
v -0.742450 0.734499 -0.734456
v -0.803416 0.734499 -0.738204
v -0.768270 0.734499 -0.569352
v -0.777595 0.734499 -0.574484
v -0.742450 0.942514 -0.894964
v -0.746499 0.912788 -1.013217
v -0.798942 0.902852 -1.013869
v -0.803416 0.929885 -0.896899
v -0.742450 0.997623 -0.734456
v -0.803416 0.984774 -0.738204
v -0.768057 1.048934 -0.611220
v -0.768270 0.905859 -0.568689
v -0.777595 0.905527 -0.573822
v -0.777345 1.043665 -0.614090
v -0.766054 0.734499 -1.120497
v -0.766054 0.824977 -1.125848
v -0.780040 0.824354 -1.126984
v -0.780436 0.734499 -1.123906
v -0.776447 1.011328 -0.995531
v -0.772662 0.939227 -1.109669
v -0.781251 0.907253 -1.113394
v -0.804496 0.928854 -1.058284
v -0.742857 0.943095 -1.057551
v -0.766262 0.910759 -1.113403
v -1.541440 0.394089 -0.765176
v -1.541440 0.416787 -0.765176
v -1.592192 0.416787 -0.765176
v -1.592192 0.394089 -0.765176
v -1.541440 0.416787 -0.826787
v -1.592192 0.416787 -0.826787
v -1.541440 0.394089 -0.826787
v -1.592192 0.394089 -0.826787
v -1.629575 0.394089 -0.765176
v -1.635483 0.416787 -0.765176
v -1.635483 0.416787 -0.826787
v -1.629575 0.394089 -0.826787
v -1.613150 0.416787 -0.755557
v -1.613150 0.394089 -0.755557
v -1.594515 0.436285 -0.823480
v -1.613224 0.436285 -0.832067
v -1.613224 0.436285 -0.759896
v -1.594515 0.436285 -0.768483
v -1.613150 0.394089 -0.836406
v -1.613150 0.416787 -0.836406
v -1.592192 0.372314 -0.765176
v -1.613150 0.372314 -0.755557
v -1.613150 0.372314 -0.836406
v -1.592192 0.372314 -0.826787
v -1.633160 0.436285 -0.768483
v -1.633160 0.436285 -0.823480
v -1.629575 0.372314 -0.826787
v -1.629575 0.372314 -0.765176
v -1.498776 0.394089 -0.765176
v -1.448024 0.394089 -0.765176
v -1.448024 0.416787 -0.765176
v -1.498776 0.416787 -0.765176
v -1.448024 0.416787 -0.826787
v -1.498776 0.416787 -0.826787
v -1.448024 0.394089 -0.826787
v -1.498776 0.394089 -0.826787
v -1.410642 0.394089 -0.765176
v -1.410642 0.394089 -0.826787
v -1.404733 0.416786 -0.826787
v -1.404733 0.416786 -0.765176
v -1.428172 0.394089 -0.757454
v -1.428172 0.416787 -0.757454
v -1.445611 0.436285 -0.823352
v -1.445611 0.436285 -0.768611
v -1.427973 0.436285 -0.761750
v -1.427972 0.436285 -0.830213
v -1.428172 0.416787 -0.834509
v -1.428172 0.394089 -0.834509
v -1.448024 0.372314 -0.765176
v -1.448024 0.372314 -0.826787
v -1.428172 0.372314 -0.834509
v -1.428172 0.372314 -0.757454
v -1.407147 0.436285 -0.823352
v -1.407147 0.436285 -0.768611
v -1.410642 0.372314 -0.765176
v -1.410642 0.372314 -0.826787
v -1.527770 0.869803 -0.727151
v -1.119022 0.984492 -0.635102
v -1.119022 1.031747 -0.675579
v -1.550693 0.897610 -0.762653
v -0.384288 1.181983 -0.484451
v -0.772470 1.080377 -0.567518
v -0.385315 1.141060 -0.535142
v -0.379083 1.105590 -1.015779
v -0.387799 1.017103 -1.087131
v -0.392735 1.028802 -0.883691
v -0.392388 0.986978 -1.029500
v -0.389637 1.092323 -0.683202
v -0.777700 1.084568 -0.877622
v -0.369710 1.183675 -0.870404
v -0.773335 1.136651 -0.617917
v -0.376891 1.247632 -0.545550
v -1.542169 0.453935 -0.766194
v -1.521032 0.453935 -0.742922
v -1.499087 0.453935 -0.765370
v -1.502363 0.854661 -0.752530
v -1.521777 0.766845 -1.065383
v -1.521198 0.453935 -1.063008
v -1.541509 0.453935 -1.041368
v -1.542131 0.799695 -1.018549
v -1.500362 0.745379 -1.033360
v -1.498963 0.453935 -1.042581
v -1.501289 0.770482 -0.954671
v -1.497665 0.453935 -0.979257
v -1.501692 0.815856 -0.846594
v -1.498604 0.453935 -0.828672
v -1.542030 0.453935 -0.978692
v -1.548026 0.856724 -0.941388
v -1.520526 0.423352 -0.742974
v -1.541440 0.394089 -0.982334
v -1.541440 0.416787 -0.982334
v -1.592192 0.416787 -0.982334
v -1.592192 0.394089 -0.982334
v -1.541440 0.416787 -1.043945
v -1.592192 0.416787 -1.043945
v -1.541440 0.394089 -1.043945
v -1.592192 0.394089 -1.043945
v -1.629575 0.394089 -0.982334
v -1.635483 0.416787 -0.982334
v -1.635483 0.416787 -1.043945
v -1.629575 0.394089 -1.043945
v -1.592192 0.436285 -1.043945
v -1.635483 0.436285 -1.043945
v -1.635483 0.436285 -0.982334
v -1.592192 0.436285 -0.982334
v -1.592192 0.372314 -0.982334
v -1.629575 0.372314 -0.982334
v -1.629575 0.372314 -1.043945
v -1.592192 0.372314 -1.043945
v -1.498776 0.394089 -0.982334
v -1.448024 0.394089 -0.982334
v -1.448024 0.416787 -0.982334
v -1.498776 0.416787 -0.982334
v -1.448024 0.416787 -1.043945
v -1.498776 0.416787 -1.043945
v -1.448024 0.394089 -1.043945
v -1.498776 0.394089 -1.043945
v -1.410642 0.394089 -0.982334
v -1.410642 0.394089 -1.043945
v -1.404733 0.416787 -1.043945
v -1.404733 0.416787 -0.982334
v -1.448024 0.436285 -0.982334
v -1.404733 0.436285 -0.982334
v -1.404734 0.436285 -1.043945
v -1.448024 0.436285 -1.043945
v -1.448024 0.372314 -1.043945
v -1.410642 0.372314 -1.043945
v -1.410642 0.372314 -0.982334
v -1.448024 0.372314 -0.982334
v -1.521139 0.422964 -1.062838
v -1.123510 0.952383 -0.677290
v -1.114535 0.955753 -0.672350
v -1.089682 0.666345 -0.919438
v -1.148362 0.666345 -0.921301
v -1.144056 0.666345 -1.020975
v -1.093579 0.666345 -1.018774
v -1.089683 0.666345 -0.778074
v -1.148362 0.666345 -0.781681
v -1.114535 0.666345 -0.630631
v -1.123510 0.666345 -0.635571
v -1.089682 0.861683 -0.919438
v -1.093579 0.833071 -1.020348
v -1.089683 0.914726 -0.778074
v -1.148362 0.856376 -0.921301
v -1.144056 0.828057 -1.020975
v -1.148362 0.909208 -0.781681
v -1.119022 0.915300 -1.004228
v -1.119022 0.981473 -0.901661
v -1.114535 0.826403 -0.629993
v -1.123510 0.826082 -0.634933
v -1.145447 0.851846 -1.061085
v -1.112401 0.666345 -1.123606
v -1.112401 0.748727 -1.128756
v -1.125863 0.747954 -1.129850
v -1.126244 0.666345 -1.126887
v -1.118761 0.851471 -1.116787
v -1.127028 0.827744 -1.120372
v -1.094066 0.858894 -1.060645
v -1.112601 0.831119 -1.120381
v -0.320538 1.203619 -0.439654
v -0.303964 1.279026 -0.509837
v -0.321718 1.144591 -0.497881
v -0.314559 1.103848 -1.049968
v -0.324571 1.002207 -1.131927
v -0.329842 0.967604 -1.065730
v -0.303793 1.193541 -0.882983
v -0.330241 1.015645 -0.898245
v -0.326683 1.088609 -0.667951
v 0.269842 0.771440 1.815109
v 0.236370 0.831925 1.865967
v 0.241419 0.715591 1.901563
v 0.214139 0.761296 1.988551
v 0.180965 0.876674 1.968116
v 0.150817 0.633539 2.011853
v 0.215548 0.658555 2.007310
v 0.095537 0.955421 1.953966
v 0.054528 0.666750 2.005797
v 0.000463 0.970863 1.951191
v 0.000463 0.669021 2.005389
v 0.113167 1.014421 1.874176
v 0.000463 1.037251 1.877960
v 0.248367 0.918895 1.757990
v 0.201078 0.951249 1.863420
v 0.283479 0.858520 1.689324
v 0.000463 1.122699 1.751078
v 0.096152 1.098920 1.755436
v 0.107571 1.153741 1.606853
v 0.000463 1.176630 1.609540
v 0.196009 1.026485 1.711565
v 0.275497 0.922543 1.605357
v 0.239674 0.988651 1.483927
v 0.193146 1.069642 1.540280
v 0.000463 1.171874 1.437056
v 0.085170 1.155319 1.428320
v 0.170355 1.086317 1.402354
v 0.212235 1.032557 1.379333
v 0.000463 1.169620 1.334149
v 0.065241 1.154081 1.337925
v 0.182469 1.131376 1.324116
v 0.189866 1.198148 1.286391
v 0.208584 1.086798 1.301954
v 0.216094 1.120211 1.236436
v 0.199407 1.240411 1.170409
v 0.171929 1.276312 1.251889
v 0.000463 1.356850 1.220791
v 0.086291 1.347259 1.222775
v 0.168696 1.326733 1.080026
v 0.247125 1.171515 1.127865
v 0.263168 1.221346 0.999980
v 0.272341 0.658723 1.868103
v 0.306153 0.690071 1.761169
v 0.000463 1.391443 1.104481
v 0.157620 1.348673 0.929666
v 0.256318 1.228215 0.871911
v 0.222030 1.400167 0.775119
v 0.261730 1.404643 0.728686
v 0.268338 1.483388 0.700923
v 0.246785 1.481322 0.744639
v 0.227220 1.477573 0.752254
v 0.202945 1.415859 0.772444
v 0.146174 1.360158 0.788292
v 0.206838 1.334988 0.742389
v 0.145448 1.385730 0.784242
v 0.079925 1.372748 0.784636
v 0.094156 1.394919 0.777654
v 0.035491 1.413031 0.771136
v 0.022577 1.460468 0.757073
v 0.000463 1.388612 0.751204
v 0.055779 1.423236 0.770410
v 0.044782 1.466393 0.749923
v 0.039623 1.524335 0.735024
v 0.000463 1.532017 0.690981
v 0.056295 1.509249 0.734239
v 0.087541 1.563587 0.720098
v 0.081183 1.575607 0.667510
v 0.093137 1.542006 0.721891
v 0.141640 1.583669 0.666370
v 0.141489 1.575439 0.632085
v 0.079019 1.570964 0.636362
v 0.141960 1.573877 0.714635
v 0.141066 1.553988 0.720145
v 0.208986 1.551183 0.716892
v 0.224139 1.552570 0.674270
v 0.197087 1.534176 0.730994
v 0.221768 1.535121 0.640954
v 0.313143 0.744389 1.597144
v 0.224209 1.000171 1.248190
v 0.232492 0.947251 1.324437
v 0.289751 0.812945 1.494007
v 0.340324 0.739624 1.427594
v 0.265253 0.887989 1.405439
v 0.385141 0.711463 1.223322
v 0.398836 0.736164 1.118840
v 0.313979 0.922773 1.174799
v 0.320700 0.833901 1.301841
v 0.246773 1.024345 1.132931
v 0.280257 1.052377 1.012524
v 0.299768 1.073450 0.903122
v 0.289364 1.087142 0.813235
v 0.331412 0.962181 0.997336
v 0.406045 0.761537 0.968781
v 0.400453 0.751395 0.818257
v 0.367606 0.942870 0.825552
v 0.388382 0.559522 1.367578
v 0.370859 0.577595 1.581012
v 0.352360 0.576420 1.731571
v 0.332033 0.568277 1.859335
v 0.257751 0.559545 1.979364
v 0.201800 0.581016 2.028434
v 0.000463 0.575020 2.085921
v 0.119611 0.579731 2.066431
v 0.404163 0.553937 0.974701
v 0.400441 0.551965 0.814961
v 0.398590 0.560533 1.130439
v 0.000463 0.465524 2.109985
v 0.128272 0.465743 2.099400
v 0.000463 0.463329 1.843508
v 0.082909 0.463255 1.828761
v 0.203005 0.464728 2.044832
v 0.382346 0.475647 1.560982
v 0.364974 0.443754 1.347127
v 0.359312 0.474362 1.691011
v 0.354270 0.410860 1.692070
v 0.362806 0.420053 1.565598
v 0.331128 0.477154 1.826543
v 0.289804 0.477646 1.964336
v 0.338289 0.416882 1.833487
v 0.287208 0.415394 1.950781
v 0.000463 1.407931 0.952141
v 0.235846 1.220463 0.757315
v 0.139820 1.326565 0.783976
v 0.000463 1.383664 0.798391
v 0.205193 0.419370 2.014702
v 0.262187 0.343826 1.932911
v 0.237166 0.322894 1.915040
v 0.239826 0.309175 1.767800
v 0.293349 0.342404 1.796559
v 0.264679 1.464944 0.667686
v 0.250010 1.384998 0.689453
v 0.215238 1.330677 0.727897
v 0.000463 1.536859 0.666147
v 0.285787 1.271149 0.650456
v 0.294628 1.100865 0.732220
v 0.334694 1.126972 0.618409
v 0.360639 0.961220 0.708382
v 0.384153 0.778591 0.682596
v 0.390456 0.977272 0.566996
v 0.390701 0.582111 0.670179
v 0.421175 0.787436 0.513953
v 0.426507 0.614329 0.504244
v 0.426587 0.882613 0.292946
v 0.443692 0.621844 0.269480
v 0.000463 1.559481 0.565594
v 0.133794 1.578495 0.556473
v 0.106084 1.592914 0.347584
v 0.000463 1.565852 0.334037
v 0.209306 1.522550 0.546644
v 0.197392 1.537972 0.337675
v 0.264502 1.463984 0.553407
v 0.262006 1.452192 0.341744
v 0.295374 1.310467 0.548346
v 0.356643 1.144648 0.408131
v 0.303369 1.310706 0.346267
v 0.113826 1.605418 0.201745
v 0.000463 1.580930 0.201546
v 0.169039 1.664839 0.197031
v 0.101814 1.720938 0.197041
v 0.092415 1.656783 0.194981
v 0.196219 1.556000 0.196374
v 0.264251 1.440509 0.140592
v 0.304508 1.302266 0.091059
v 0.372645 1.140512 0.033141
v 0.434939 0.877543 -0.000658
v 0.450294 0.618793 -0.006336
v 0.000463 1.742675 0.197837
v 0.000463 1.656837 0.194395
v 0.095768 1.764662 -0.082244
v 0.101814 1.768495 0.197041
v 0.157406 1.712396 0.197031
v 0.151158 1.701410 -0.040900
v 0.000463 1.779993 -0.090184
v 0.000463 1.790232 0.197837
v 0.000463 1.780815 -0.318190
v 0.000463 1.732097 -0.294789
v 0.086904 1.723556 -0.309065
v 0.086575 1.739443 -0.670855
v 0.000463 1.773001 -0.638002
v 0.140209 1.662775 -0.296109
v 0.150263 1.656828 -0.661412
v 0.435415 0.875341 -0.324772
v 0.449927 0.615624 -0.353669
v 0.366703 1.150386 -0.307603
v 0.306046 1.291533 -0.307992
v 0.262772 1.440695 -0.290851
v 0.162328 1.654742 -0.094316
v 0.192832 1.577087 -0.300810
v 0.450098 0.625578 -0.714848
v 0.435557 0.881840 -0.665115
v 0.371044 1.142830 -0.633828
v 0.307848 1.282084 -0.630111
v 0.261056 1.441921 -0.610642
v 0.205536 1.576160 -0.616947
v 0.090388 1.703373 -0.913692
v 0.000463 1.723070 -0.917225
v 0.162167 1.640608 -0.917024
v 0.000463 1.644261 -1.236786
v 0.098182 1.634384 -1.203409
v 0.060938 1.561766 -1.548004
v 0.000463 1.561756 -1.537229
v 0.000463 1.571199 -1.468720
v 0.108428 1.561981 -1.450702
v 0.122330 1.550230 -1.437880
v 0.113721 1.561833 -1.592957
v 0.089917 1.565992 -1.594482
v 0.093614 1.563042 -1.653002
v 0.121526 1.557658 -1.661300
v 0.086968 1.561368 -1.720306
v 0.062745 1.564652 -1.691304
v 0.000463 1.561666 -1.742995
v 0.000463 1.565760 -1.715554
v 0.121536 1.494045 -1.578283
v 0.178526 1.513076 -1.438787
v 0.119722 1.476753 -1.642585
v 0.000463 1.443935 -1.713012
v 0.083661 1.452892 -1.692011
v 0.000463 1.448705 -1.757576
v 0.113103 1.431316 -1.777674
v 0.226995 1.348729 -1.776662
v 0.430728 0.653214 -1.068612
v 0.421046 0.883613 -0.904600
v 0.166833 1.588191 -1.198842
v 0.259775 1.305480 -1.494519
v 0.361334 1.004026 -1.795566
v 0.345748 1.066826 -1.550194
v 0.356539 1.145418 -0.900608
v 0.378360 0.849867 -1.585710
v 0.404381 0.902512 -1.199155
v 0.350515 1.118025 -1.203621
v 0.223363 1.568002 -0.960483
v 0.263971 1.454173 -0.891924
v 0.270134 1.376747 -1.204613
v 0.309832 1.269561 -0.906018
v 0.363952 0.405328 1.479894
v 0.343232 0.634552 -1.649494
v 0.341188 0.753071 -1.822981
v 0.398206 0.473771 -1.230517
v 0.000463 0.603099 -1.837044
v 0.000463 0.523554 -1.643758
v 0.419191 0.463494 -0.748789
v 0.000463 0.377752 -1.236966
v 0.417757 0.458487 -0.364722
v 0.000463 0.373716 -0.761789
v 0.413034 0.452267 -0.021882
v 0.000463 0.371319 -0.388990
v 0.402170 0.443141 0.248501
v 0.000463 0.367959 -0.017820
v 0.379620 0.437294 0.466448
v 0.000463 0.366765 0.242301
v 0.000463 0.363262 0.450400
v 0.357670 0.435879 0.659860
v 0.382563 0.442915 0.805526
v 0.000463 0.359667 0.664505
v 0.384852 0.443473 0.973713
v 0.000463 0.368263 0.817128
v 0.374928 0.435311 1.156718
v 0.000463 0.369322 0.980758
v 0.000463 0.369728 1.148989
v 0.272810 0.332256 1.477781
v 0.300125 0.338124 1.563663
v 0.237444 0.306832 1.569630
v 0.163457 0.292517 1.475247
v 0.152960 0.404253 1.332298
v 0.239198 0.346385 1.396764
v 0.089471 0.290853 1.399183
v 0.128266 0.434625 1.850776
v 0.207281 0.373077 1.977809
v 0.205299 0.326784 1.954444
v 0.247327 0.869635 -3.197102
v 0.257515 1.067179 -3.183479
v 0.000463 0.760815 -3.204607
v 0.000463 2.488181 -5.558445
v 0.040837 2.481071 -5.589875
v 0.034567 2.429575 -5.805557
v 0.000463 2.433415 -5.809097
v 0.050868 1.253467 -5.082972
v 0.071530 1.239687 -5.072639
v 0.049985 1.180222 -5.570835
v 0.049768 1.190230 -5.571056
v 0.099533 1.159097 -4.933086
v 0.049423 1.161307 -5.572783
v 0.129308 1.143881 -4.930389
v 0.061594 1.129730 -5.575794
v 0.115270 1.032561 -4.937790
v 0.058992 1.097313 -5.579336
v 0.000463 0.984049 -4.932247
v 0.000463 1.077940 -5.615172
v 0.000463 1.274564 -4.681011
v 0.046868 1.267961 -4.714017
v 0.000463 1.194041 -5.595065
v 0.000463 2.377733 -6.007258
v 0.023079 2.373631 -5.982341
v 0.000463 1.286726 -4.412311
v 0.052350 1.280630 -4.412311
v 0.081043 1.250619 -4.714690
v 0.101045 1.228562 -4.412311
v 0.109243 1.161163 -4.749307
v 0.791813 1.159580 -4.831735
v 0.802675 1.140354 -4.833474
v 0.775136 1.143656 -4.887444
v 0.765995 1.158974 -4.880546
v 0.133514 1.140242 -4.789298
v 0.152753 0.989501 -4.436480
v 0.000463 0.923700 -4.452774
v 0.152332 1.131662 -4.455842
v 0.893983 1.129406 -4.636655
v 0.884701 1.161760 -4.637078
v 0.127595 1.163968 -4.457649
v -0.112241 1.014421 1.874176
v -0.094612 0.955421 1.953966
v -0.247441 0.918895 1.757990
v -0.235444 0.831925 1.865967
v -0.200152 0.951249 1.863420
v -0.282553 0.858520 1.689324
v -0.268916 0.771440 1.815109
v -0.095226 1.098920 1.755436
v -0.106645 1.153741 1.606853
v -0.195083 1.026485 1.711565
v -0.274571 0.922542 1.605357
v -0.180039 0.876674 1.968116
v -0.213213 0.761296 1.988551
v -0.192220 1.069642 1.540280
v -0.238748 0.988651 1.483927
v -0.084244 1.155319 1.428320
v -0.169429 1.086317 1.402354
v -0.211309 1.032557 1.379333
v -0.064316 1.154081 1.337925
v -0.181544 1.131376 1.324116
v -0.188940 1.198148 1.286391
v -0.207658 1.086798 1.301954
v -0.215168 1.120211 1.236435
v -0.198481 1.240411 1.170409
v -0.171003 1.276312 1.251889
v -0.085365 1.347259 1.222775
v -0.167770 1.326733 1.080026
v -0.246199 1.171515 1.127865
v -0.262242 1.221346 0.999980
v -0.053602 0.666750 2.005797
v -0.149891 0.633539 2.011853
v -0.214622 0.658555 2.007310
v -0.240493 0.715591 1.901563
v -0.271415 0.658723 1.868103
v -0.305227 0.690070 1.761169
v -0.156694 1.348673 0.929666
v -0.255392 1.228215 0.871911
v -0.221104 1.400167 0.775119
v -0.245859 1.481322 0.744639
v -0.267412 1.483388 0.700923
v -0.260805 1.404643 0.728686
v -0.202019 1.415859 0.772444
v -0.226294 1.477573 0.752254
v -0.145248 1.360158 0.788292
v -0.205912 1.334988 0.742389
v -0.144522 1.385730 0.784242
v -0.079000 1.372748 0.784637
v -0.093230 1.394919 0.777654
v -0.034565 1.413031 0.771136
v -0.021651 1.460468 0.757073
v -0.054853 1.423236 0.770410
v -0.043856 1.466393 0.749923
v -0.038697 1.524335 0.735024
v -0.055369 1.509249 0.734239
v -0.086615 1.563586 0.720098
v -0.080257 1.575607 0.667510
v -0.092211 1.542006 0.721891
v -0.141034 1.573877 0.714635
v -0.146732 1.583695 0.666350
v -0.140140 1.553987 0.720145
v -0.208060 1.551183 0.716892
v -0.223213 1.552570 0.674270
v -0.196161 1.534176 0.730994
v -0.312217 0.744389 1.597144
v -0.223283 1.000171 1.248190
v -0.231566 0.947251 1.324437
v -0.288825 0.812945 1.494007
v -0.339398 0.739624 1.427594
v -0.264327 0.887989 1.405439
v -0.384215 0.711463 1.223322
v -0.319774 0.833901 1.301841
v -0.313053 0.922773 1.174799
v -0.397910 0.736164 1.118840
v -0.245847 1.024345 1.132931
v -0.298842 1.073450 0.903122
v -0.279331 1.052377 1.012524
v -0.288438 1.087142 0.813235
v -0.330486 0.962181 0.997336
v -0.405120 0.761537 0.968781
v -0.366680 0.942870 0.825552
v -0.399527 0.751395 0.818257
v -0.387456 0.559522 1.367578
v -0.369933 0.577595 1.581012
v -0.351434 0.576420 1.731571
v -0.331107 0.568277 1.859335
v -0.264256 0.559545 1.979364
v -0.202528 0.581016 2.036944
v -0.118685 0.579731 2.066431
v -0.403237 0.553937 0.974701
v -0.399515 0.551965 0.814961
v -0.397664 0.560533 1.130439
v -0.127347 0.465743 2.099400
v -0.081983 0.463255 1.828761
v -0.191565 0.464727 2.046283
v -0.364048 0.443754 1.375115
v -0.385067 0.476615 1.560982
v -0.362034 0.475330 1.691011
v -0.353344 0.381953 1.692070
v -0.361880 0.391146 1.565598
v -0.278602 0.298619 1.575692
v -0.280070 0.300037 1.706435
v -0.333849 0.478123 1.826543
v -0.299956 0.478615 1.964336
v -0.263679 0.301172 1.796868
v -0.337363 0.387975 1.833487
v -0.286283 0.415394 1.950781
v -0.138894 1.326565 0.783976
v -0.234921 1.220463 0.757315
v -0.181314 0.419370 2.014702
v -0.253897 0.317876 1.915040
v -0.078093 1.570964 0.636362
v -0.145400 1.575447 0.632074
v -0.220842 1.535121 0.640954
v -0.263753 1.464944 0.667686
v -0.249084 1.384998 0.689453
v -0.214313 1.330677 0.727897
v -0.284861 1.271149 0.650456
v -0.293703 1.100865 0.732220
v -0.333768 1.126972 0.618409
v -0.359713 0.961220 0.708382
v -0.383227 0.778591 0.682596
v -0.389530 0.977272 0.566996
v -0.389775 0.582111 0.670179
v -0.420249 0.787436 0.513953
v -0.425581 0.614329 0.504244
v -0.425661 0.882613 0.292946
v -0.442766 0.621844 0.269480
v -0.129557 1.578519 0.556497
v -0.105158 1.592914 0.347584
v -0.208380 1.522550 0.546644
v -0.196466 1.537972 0.337675
v -0.263576 1.463984 0.553407
v -0.261080 1.452192 0.341744
v -0.294448 1.310467 0.548346
v -0.355717 1.144648 0.408131
v -0.302444 1.310706 0.346267
v -0.112900 1.605418 0.201745
v -0.168113 1.664839 0.197031
v -0.091489 1.656783 0.194981
v -0.100888 1.720938 0.197041
v -0.195293 1.556000 0.196374
v -0.263325 1.440509 0.140592
v -0.303583 1.302266 0.091059
v -0.371719 1.140512 0.033141
v -0.434014 0.877543 -0.000658
v -0.449368 0.618793 -0.006336
v -0.093433 1.764854 -0.082118
v -0.147882 1.701401 -0.041274
v -0.156480 1.712396 0.197031
v -0.100888 1.768495 0.197041
v -0.085978 1.723556 -0.309065
v -0.085649 1.739443 -0.670855
v -0.149337 1.656828 -0.661412
v -0.139283 1.662775 -0.296109
v -0.434489 0.875341 -0.324772
v -0.449001 0.615624 -0.353669
v -0.365777 1.150386 -0.307603
v -0.305120 1.291533 -0.307992
v -0.261846 1.440695 -0.290851
v -0.158878 1.654733 -0.094690
v -0.191906 1.577087 -0.300810
v -0.434631 0.881840 -0.665115
v -0.449172 0.625578 -0.714848
v -0.370118 1.142830 -0.633828
v -0.306922 1.282084 -0.630111
v -0.260131 1.441921 -0.610642
v -0.204610 1.576160 -0.616947
v -0.089462 1.703373 -0.913692
v -0.161241 1.640608 -0.917024
v -0.097256 1.634384 -1.203409
v -0.060012 1.561766 -1.548004
v -0.107502 1.561981 -1.450702
v -0.121404 1.550230 -1.437880
v -0.112795 1.561833 -1.592957
v -0.088991 1.565992 -1.594482
v -0.092688 1.563041 -1.653002
v -0.120600 1.557658 -1.661300
v -0.086042 1.561368 -1.720306
v -0.061820 1.564652 -1.691304
v -0.120610 1.494045 -1.578283
v -0.177600 1.513076 -1.438787
v -0.118796 1.476753 -1.642585
v -0.082735 1.452892 -1.692011
v -0.112177 1.431316 -1.777674
v -0.226069 1.348729 -1.776662
v -0.429802 0.653214 -1.068612
v -0.420120 0.883613 -0.904600
v -0.165907 1.588191 -1.198841
v -0.258849 1.305480 -1.494519
v -0.360409 1.004026 -1.795566
v -0.344822 1.066826 -1.550194
v -0.355613 1.145418 -0.900608
v -0.377434 0.849867 -1.585710
v -0.349589 1.118025 -1.203621
v -0.403455 0.902512 -1.199155
v -0.222437 1.568002 -0.960483
v -0.263045 1.454173 -0.891924
v -0.269208 1.376747 -1.204613
v -0.308906 1.269561 -0.906018
v -0.342306 0.634552 -1.649494
v -0.340262 0.753071 -1.822981
v -0.397280 0.473771 -1.230517
v -0.418265 0.463494 -0.748789
v -0.416831 0.458487 -0.364722
v -0.412108 0.452267 -0.021882
v -0.401244 0.443141 0.248501
v -0.378694 0.437294 0.466448
v -0.356744 0.435879 0.659860
v -0.381637 0.442915 0.805526
v -0.383926 0.443473 0.973713
v -0.374002 0.435311 1.156718
v -0.304845 0.364237 1.444469
v -0.254561 0.296697 1.479282
v -0.182265 0.323428 1.423191
v 0.000569 0.288712 1.398155
v -0.090078 0.279694 1.474686
v -0.176765 0.288655 1.477108
v 0.000463 0.375841 1.321632
v -0.130902 0.369103 1.340907
v -0.127340 0.434625 1.850777
v -0.158269 0.326658 1.952302
v -0.132851 0.317484 1.888427
v -0.099700 0.297514 1.805119
v -0.045942 1.267961 -4.714017
v -0.051424 1.280630 -4.412311
v -0.080118 1.250619 -4.714690
v -0.100119 1.228562 -4.412311
v -0.126669 1.163968 -4.457649
v -0.151406 1.131662 -4.455842
v -0.256589 1.067179 -3.183479
v -0.246401 0.869635 -3.197102
v -0.022153 2.373631 -5.982341
v -0.033641 2.429574 -5.805557
v -0.049942 1.253467 -5.082972
v -0.048843 1.190230 -5.571056
v -0.049055 1.180410 -5.570839
v -0.070604 1.239687 -5.072639
v -0.048497 1.161307 -5.572783
v -0.098607 1.159097 -4.933086
v -0.060669 1.129730 -5.575793
v -0.128382 1.143881 -4.930389
v -0.058066 1.097313 -5.579336
v -0.114345 1.032561 -4.937790
v -0.039911 2.481071 -5.589875
v -0.883775 1.161760 -4.637078
v -0.789051 1.159579 -4.831693
v -0.799454 1.140379 -4.833466
v -0.893057 1.129406 -4.636655
v -0.135226 1.140249 -4.789335
v -0.151827 0.989501 -4.436480
v -0.110574 1.161174 -4.749314
v -0.774210 1.143656 -4.887444
v -0.765069 1.158974 -4.880546
v 0.165954 0.272236 1.844086
v 0.000950 0.447351 1.739267
v 0.084594 0.432128 1.744796
v 0.000950 0.281451 1.592795
v 0.086750 0.283881 1.592993
v 0.164705 0.282377 1.659667
v 0.240078 0.308146 1.664006
v 0.304084 0.340401 1.679736
v 0.335641 0.312902 1.607588
v 0.290266 0.297912 1.602185
v 0.327834 0.319949 1.683436
v 0.277388 0.303284 1.677429
v 0.267607 0.303253 1.759866
v 0.319387 0.320358 1.766031
v -0.085120 0.432526 1.774113
v -0.188473 0.299495 1.823449
v -0.196736 0.311601 1.859886
v -0.254561 0.176752 1.515503
v -0.183182 0.176752 1.513342
v -0.182027 0.165102 1.586034
v -0.278602 0.165102 1.575692
v -0.280070 0.165102 1.706435
v -0.184181 0.165102 1.680111
v -0.187664 0.165102 1.823790
v -0.263679 0.165102 1.796868
v -0.088445 0.288013 1.689228
v -0.085606 0.283314 1.596376
v -0.085606 0.165102 1.596376
v -0.090078 0.176752 1.510908
v -0.099700 0.165102 1.805119
v -0.088445 0.165102 1.689228
v 0.000463 1.179749 -5.602457
v 0.000463 1.160413 -5.621930
v 0.000463 1.129218 -5.625826
v 0.060938 1.637840 -1.548004
v 0.000463 1.637831 -1.537229
v 0.089917 1.642066 -1.594482
v 0.093614 1.639116 -1.653002
v 0.062745 1.640726 -1.691304
v 0.000463 1.641834 -1.715554
v -0.060012 1.637840 -1.548004
v -0.088991 1.642066 -1.594482
v -0.092688 1.639115 -1.653002
v -0.061820 1.640726 -1.691304
v 0.060938 1.721430 -1.548004
v 0.000463 1.721421 -1.537229
v 0.089917 1.725656 -1.594482
v 0.093614 1.722706 -1.653002
v 0.062745 1.724316 -1.691304
v 0.000463 1.725425 -1.715554
v -0.060012 1.721430 -1.548004
v -0.088991 1.725656 -1.594482
v -0.092688 1.722706 -1.653002
v -0.061820 1.724316 -1.691304
v 0.001470 1.750142 -1.595583
v 0.002443 1.751400 -1.651990
v 0.332006 0.257259 1.515115
v 0.323889 0.245948 1.513699
v 0.303009 0.251412 1.524720
v 0.318449 0.272928 1.527414
v 0.324066 0.232043 1.512992
v 0.303345 0.224963 1.523375
v 0.332468 0.220855 1.513265
v 0.319327 0.203682 1.523894
v 0.345887 0.216658 1.514413
v 0.344851 0.195700 1.526077
v 0.359197 0.221055 1.515997
v 0.370168 0.204063 1.529092
v 0.367314 0.232367 1.517413
v 0.385608 0.225579 1.531785
v 0.367138 0.246272 1.518120
v 0.385272 0.252028 1.533130
v 0.358735 0.257460 1.517848
v 0.369290 0.273309 1.532611
v 0.345316 0.261656 1.516700
v 0.343766 0.281292 1.530428
v 0.280465 0.256445 1.554440
v 0.303136 0.288039 1.558396
v 0.280957 0.217606 1.552466
v 0.304426 0.186358 1.553227
v 0.341906 0.174636 1.556433
v 0.379081 0.186917 1.560859
v 0.401753 0.218511 1.564815
v 0.401260 0.257349 1.566789
v 0.377792 0.288598 1.566028
v 0.340312 0.300320 1.562822
v 0.262595 0.259351 1.597357
v 0.263196 0.211947 1.594948
v 0.291841 0.173807 1.595877
v 0.337587 0.159499 1.599790
v 0.382961 0.174489 1.605193
v 0.410632 0.213051 1.610021
v 0.410031 0.260455 1.612430
v 0.381387 0.298594 1.611501
v 0.246624 0.260413 1.672062
v 0.277388 0.303284 1.677429
v 0.247293 0.207711 1.669383
v 0.279138 0.165308 1.670416
v 0.329997 0.149402 1.674766
v 0.380443 0.166067 1.680773
v 0.411207 0.208938 1.686140
v 0.410538 0.261640 1.688819
v 0.378693 0.304042 1.687786
v 0.236029 0.259247 1.754357
v 0.236715 0.205151 1.751607
v 0.269403 0.161627 1.752667
v 0.321607 0.145300 1.757133
v 0.373387 0.162406 1.763298
v 0.404965 0.206411 1.768808
v 0.404279 0.260507 1.771557
v 0.371591 0.304031 1.770497
v 0.242217 0.254554 1.788021
v 0.270231 0.293593 1.792909
v 0.242825 0.206563 1.785582
v 0.271824 0.167951 1.786523
v 0.318137 0.153466 1.790484
v 0.364073 0.168642 1.795953
v 0.392086 0.207680 1.800841
v 0.391478 0.255671 1.803281
v 0.362479 0.294283 1.802340
v 0.316167 0.308768 1.798378
v 0.260053 0.246786 1.815843
v 0.280407 0.275149 1.819394
v 0.260496 0.211919 1.814071
v 0.281564 0.183865 1.814754
v 0.315212 0.173342 1.817633
v 0.348587 0.184367 1.821606
v 0.368940 0.212731 1.825158
v 0.368498 0.247598 1.826930
v 0.347429 0.275651 1.826247
v 0.313781 0.286175 1.823368
v 0.284170 0.237838 1.834790
v 0.294870 0.252750 1.836656
v 0.284402 0.219507 1.833858
v 0.295479 0.204759 1.834217
v 0.313168 0.199226 1.835730
v 0.330714 0.205022 1.837819
v 0.341415 0.219934 1.839686
v 0.341182 0.238265 1.840618
v 0.330106 0.253013 1.840259
v 0.312416 0.258546 1.838746
v 0.346047 0.239385 1.511181
v 0.312205 0.228585 1.843005
v 0.000463 1.365763 -3.162886
v 0.082880 1.354479 -3.163665
v 0.163975 1.286281 -3.168368
v -0.081954 1.354479 -3.163665
v -0.163049 1.286281 -3.168368
v 0.095768 1.717994 -0.135661
v 0.000463 1.733325 -0.143600
v -0.093433 1.718186 -0.135534
v 0.695369 0.227944 -1.353008
v 0.695369 0.246074 -1.310128
v 0.699071 0.172269 -1.302268
v 0.695369 0.236013 -1.264246
v 0.695369 0.201605 -1.232887
v 0.695369 0.155990 -1.228029
v 0.695370 0.116594 -1.251527
v 0.695369 0.098464 -1.294407
v 0.695370 0.108525 -1.340290
v 0.695369 0.142933 -1.371649
v 0.695369 0.188548 -1.376507
v 0.534365 0.227944 -1.353008
v 0.533164 0.246074 -1.310128
v 0.531875 0.236013 -1.264245
v 0.530992 0.201604 -1.232887
v 0.530851 0.155990 -1.228029
v 0.531507 0.116593 -1.251527
v 0.532708 0.098463 -1.294407
v 0.533997 0.108525 -1.340290
v 0.534880 0.142933 -1.371649
v 0.535021 0.188549 -1.376507
v 0.522785 0.218242 -1.316302
v 0.525023 0.222857 -1.304673
v 0.524693 0.220229 -1.292124
v 0.521922 0.211365 -1.283450
v 0.517768 0.199649 -1.281965
v 0.513816 0.189556 -1.288233
v 0.511579 0.184942 -1.299862
v 0.511909 0.187569 -1.312411
v 0.514680 0.196433 -1.321085
v 0.518835 0.208149 -1.322571
v 0.449810 0.307413 -1.302840
v 0.454465 0.309591 -1.293347
v 0.454246 0.307527 -1.282654
v 0.449238 0.302008 -1.274846
v 0.441353 0.295143 -1.272905
v 0.433603 0.289554 -1.277573
v 0.428948 0.287377 -1.287066
v 0.429167 0.289440 -1.297759
v 0.434175 0.294958 -1.305567
v 0.442060 0.301823 -1.307508
v 0.457710 0.316117 -1.315156
v 0.466903 0.320421 -1.296408
v 0.466471 0.316344 -1.275291
v 0.456581 0.305445 -1.259871
v 0.441009 0.291887 -1.256039
v 0.425703 0.280848 -1.265257
v 0.416510 0.276547 -1.284005
v 0.416941 0.280624 -1.305122
v 0.426832 0.291522 -1.320542
v 0.442404 0.305080 -1.324374
v 0.288824 0.530257 -1.269346
v 0.300444 0.528343 -1.251909
v 0.298270 0.525989 -1.230424
v 0.283134 0.524094 -1.213100
v 0.260816 0.523381 -1.206553
v 0.239841 0.524122 -1.213284
v 0.228222 0.526035 -1.230722
v 0.230396 0.528389 -1.252206
v 0.245532 0.530282 -1.269531
v 0.267850 0.530997 -1.276077
v 0.255812 0.560168 -1.264808
v 0.282349 0.551621 -1.245797
v 0.280175 0.543860 -1.225626
v 0.253006 0.537450 -1.205766
v 0.219702 0.543585 -1.209159
v 0.207599 0.548358 -1.225974
v 0.209773 0.554968 -1.246524
v 0.225392 0.559998 -1.263158
v 0.412264 0.549880 -1.243884
v 0.412577 0.565190 -1.281670
v 0.411702 0.532597 -1.207020
v 0.655698 0.462076 -1.192411
v 0.525339 0.511968 -1.197538
v 0.523160 0.484651 -1.168998
v 0.632867 0.445881 -1.181185
v 0.411142 0.574273 -1.349241
v 0.248491 0.576585 -1.342650
v 0.518096 0.411730 -1.144527
v 0.563877 0.404964 -1.147954
v 0.406298 0.550486 -1.411906
v 0.248491 0.546492 -1.405640
v 0.527697 0.536484 -1.250800
v 0.530045 0.560751 -1.304524
v 0.409494 0.497649 -1.162328
v 0.241457 0.491928 -1.158606
v 0.530789 0.560590 -1.356261
v 0.402883 0.428370 -1.135989
v 0.241457 0.409829 -1.134662
v 0.529928 0.532631 -1.421067
v 0.659171 0.494984 -1.264393
v 0.660744 0.529587 -1.335701
v 0.638445 0.522055 -1.368328
v 0.569456 0.526768 -1.424030
v 0.069344 0.437333 -1.335894
v 0.079329 0.452087 -1.335894
v 0.542970 0.138305 -1.335894
v 0.532985 0.123551 -1.335894
v 0.084322 0.459464 -1.320465
v 0.547963 0.145682 -1.320465
v 0.079329 0.452087 -1.305037
v 0.542970 0.138305 -1.305037
v 0.069344 0.437333 -1.305037
v 0.532985 0.123551 -1.305037
v 0.064351 0.429956 -1.320465
v 0.527993 0.116174 -1.320465
v -0.741135 0.227944 -1.353008
v -0.744836 0.172269 -1.302268
v -0.741135 0.246074 -1.310128
v -0.741135 0.236013 -1.264246
v -0.741135 0.201605 -1.232887
v -0.741135 0.155990 -1.228029
v -0.741135 0.116594 -1.251527
v -0.741135 0.098464 -1.294407
v -0.741135 0.108525 -1.340290
v -0.741135 0.142933 -1.371649
v -0.741135 0.188548 -1.376507
v -0.580130 0.227944 -1.353008
v -0.578929 0.246074 -1.310128
v -0.577640 0.236013 -1.264245
v -0.576757 0.201604 -1.232887
v -0.576616 0.155990 -1.228028
v -0.577272 0.116593 -1.251527
v -0.578473 0.098463 -1.294407
v -0.579762 0.108525 -1.340290
v -0.580645 0.142933 -1.371649
v -0.580786 0.188549 -1.376507
v -0.570788 0.222857 -1.304673
v -0.568550 0.218242 -1.316302
v -0.570458 0.220229 -1.292124
v -0.567687 0.211365 -1.283450
v -0.563533 0.199649 -1.281965
v -0.559582 0.189556 -1.288233
v -0.557344 0.184942 -1.299862
v -0.557674 0.187569 -1.312411
v -0.560445 0.196433 -1.321085
v -0.564600 0.208149 -1.322571
v -0.500230 0.309591 -1.293347
v -0.495575 0.307413 -1.302840
v -0.500012 0.307527 -1.282654
v -0.495003 0.302008 -1.274846
v -0.487118 0.295143 -1.272905
v -0.479368 0.289554 -1.277573
v -0.474714 0.287377 -1.287066
v -0.474932 0.289440 -1.297759
v -0.479940 0.294958 -1.305567
v -0.487825 0.301823 -1.307508
v -0.512668 0.320421 -1.296408
v -0.503475 0.316117 -1.315156
v -0.512237 0.316344 -1.275291
v -0.502346 0.305445 -1.259871
v -0.486774 0.291887 -1.256039
v -0.471469 0.280848 -1.265257
v -0.462276 0.276547 -1.284005
v -0.462707 0.280624 -1.305122
v -0.472597 0.291522 -1.320542
v -0.488169 0.305080 -1.324374
v -0.346209 0.528343 -1.251909
v -0.334590 0.530257 -1.269346
v -0.344035 0.525989 -1.230424
v -0.328899 0.524094 -1.213100
v -0.306581 0.523382 -1.206554
v -0.285607 0.524122 -1.213284
v -0.273987 0.526035 -1.230722
v -0.276161 0.528389 -1.252206
v -0.291298 0.530282 -1.269531
v -0.313615 0.530997 -1.276077
v -0.328114 0.551621 -1.245797
v -0.301578 0.560168 -1.264808
v -0.325940 0.543860 -1.225626
v -0.298772 0.537450 -1.205766
v -0.265467 0.543585 -1.209159
v -0.253364 0.548358 -1.225974
v -0.255538 0.554968 -1.246524
v -0.271157 0.559998 -1.263158
v -0.458343 0.565190 -1.281670
v -0.458030 0.549880 -1.243884
v -0.457467 0.532597 -1.207020
v -0.701463 0.462076 -1.192411
v -0.678632 0.445881 -1.181185
v -0.568925 0.484651 -1.168998
v -0.571104 0.511968 -1.197538
v -0.294256 0.576585 -1.342650
v -0.456907 0.574273 -1.349241
v -0.609642 0.404964 -1.147954
v -0.563862 0.411730 -1.144527
v -0.294256 0.546492 -1.405640
v -0.452063 0.550486 -1.411906
v -0.575811 0.560751 -1.304524
v -0.573462 0.536484 -1.250800
v -0.455260 0.497649 -1.162328
v -0.287222 0.491928 -1.158606
v -0.576554 0.560590 -1.356261
v -0.448648 0.428370 -1.135989
v -0.287223 0.409829 -1.134662
v -0.575693 0.532631 -1.421067
v -0.706509 0.529587 -1.335701
v -0.704936 0.494984 -1.264393
v -0.684211 0.522055 -1.368328
v -0.615221 0.526768 -1.424030
v -0.115110 0.437333 -1.335894
v -0.578751 0.123551 -1.335894
v -0.588736 0.138305 -1.335894
v -0.125095 0.452087 -1.335894
v -0.593729 0.145682 -1.320465
v -0.130087 0.459464 -1.320465
v -0.588736 0.138305 -1.305037
v -0.125095 0.452087 -1.305037
v -0.578751 0.123551 -1.305037
v -0.115110 0.437333 -1.305037
v -0.573758 0.116174 -1.320465
v -0.110117 0.429956 -1.320465
v -0.136810 0.608661 1.664473
v -0.111273 0.608661 1.664473
v -0.111273 0.702051 1.664473
v -0.136810 0.702051 1.664473
v -0.111273 0.702051 1.433752
v -0.136810 0.702051 1.433752
v 0.138094 0.608661 1.664473
v 0.138094 0.608661 1.356640
v 0.138094 0.702051 1.433752
v 0.138094 0.702051 1.664473
v -0.136810 0.608661 1.356640
v -0.136810 0.997051 1.357059
v -0.111273 0.997051 1.357059
v -0.111273 0.997051 1.279057
v -0.136810 0.997051 1.279948
v 0.138094 0.702051 1.356640
v -0.136810 0.702051 1.356640
v 0.138094 0.997051 1.279948
v 0.138094 0.997051 1.357059
v -0.096483 0.701257 1.642341
v -0.096483 0.619350 1.642341
v 0.098025 0.619350 1.642341
v 0.098025 0.701257 1.642341
v -0.096483 0.701257 1.421768
v 0.098025 0.701257 1.421768
v -0.096483 0.977945 1.275226
v -0.096483 0.977945 1.350377
v 0.098025 0.977945 1.350377
v 0.098025 0.977945 1.275226
v 0.112815 0.702051 1.664473
v 0.112815 0.608661 1.664473
v 0.112815 0.702051 1.433752
v 0.112815 0.997051 1.279057
v 0.112815 0.997051 1.357059
v -0.205205 0.496641 1.331394
v -0.228162 0.496641 1.664473
v 0.229447 0.496641 1.664473
v 0.206490 0.496641 1.331394
v -0.136810 0.567914 1.664473
v 0.138094 0.567914 1.664473
v -0.136810 0.521699 1.854741
v 0.138094 0.521699 1.854741
v 0.305246 0.692199 1.333899
v -0.303962 0.692199 1.333899
v 0.226144 0.887959 1.259712
v -0.224859 0.887959 1.259712
v -0.312055 0.710169 1.664473
v 0.313340 0.710169 1.664473
v -0.205205 0.495027 1.855346
v 0.206490 0.495027 1.855346
v 0.269793 0.653712 1.855346
v 0.138094 0.759013 1.896387
v -0.268508 0.654122 1.855346
v -0.136810 0.759013 1.896387
v -0.136810 0.521699 1.854741
v -0.136810 0.759013 1.896387
v -0.083095 0.824091 1.896387
v 0.138094 0.521699 1.854741
v 0.084637 0.824091 1.896387
v 0.138094 0.759013 1.896387
v -0.136810 0.747215 1.964928
v -0.083095 0.784152 1.962833
v 0.084637 0.784152 1.962833
v 0.138094 0.747215 1.964928
v -0.136810 0.710628 1.964928
v -0.083095 0.710628 1.962833
v 0.084637 0.710627 1.962833
v 0.138094 0.710627 1.964928
v -0.127632 0.901795 1.030651
v -0.103801 0.901795 1.030651
v -0.103801 0.995185 1.030651
v -0.127632 0.995185 1.030651
v -0.103801 0.995185 0.799930
v -0.127632 0.995185 0.799930
v 0.128917 0.901795 1.030651
v 0.128917 0.901795 0.722818
v 0.128917 0.995185 0.799930
v 0.128917 0.995185 1.030651
v -0.127632 0.901795 0.722818
v -0.127632 1.290185 0.723237
v -0.103801 1.290185 0.723237
v -0.103801 1.290185 0.645234
v -0.127632 1.290185 0.646126
v 0.128917 0.995185 0.722818
v -0.127632 0.995185 0.722818
v 0.128917 1.290185 0.646126
v 0.128917 1.290185 0.723237
v -0.089998 0.994390 1.008519
v -0.089998 0.912484 1.008519
v 0.091523 0.912484 1.008519
v 0.091523 0.994390 1.008519
v -0.089998 0.994390 0.787946
v 0.091523 0.994390 0.787946
v -0.089998 1.271078 0.641404
v -0.089998 1.271078 0.716555
v 0.091523 1.271078 0.716555
v 0.091523 1.271078 0.641404
v 0.105325 0.995185 1.030651
v 0.105325 0.901795 1.030651
v 0.105325 0.995185 0.799930
v 0.105325 1.290185 0.645234
v 0.105325 1.290185 0.723237
v -0.191461 0.789774 0.697572
v -0.212885 0.789774 1.030651
v 0.214169 0.789774 1.030651
v 0.192745 0.789774 0.697572
v -0.127632 0.861048 1.030651
v 0.128917 0.861048 1.030651
v -0.127632 0.814833 1.220919
v 0.128917 0.814833 1.220919
v 0.284907 0.985332 0.700077
v -0.283623 0.985332 0.700077
v 0.211086 1.181093 0.625890
v -0.209802 1.181093 0.625890
v -0.291176 1.003303 1.030651
v 0.292460 1.003303 1.030651
v -0.191461 0.788161 1.221524
v 0.192745 0.788161 1.221524
v 0.251821 0.946846 1.221524
v 0.128917 1.052147 1.262565
v -0.250536 0.947256 1.221524
v -0.127632 1.052147 1.262565
v -0.127632 0.814833 1.220919
v -0.127632 1.052147 1.262565
v -0.077504 1.117225 1.262565
v 0.128917 0.814833 1.220919
v 0.079028 1.117225 1.262565
v 0.128917 1.052147 1.262565
v -0.127632 1.040349 1.331106
v -0.077504 1.077286 1.329011
v 0.079028 1.077286 1.329011
v 0.128917 1.040349 1.331106
v -0.127632 1.003761 1.331106
v -0.077504 1.003761 1.329011
v 0.079028 1.003761 1.329011
v 0.128917 1.003761 1.331106
v 0.791370 0.658584 -1.344352
v 0.777206 0.664451 -1.344352
v 0.777206 0.681432 -1.333005
v 0.803378 0.670592 -1.333005
v 0.763041 0.658584 -1.344352
v 0.751033 0.670592 -1.333005
v 0.757174 0.644419 -1.344352
v 0.740193 0.644419 -1.333005
v 0.763041 0.630255 -1.344352
v 0.751033 0.618247 -1.333005
v 0.777206 0.624388 -1.344352
v 0.777206 0.607406 -1.333005
v 0.791370 0.630255 -1.344352
v 0.803378 0.618247 -1.333005
v 0.797237 0.644419 -1.344352
v 0.814219 0.644419 -1.333005
v 0.777206 0.734743 -1.173612
v 0.841074 0.708288 -1.173612
v 0.713337 0.708288 -1.173612
v 0.686882 0.644419 -1.173612
v 0.713337 0.580551 -1.173612
v 0.777206 0.554096 -1.173612
v 0.841074 0.580551 -1.173612
v 0.867529 0.644419 -1.173612
v 0.777206 0.734743 -0.602411
v 0.841074 0.708288 -0.602411
v 0.713337 0.708288 -0.602411
v 0.686882 0.644419 -0.602411
v 0.713337 0.580551 -0.602411
v 0.777206 0.554096 -0.602411
v 0.841074 0.580551 -0.602411
v 0.867529 0.644419 -0.602411
v 0.777206 0.713550 -0.570693
v 0.826088 0.693302 -0.570693
v 0.728323 0.693302 -0.570693
v 0.708075 0.644419 -0.570693
v 0.728323 0.595537 -0.570693
v 0.777206 0.575289 -0.570693
v 0.826088 0.595537 -0.570693
v 0.846336 0.644419 -0.570693
v 0.777206 0.681833 -0.549500
v 0.803661 0.670874 -0.549500
v 0.750750 0.670874 -0.549500
v 0.739792 0.644419 -0.549500
v 0.750750 0.617964 -0.549500
v 0.777206 0.607006 -0.549500
v 0.803661 0.617964 -0.549500
v 0.814619 0.644419 -0.549500
v 0.777206 0.644419 -1.348336
v 0.777206 0.644419 -0.542058
v 0.803378 0.618247 -1.333005
v 0.841074 0.580551 -1.173612
v 0.867270 0.554355 -1.220724
v 0.867423 0.554202 -1.288153
v 0.775763 0.681404 -1.333005
v 0.773686 0.734674 -1.173612
v 0.772242 0.771693 -1.220724
v 0.772234 0.771909 -1.288153
v 0.749931 0.619398 -1.333005
v 0.710647 0.583359 -1.173612
v 0.683347 0.558315 -1.220724
v 0.683188 0.558169 -1.288153
v 1.454886 0.495379 -1.289820
v 1.434126 0.510462 -1.289820
v 1.434126 0.510462 -0.481564
v 1.454886 0.495379 -0.481564
v 1.408466 0.510462 -1.289820
v 1.408466 0.510462 -0.481564
v 1.387707 0.495379 -1.289820
v 1.387707 0.495379 -0.481564
v 1.379777 0.470975 -1.289820
v 1.379777 0.470975 -0.481564
v 1.387707 0.446571 -1.289820
v 1.387707 0.446571 -0.481564
v 1.408466 0.431488 -1.289820
v 1.408466 0.431488 -0.481564
v 1.434126 0.431488 -1.289820
v 1.434126 0.431488 -0.481564
v 1.454886 0.446571 -1.289820
v 1.454886 0.446571 -0.481564
v 1.462815 0.470975 -1.289820
v 1.462815 0.470975 -0.481564
v 1.421296 0.470975 -1.289820
v 1.421296 0.470975 -0.481564
v -0.105696 1.568014 0.730310
v -0.109762 1.566579 0.763361
v -0.058984 1.531854 0.775821
v -0.048340 1.528790 0.744383
v -0.176592 1.568014 0.730310
v -0.172526 1.566579 0.763361
v -0.233948 1.528790 0.744383
v -0.223303 1.531854 0.775821
v -0.255856 1.465326 0.767154
v -0.242699 1.475669 0.795980
v -0.233948 1.401862 0.789925
v -0.223303 1.419484 0.816139
v -0.176592 1.362639 0.803999
v -0.172526 1.384759 0.828598
v -0.105696 1.362639 0.803999
v -0.109762 1.384759 0.828598
v -0.048340 1.401862 0.789925
v -0.058984 1.419484 0.816139
v -0.026432 1.465326 0.767154
v -0.039589 1.475669 0.795980
v -0.118644 1.550945 0.800734
v -0.082238 1.526049 0.809667
v -0.163644 1.550945 0.800734
v -0.200049 1.526049 0.809667
v -0.213955 1.485766 0.824121
v -0.200049 1.445483 0.838574
v -0.163644 1.420587 0.847507
v -0.118644 1.420587 0.847507
v -0.082238 1.445483 0.838574
v -0.068333 1.485766 0.824121
v -0.130190 1.522931 0.827876
v -0.112466 1.510810 0.832225
v -0.152098 1.522931 0.827876
v -0.169822 1.510810 0.832225
v -0.176592 1.491198 0.839262
v -0.169822 1.471587 0.846299
v -0.152098 1.459466 0.850648
v -0.130190 1.459466 0.850648
v -0.112466 1.471587 0.846299
v -0.105696 1.491198 0.839262
v -0.141144 1.492530 0.842973
v -0.076399 1.500553 0.726046
v -0.116413 1.527917 0.716228
v -0.165874 1.527917 0.716228
v -0.205889 1.500553 0.726046
v -0.221173 1.456277 0.741932
v -0.205889 1.412000 0.757819
v -0.165874 1.384636 0.767637
v -0.116413 1.384636 0.767637
v -0.076399 1.412000 0.757819
v -0.061115 1.456277 0.741932
v -1.594535 0.495379 -1.289820
v -1.615295 0.510462 -1.289820
v -1.615295 0.510462 -0.481564
v -1.594535 0.495379 -0.481564
v -1.640955 0.510462 -1.289820
v -1.640955 0.510462 -0.481564
v -1.661715 0.495379 -1.289820
v -1.661715 0.495379 -0.481564
v -1.669644 0.470975 -1.289820
v -1.669644 0.470975 -0.481564
v -1.661715 0.446571 -1.289820
v -1.661715 0.446571 -0.481564
v -1.640955 0.431488 -1.289820
v -1.640955 0.431488 -0.481564
v -1.615295 0.431488 -1.289820
v -1.615295 0.431488 -0.481564
v -1.594535 0.446571 -1.289820
v -1.594535 0.446571 -0.481564
v -1.586606 0.470975 -1.289820
v -1.586606 0.470975 -0.481564
v -1.628125 0.470975 -1.289820
v -1.628125 0.470975 -0.481564
v -1.392961 0.495379 -1.289820
v -1.413721 0.510462 -1.289820
v -1.413721 0.510462 -0.481564
v -1.392961 0.495379 -0.481564
v -1.439381 0.510462 -1.289820
v -1.439381 0.510462 -0.481564
v -1.460140 0.495379 -1.289820
v -1.460140 0.495379 -0.481564
v -1.468070 0.470975 -1.289820
v -1.468070 0.470975 -0.481564
v -1.460140 0.446571 -1.289820
v -1.460140 0.446571 -0.481564
v -1.439381 0.431488 -1.289820
v -1.439381 0.431488 -0.481564
v -1.413721 0.431488 -1.289820
v -1.413721 0.431488 -0.481564
v -1.392961 0.446571 -1.289820
v -1.392961 0.446571 -0.481564
v -1.385032 0.470975 -1.289820
v -1.385032 0.470975 -0.481564
v -1.426551 0.470975 -1.289820
v -1.426551 0.470975 -0.481564
v 1.206640 0.618468 -1.192207
v 1.148052 0.661034 -1.192207
v 1.148052 0.661034 -0.582835
v 1.206640 0.618468 -0.582835
v 1.075634 0.661034 -1.192207
v 1.075634 0.661034 -0.582835
v 1.017046 0.618468 -1.192207
v 1.017046 0.618468 -0.582835
v 0.994668 0.549594 -1.192207
v 0.994668 0.549594 -0.582835
v 1.017046 0.480720 -1.192207
v 1.017046 0.480720 -0.582835
v 1.075634 0.438154 -1.192207
v 1.075634 0.438154 -0.582835
v 1.148052 0.438154 -1.192207
v 1.148052 0.438154 -0.582835
v 1.206640 0.480720 -1.192207
v 1.206640 0.480720 -0.582835
v 1.229018 0.549594 -1.192207
v 1.229018 0.549594 -0.582835
v 1.111843 0.549594 -1.192207
v 1.111843 0.549594 -0.582835
v 1.196128 0.614693 -0.617920
v 1.179121 0.618575 -0.617920
v 1.179121 0.618575 -0.491156
v 1.196128 0.614693 -0.491156
v 1.165483 0.607699 -0.617920
v 1.165483 0.607699 -0.491156
v 1.165483 0.590254 -0.617920
v 1.165483 0.590254 -0.491156
v 1.179121 0.579378 -0.617920
v 1.179121 0.579378 -0.491156
v 1.196128 0.583260 -0.617920
v 1.196128 0.583260 -0.491156
v 1.203697 0.598976 -0.617920
v 1.203697 0.598976 -0.491156
v 1.168657 0.640601 -0.617920
v 1.151651 0.644483 -0.617920
v 1.151651 0.644483 -0.491156
v 1.168657 0.640601 -0.491156
v 1.138012 0.633606 -0.617920
v 1.138012 0.633606 -0.491156
v 1.138012 0.616162 -0.617920
v 1.138012 0.616162 -0.491156
v 1.151651 0.605286 -0.617920
v 1.151651 0.605286 -0.491156
v 1.168657 0.609168 -0.617920
v 1.168657 0.609168 -0.491156
v 1.176226 0.624884 -0.617920
v 1.176226 0.624884 -0.491156
v 1.209769 0.576409 -0.617920
v 1.192763 0.580291 -0.617920
v 1.192763 0.580291 -0.491156
v 1.209769 0.576409 -0.491156
v 1.179124 0.569415 -0.617920
v 1.179124 0.569415 -0.491156
v 1.179124 0.551971 -0.617920
v 1.179124 0.551971 -0.491156
v 1.192763 0.541094 -0.617920
v 1.192763 0.541094 -0.491156
v 1.209769 0.544976 -0.617920
v 1.209769 0.544976 -0.491156
v 1.217338 0.560693 -0.617920
v 1.217338 0.560693 -0.491156
v 1.134160 0.651768 -0.617920
v 1.117153 0.655650 -0.617920
v 1.117153 0.655650 -0.491156
v 1.134160 0.651768 -0.491156
v 1.103514 0.644774 -0.617920
v 1.103514 0.644774 -0.491156
v 1.103514 0.627330 -0.617920
v 1.103514 0.627330 -0.491156
v 1.117153 0.616453 -0.617920
v 1.117153 0.616453 -0.491156
v 1.134160 0.620335 -0.617920
v 1.134160 0.620335 -0.491156
v 1.141729 0.636052 -0.617920
v 1.141729 0.636052 -0.491156
v 1.093826 0.647110 -0.617920
v 1.076819 0.650992 -0.617920
v 1.076819 0.650992 -0.491156
v 1.093826 0.647110 -0.491156
v 1.063181 0.640115 -0.617920
v 1.063181 0.640115 -0.491156
v 1.063181 0.622671 -0.617920
v 1.063181 0.622671 -0.491156
v 1.076819 0.611795 -0.617920
v 1.076819 0.611795 -0.491156
v 1.093826 0.615677 -0.617920
v 1.093826 0.615677 -0.491156
v 1.101395 0.631393 -0.617920
v 1.101395 0.631393 -0.491156
v 1.061989 0.620030 -0.617920
v 1.044982 0.623911 -0.617920
v 1.044982 0.623911 -0.491156
v 1.061989 0.620030 -0.491156
v 1.031343 0.613035 -0.617920
v 1.031343 0.613035 -0.491156
v 1.031343 0.595591 -0.617920
v 1.031343 0.595591 -0.491156
v 1.044982 0.584715 -0.617920
v 1.044982 0.584715 -0.491156
v 1.061989 0.588596 -0.617920
v 1.061989 0.588596 -0.491156
v 1.069557 0.604313 -0.617920
v 1.069557 0.604313 -0.491156
v 1.044902 0.582672 -0.617920
v 1.027895 0.586553 -0.617920
v 1.027895 0.586553 -0.491156
v 1.044902 0.582672 -0.491156
v 1.014256 0.575677 -0.617920
v 1.014256 0.575677 -0.491156
v 1.014256 0.558233 -0.617920
v 1.014256 0.558233 -0.491156
v 1.027895 0.547356 -0.617920
v 1.027895 0.547356 -0.491156
v 1.044902 0.551238 -0.617920
v 1.044902 0.551238 -0.491156
v 1.052470 0.566955 -0.617920
v 1.052470 0.566955 -0.491156
v 1.045697 0.543090 -0.617920
v 1.028690 0.546971 -0.617920
v 1.028690 0.546971 -0.491156
v 1.045697 0.543090 -0.491156
v 1.015051 0.536095 -0.617920
v 1.015051 0.536095 -0.491156
v 1.015051 0.518651 -0.617920
v 1.015051 0.518651 -0.491156
v 1.028690 0.507775 -0.617920
v 1.028690 0.507775 -0.491156
v 1.045697 0.511656 -0.617920
v 1.045697 0.511656 -0.491156
v 1.053266 0.527373 -0.617920
v 1.053266 0.527373 -0.491156
v 1.065701 0.507577 -0.617920
v 1.048694 0.511459 -0.617920
v 1.048694 0.511459 -0.491156
v 1.065701 0.507577 -0.491156
v 1.035056 0.500583 -0.617920
v 1.035056 0.500583 -0.491156
v 1.035056 0.483138 -0.617920
v 1.035056 0.483138 -0.491156
v 1.048694 0.472262 -0.617920
v 1.048694 0.472262 -0.491156
v 1.065701 0.476144 -0.617920
v 1.065701 0.476144 -0.491156
v 1.073270 0.491860 -0.617920
v 1.073270 0.491860 -0.491156
v 1.099614 0.486971 -0.617920
v 1.082607 0.490852 -0.617920
v 1.082607 0.490852 -0.491156
v 1.099614 0.486971 -0.491156
v 1.068969 0.479976 -0.617920
v 1.068969 0.479976 -0.491156
v 1.068969 0.462532 -0.617920
v 1.068969 0.462532 -0.491156
v 1.082607 0.451655 -0.617920
v 1.082607 0.451655 -0.491156
v 1.099614 0.455537 -0.617920
v 1.099614 0.455537 -0.491156
v 1.107183 0.471254 -0.617920
v 1.107183 0.471254 -0.491156
v 1.140546 0.486971 -0.617920
v 1.123539 0.490852 -0.617920
v 1.123539 0.490852 -0.491156
v 1.140546 0.486971 -0.491156
v 1.109900 0.479976 -0.617920
v 1.109900 0.479976 -0.491156
v 1.109900 0.462532 -0.617920
v 1.109900 0.462532 -0.491156
v 1.123539 0.451655 -0.617920
v 1.123539 0.451655 -0.491156
v 1.140546 0.455537 -0.617920
v 1.140546 0.455537 -0.491156
v 1.148114 0.471254 -0.617920
v 1.148114 0.471254 -0.491156
v 1.180025 0.500521 -0.617920
v 1.163018 0.504403 -0.617920
v 1.163018 0.504403 -0.491156
v 1.180025 0.500521 -0.491156
v 1.149380 0.493526 -0.617920
v 1.149380 0.493526 -0.491156
v 1.149380 0.476082 -0.617920
v 1.149380 0.476082 -0.491156
v 1.163018 0.465206 -0.617920
v 1.163018 0.465206 -0.491156
v 1.180025 0.469088 -0.617920
v 1.180025 0.469088 -0.491156
v 1.187594 0.484804 -0.617920
v 1.187594 0.484804 -0.491156
v 1.206061 0.536736 -0.617920
v 1.189054 0.540617 -0.617920
v 1.189054 0.540617 -0.491156
v 1.206061 0.536736 -0.491156
v 1.175416 0.529741 -0.617920
v 1.175416 0.529741 -0.491156
v 1.175416 0.512297 -0.617920
v 1.175416 0.512297 -0.491156
v 1.189054 0.501421 -0.617920
v 1.189054 0.501421 -0.491156
v 1.206061 0.505302 -0.617920
v 1.206061 0.505302 -0.491156
v 1.213630 0.521019 -0.617920
v 1.213630 0.521019 -0.491156
v 1.172521 0.577071 -0.617920
v 1.155514 0.580953 -0.617920
v 1.155514 0.580953 -0.491156
v 1.172521 0.577071 -0.491156
v 1.141876 0.570077 -0.617920
v 1.141876 0.570077 -0.491156
v 1.141876 0.552633 -0.617920
v 1.141876 0.552633 -0.491156
v 1.155514 0.541756 -0.617920
v 1.155514 0.541756 -0.491156
v 1.172521 0.545638 -0.617920
v 1.172521 0.545638 -0.491156
v 1.180090 0.561355 -0.617920
v 1.180090 0.561355 -0.491156
v 1.167851 0.538792 -0.617920
v 1.150845 0.542674 -0.617920
v 1.150845 0.542674 -0.491156
v 1.167851 0.538792 -0.491156
v 1.137206 0.531798 -0.617920
v 1.137206 0.531798 -0.491156
v 1.137206 0.514353 -0.617920
v 1.137206 0.514353 -0.491156
v 1.150845 0.503477 -0.617920
v 1.150845 0.503477 -0.491156
v 1.167851 0.507359 -0.617920
v 1.167851 0.507359 -0.491156
v 1.175420 0.523075 -0.617920
v 1.175420 0.523075 -0.491156
v 1.131250 0.526783 -0.617920
v 1.114243 0.530665 -0.617920
v 1.114243 0.530665 -0.491156
v 1.131250 0.526783 -0.491156
v 1.100604 0.519789 -0.617920
v 1.100604 0.519789 -0.491156
v 1.100604 0.502344 -0.617920
v 1.100604 0.502344 -0.491156
v 1.114243 0.491468 -0.617920
v 1.114243 0.491468 -0.491156
v 1.131250 0.495350 -0.617920
v 1.131250 0.495350 -0.491156
v 1.138819 0.511067 -0.617920
v 1.138819 0.511067 -0.491156
v 1.093633 0.538219 -0.617920
v 1.076626 0.542100 -0.617920
v 1.076626 0.542100 -0.491156
v 1.093633 0.538219 -0.491156
v 1.062988 0.531224 -0.617920
v 1.062988 0.531224 -0.491156
v 1.062988 0.513780 -0.617920
v 1.062988 0.513780 -0.491156
v 1.076626 0.502904 -0.617920
v 1.076626 0.502904 -0.491156
v 1.093633 0.506785 -0.617920
v 1.093633 0.506785 -0.491156
v 1.101202 0.522502 -0.617920
v 1.101202 0.522502 -0.491156
v 1.086253 0.576363 -0.617920
v 1.069247 0.580245 -0.617920
v 1.069247 0.580245 -0.491156
v 1.086253 0.576363 -0.491156
v 1.055608 0.569369 -0.617920
v 1.055608 0.569369 -0.491156
v 1.055608 0.551924 -0.617920
v 1.055608 0.551924 -0.491156
v 1.069247 0.541048 -0.617920
v 1.069247 0.541048 -0.491156
v 1.086253 0.544930 -0.617920
v 1.086253 0.544930 -0.491156
v 1.093822 0.560647 -0.617920
v 1.093822 0.560647 -0.491156
v 1.105505 0.608169 -0.617920
v 1.088498 0.612051 -0.617920
v 1.088498 0.612051 -0.491156
v 1.105505 0.608169 -0.491156
v 1.074859 0.601174 -0.617920
v 1.074859 0.601174 -0.491156
v 1.074859 0.583730 -0.617920
v 1.074859 0.583730 -0.491156
v 1.088498 0.572854 -0.617920
v 1.088498 0.572854 -0.491156
v 1.105505 0.576735 -0.617920
v 1.105505 0.576735 -0.491156
v 1.113073 0.592452 -0.617920
v 1.113073 0.592452 -0.491156
v 1.144368 0.606810 -0.617920
v 1.127361 0.610691 -0.617920
v 1.127361 0.610691 -0.491156
v 1.144368 0.606810 -0.491156
v 1.113723 0.599815 -0.617920
v 1.113723 0.599815 -0.491156
v 1.113723 0.582371 -0.617920
v 1.113723 0.582371 -0.491156
v 1.127361 0.571495 -0.617920
v 1.127361 0.571495 -0.491156
v 1.144368 0.575376 -0.617920
v 1.144368 0.575376 -0.491156
v 1.151937 0.591093 -0.617920
v 1.151937 0.591093 -0.491156
v 1.128629 0.567896 -0.617920
v 1.111622 0.571777 -0.617920
v 1.111622 0.571777 -0.491156
v 1.128629 0.567896 -0.491156
v 1.097983 0.560901 -0.617920
v 1.097983 0.560901 -0.491156
v 1.097983 0.543457 -0.617920
v 1.097983 0.543457 -0.491156
v 1.111622 0.532581 -0.617920
v 1.111622 0.532581 -0.491156
v 1.128629 0.536462 -0.617920
v 1.128629 0.536462 -0.491156
v 1.136198 0.552179 -0.617920
v 1.136198 0.552179 -0.491156
v -1.025594 0.618468 -1.192207
v -1.084182 0.661034 -1.192207
v -1.084182 0.661034 -0.582835
v -1.025594 0.618468 -0.582835
v -1.156600 0.661034 -1.192207
v -1.156600 0.661034 -0.582835
v -1.215187 0.618468 -1.192207
v -1.215187 0.618468 -0.582835
v -1.237566 0.549594 -1.192207
v -1.237566 0.549594 -0.582835
v -1.215187 0.480720 -1.192207
v -1.215187 0.480720 -0.582835
v -1.156600 0.438154 -1.192207
v -1.156600 0.438154 -0.582835
v -1.084182 0.438154 -1.192207
v -1.084182 0.438154 -0.582835
v -1.025594 0.480720 -1.192207
v -1.025594 0.480720 -0.582835
v -1.003216 0.549594 -1.192207
v -1.003216 0.549594 -0.582835
v -1.120391 0.549594 -1.192207
v -1.120391 0.549594 -0.582835
v -1.036106 0.614693 -0.617920
v -1.053112 0.618575 -0.617920
v -1.053112 0.618575 -0.491156
v -1.036106 0.614693 -0.491156
v -1.066751 0.607699 -0.617920
v -1.066751 0.607699 -0.491156
v -1.066751 0.590254 -0.617920
v -1.066751 0.590254 -0.491156
v -1.053112 0.579378 -0.617920
v -1.053112 0.579378 -0.491156
v -1.036106 0.583260 -0.617920
v -1.036106 0.583260 -0.491156
v -1.028537 0.598976 -0.617920
v -1.028537 0.598976 -0.491156
v -1.063576 0.640601 -0.617920
v -1.080583 0.644483 -0.617920
v -1.080583 0.644483 -0.491156
v -1.063576 0.640601 -0.491156
v -1.094222 0.633606 -0.617920
v -1.094222 0.633606 -0.491156
v -1.094222 0.616162 -0.617920
v -1.094222 0.616162 -0.491156
v -1.080583 0.605286 -0.617920
v -1.080583 0.605286 -0.491156
v -1.063576 0.609168 -0.617920
v -1.063576 0.609168 -0.491156
v -1.056008 0.624884 -0.617920
v -1.056008 0.624884 -0.491156
v -1.022464 0.576409 -0.617920
v -1.039471 0.580291 -0.617920
v -1.039471 0.580291 -0.491156
v -1.022464 0.576409 -0.491156
v -1.053110 0.569415 -0.617920
v -1.053110 0.569415 -0.491156
v -1.053110 0.551971 -0.617920
v -1.053110 0.551971 -0.491156
v -1.039471 0.541094 -0.617920
v -1.039471 0.541094 -0.491156
v -1.022464 0.544976 -0.617920
v -1.022464 0.544976 -0.491156
v -1.014895 0.560693 -0.617920
v -1.014895 0.560693 -0.491156
v -1.098074 0.651768 -0.617920
v -1.115081 0.655650 -0.617920
v -1.115081 0.655650 -0.491156
v -1.098074 0.651768 -0.491156
v -1.128719 0.644774 -0.617920
v -1.128719 0.644774 -0.491156
v -1.128719 0.627330 -0.617920
v -1.128719 0.627330 -0.491156
v -1.115081 0.616453 -0.617920
v -1.115081 0.616453 -0.491156
v -1.098074 0.620335 -0.617920
v -1.098074 0.620335 -0.491156
v -1.090505 0.636052 -0.617920
v -1.090505 0.636052 -0.491156
v -1.138408 0.647110 -0.617920
v -1.155414 0.650992 -0.617920
v -1.155414 0.650992 -0.491156
v -1.138408 0.647110 -0.491156
v -1.169053 0.640115 -0.617920
v -1.169053 0.640115 -0.491156
v -1.169053 0.622671 -0.617920
v -1.169053 0.622671 -0.491156
v -1.155414 0.611795 -0.617920
v -1.155414 0.611795 -0.491156
v -1.138408 0.615677 -0.617920
v -1.138408 0.615677 -0.491156
v -1.130839 0.631393 -0.617920
v -1.130839 0.631393 -0.491156
v -1.170245 0.620030 -0.617920
v -1.187252 0.623911 -0.617920
v -1.187252 0.623911 -0.491156
v -1.170245 0.620030 -0.491156
v -1.200891 0.613035 -0.617920
v -1.200891 0.613035 -0.491156
v -1.200891 0.595591 -0.617920
v -1.200891 0.595591 -0.491156
v -1.187252 0.584715 -0.617920
v -1.187252 0.584715 -0.491156
v -1.170245 0.588596 -0.617920
v -1.170245 0.588596 -0.491156
v -1.162676 0.604313 -0.617920
v -1.162676 0.604313 -0.491156
v -1.187332 0.582672 -0.617920
v -1.204339 0.586553 -0.617920
v -1.204339 0.586553 -0.491156
v -1.187332 0.582672 -0.491156
v -1.217977 0.575677 -0.617920
v -1.217977 0.575677 -0.491156
v -1.217977 0.558233 -0.617920
v -1.217977 0.558233 -0.491156
v -1.204339 0.547356 -0.617920
v -1.204339 0.547356 -0.491156
v -1.187332 0.551238 -0.617920
v -1.187332 0.551238 -0.491156
v -1.179763 0.566955 -0.617920
v -1.179763 0.566955 -0.491156
v -1.186537 0.543090 -0.617920
v -1.203544 0.546971 -0.617920
v -1.203544 0.546971 -0.491156
v -1.186537 0.543090 -0.491156
v -1.217182 0.536095 -0.617920
v -1.217182 0.536095 -0.491156
v -1.217182 0.518651 -0.617920
v -1.217182 0.518651 -0.491156
v -1.203544 0.507775 -0.617920
v -1.203544 0.507775 -0.491156
v -1.186537 0.511656 -0.617920
v -1.186537 0.511656 -0.491156
v -1.178968 0.527373 -0.617920
v -1.178968 0.527373 -0.491156
v -1.166532 0.507577 -0.617920
v -1.183539 0.511459 -0.617920
v -1.183539 0.511459 -0.491156
v -1.166532 0.507577 -0.491156
v -1.197178 0.500583 -0.617920
v -1.197178 0.500583 -0.491156
v -1.197178 0.483138 -0.617920
v -1.197178 0.483138 -0.491156
v -1.183539 0.472262 -0.617920
v -1.183539 0.472262 -0.491156
v -1.166532 0.476144 -0.617920
v -1.166532 0.476144 -0.491156
v -1.158964 0.491860 -0.617920
v -1.158964 0.491860 -0.491156
v -1.132620 0.486971 -0.617920
v -1.149626 0.490852 -0.617920
v -1.149626 0.490852 -0.491156
v -1.132620 0.486971 -0.491156
v -1.163265 0.479976 -0.617920
v -1.163265 0.479976 -0.491156
v -1.163265 0.462532 -0.617920
v -1.163265 0.462532 -0.491156
v -1.149626 0.451655 -0.617920
v -1.149626 0.451655 -0.491156
v -1.132620 0.455537 -0.617920
v -1.132620 0.455537 -0.491156
v -1.125051 0.471254 -0.617920
v -1.125051 0.471254 -0.491156
v -1.091688 0.486971 -0.617920
v -1.108695 0.490852 -0.617920
v -1.108695 0.490852 -0.491156
v -1.091688 0.486971 -0.491156
v -1.122333 0.479976 -0.617920
v -1.122333 0.479976 -0.491156
v -1.122333 0.462532 -0.617920
v -1.122333 0.462532 -0.491156
v -1.108695 0.451655 -0.617920
v -1.108695 0.451655 -0.491156
v -1.091688 0.455537 -0.617920
v -1.091688 0.455537 -0.491156
v -1.084119 0.471254 -0.617920
v -1.084119 0.471254 -0.491156
v -1.052209 0.500521 -0.617920
v -1.069215 0.504403 -0.617920
v -1.069215 0.504403 -0.491156
v -1.052209 0.500521 -0.491156
v -1.082854 0.493526 -0.617920
v -1.082854 0.493526 -0.491156
v -1.082854 0.476082 -0.617920
v -1.082854 0.476082 -0.491156
v -1.069215 0.465206 -0.617920
v -1.069215 0.465206 -0.491156
v -1.052209 0.469088 -0.617920
v -1.052209 0.469088 -0.491156
v -1.044640 0.484804 -0.617920
v -1.044640 0.484804 -0.491156
v -1.026173 0.536736 -0.617920
v -1.043180 0.540617 -0.617920
v -1.043180 0.540617 -0.491156
v -1.026173 0.536736 -0.491156
v -1.056818 0.529741 -0.617920
v -1.056818 0.529741 -0.491156
v -1.056818 0.512297 -0.617920
v -1.056818 0.512297 -0.491156
v -1.043180 0.501421 -0.617920
v -1.043180 0.501421 -0.491156
v -1.026173 0.505302 -0.617920
v -1.026173 0.505302 -0.491156
v -1.018604 0.521019 -0.617920
v -1.018604 0.521019 -0.491156
v -1.059712 0.577071 -0.617920
v -1.076719 0.580953 -0.617920
v -1.076719 0.580953 -0.491156
v -1.059712 0.577071 -0.491156
v -1.090358 0.570077 -0.617920
v -1.090358 0.570077 -0.491156
v -1.090358 0.552633 -0.617920
v -1.090358 0.552633 -0.491156
v -1.076719 0.541756 -0.617920
v -1.076719 0.541756 -0.491156
v -1.059712 0.545638 -0.617920
v -1.059712 0.545638 -0.491156
v -1.052144 0.561355 -0.617920
v -1.052144 0.561355 -0.491156
v -1.064382 0.538792 -0.617920
v -1.081389 0.542674 -0.617920
v -1.081389 0.542674 -0.491156
v -1.064382 0.538792 -0.491156
v -1.095028 0.531798 -0.617920
v -1.095028 0.531798 -0.491156
v -1.095028 0.514353 -0.617920
v -1.095028 0.514353 -0.491156
v -1.081389 0.503477 -0.617920
v -1.081389 0.503477 -0.491156
v -1.064382 0.507359 -0.617920
v -1.064382 0.507359 -0.491156
v -1.056813 0.523075 -0.617920
v -1.056813 0.523075 -0.491156
v -1.100984 0.526783 -0.617920
v -1.117991 0.530665 -0.617920
v -1.117991 0.530665 -0.491156
v -1.100984 0.526783 -0.491156
v -1.131629 0.519789 -0.617920
v -1.131629 0.519789 -0.491156
v -1.131629 0.502344 -0.617920
v -1.131629 0.502344 -0.491156
v -1.117991 0.491468 -0.617920
v -1.117991 0.491468 -0.491156
v -1.100984 0.495350 -0.617920
v -1.100984 0.495350 -0.491156
v -1.093415 0.511067 -0.617920
v -1.093415 0.511067 -0.491156
v -1.138600 0.538219 -0.617920
v -1.155607 0.542100 -0.617920
v -1.155607 0.542100 -0.491156
v -1.138600 0.538219 -0.491156
v -1.169246 0.531224 -0.617920
v -1.169246 0.531224 -0.491156
v -1.169246 0.513780 -0.617920
v -1.169246 0.513780 -0.491156
v -1.155607 0.502904 -0.617920
v -1.155607 0.502904 -0.491156
v -1.138600 0.506785 -0.617920
v -1.138600 0.506785 -0.491156
v -1.131032 0.522502 -0.617920
v -1.131032 0.522502 -0.491156
v -1.145980 0.576363 -0.617920
v -1.162987 0.580245 -0.617920
v -1.162987 0.580245 -0.491156
v -1.145980 0.576363 -0.491156
v -1.176626 0.569369 -0.617920
v -1.176626 0.569369 -0.491156
v -1.176626 0.551924 -0.617920
v -1.176626 0.551924 -0.491156
v -1.162987 0.541048 -0.617920
v -1.162987 0.541048 -0.491156
v -1.145980 0.544930 -0.617920
v -1.145980 0.544930 -0.491156
v -1.138412 0.560647 -0.617920
v -1.138412 0.560647 -0.491156
v -1.126729 0.608169 -0.617920
v -1.143736 0.612051 -0.617920
v -1.143736 0.612051 -0.491156
v -1.126729 0.608169 -0.491156
v -1.157375 0.601174 -0.617920
v -1.157375 0.601174 -0.491156
v -1.157375 0.583730 -0.617920
v -1.157375 0.583730 -0.491156
v -1.143736 0.572854 -0.617920
v -1.143736 0.572854 -0.491156
v -1.126729 0.576735 -0.617920
v -1.126729 0.576735 -0.491156
v -1.119160 0.592452 -0.617920
v -1.119160 0.592452 -0.491156
v -1.087865 0.606810 -0.617920
v -1.104872 0.610691 -0.617920
v -1.104872 0.610691 -0.491156
v -1.087865 0.606810 -0.491156
v -1.118511 0.599815 -0.617920
v -1.118511 0.599815 -0.491156
v -1.118511 0.582371 -0.617920
v -1.118511 0.582371 -0.491156
v -1.104872 0.571495 -0.617920
v -1.104872 0.571495 -0.491156
v -1.087865 0.575376 -0.617920
v -1.087865 0.575376 -0.491156
v -1.080297 0.591093 -0.617920
v -1.080297 0.591093 -0.491156
v -1.103605 0.567896 -0.617920
v -1.120612 0.571777 -0.617920
v -1.120612 0.571777 -0.491156
v -1.103605 0.567896 -0.491156
v -1.134250 0.560901 -0.617920
v -1.134250 0.560901 -0.491156
v -1.134250 0.543457 -0.617920
v -1.134250 0.543457 -0.491156
v -1.120612 0.532581 -0.617920
v -1.120612 0.532581 -0.491156
v -1.103605 0.536462 -0.617920
v -1.103605 0.536462 -0.491156
v -1.096036 0.552179 -0.617920
v -1.096036 0.552179 -0.491156
v -0.754435 0.658584 -1.344352
v -0.768599 0.664451 -1.344352
v -0.768599 0.681432 -1.333005
v -0.742427 0.670592 -1.333005
v -0.782763 0.658584 -1.344352
v -0.794771 0.670592 -1.333005
v -0.788630 0.644419 -1.344352
v -0.805612 0.644419 -1.333005
v -0.782763 0.630255 -1.344352
v -0.794771 0.618247 -1.333005
v -0.768599 0.624388 -1.344352
v -0.768599 0.607406 -1.333005
v -0.754435 0.630255 -1.344352
v -0.742427 0.618247 -1.333005
v -0.748568 0.644419 -1.344352
v -0.731586 0.644419 -1.333005
v -0.768599 0.734743 -1.173612
v -0.704731 0.708288 -1.173612
v -0.832467 0.708288 -1.173612
v -0.858922 0.644419 -1.173612
v -0.832467 0.580551 -1.173612
v -0.768599 0.554096 -1.173612
v -0.704731 0.580551 -1.173612
v -0.678276 0.644419 -1.173612
v -0.768599 0.734743 -0.602411
v -0.704731 0.708288 -0.602411
v -0.832467 0.708288 -0.602411
v -0.858922 0.644419 -0.602411
v -0.832467 0.580551 -0.602411
v -0.768599 0.554096 -0.602411
v -0.704731 0.580551 -0.602411
v -0.678276 0.644419 -0.602411
v -0.768599 0.713550 -0.570693
v -0.719716 0.693302 -0.570693
v -0.817482 0.693302 -0.570693
v -0.837730 0.644419 -0.570693
v -0.817482 0.595537 -0.570693
v -0.768599 0.575289 -0.570693
v -0.719716 0.595537 -0.570693
v -0.699468 0.644419 -0.570693
v -0.768599 0.681833 -0.549500
v -0.742144 0.670874 -0.549500
v -0.795054 0.670874 -0.549500
v -0.806012 0.644419 -0.549500
v -0.795054 0.617964 -0.549500
v -0.768599 0.607006 -0.549500
v -0.742144 0.617964 -0.549500
v -0.731186 0.644419 -0.549500
v -0.768599 0.644419 -1.348336
v -0.768599 0.644419 -0.542058
v -0.742427 0.618247 -1.333005
v -0.704731 0.580551 -1.173612
v -0.678534 0.554355 -1.220724
v -0.678382 0.554202 -1.288153
v -0.770041 0.681404 -1.333005
v -0.772119 0.734674 -1.173612
v -0.773562 0.771693 -1.220724
v -0.773571 0.771909 -1.288153
v -0.795874 0.619398 -1.333005
v -0.835158 0.583359 -1.173612
v -0.862457 0.558315 -1.220724
v -0.862616 0.558169 -1.288153
vn -0.8865 0.2873 -0.3627
vn -0.4629 0.8451 -0.2672
vn -0.4672 0.5284 -0.7089
vn -0.8753 0.4534 0.1680
vn -0.8693 0.4639 -0.1706
vn -0.8782 0.2666 0.3970
vn -0.4294 0.8465 0.3148
vn -0.8807 -0.0250 0.4731
vn -0.4332 0.5001 0.7498
vn -0.4672 -0.5289 0.7085
vn -0.4323 -0.0477 0.9005
vn -0.8782 -0.2666 0.3970
vn -0.4630 -0.8451 0.2672
vn -0.8753 -0.4535 -0.1680
vn -0.8693 -0.4639 0.1707
vn -0.8782 -0.2666 -0.3970
vn -0.4294 -0.8465 -0.3147
vn -0.8807 0.0250 -0.4731
vn -0.4332 -0.5001 -0.7498
vn -0.4323 0.0477 -0.9005
vn 0.4479 0.5351 -0.7163
vn 0.4027 0.8592 -0.3156
vn 0.4007 0.8847 0.2382
vn 0.4022 0.5798 0.7086
vn 0.4049 0.0439 0.9133
vn 0.4053 -0.5103 0.7585
vn 0.4027 -0.8592 0.3156
vn 0.4008 -0.8847 -0.2382
vn 0.4018 -0.5801 -0.7085
vn 0.4033 -0.0437 -0.9140
vn 0.8756 0.2907 -0.3857
vn 0.8547 0.4868 -0.1803
vn 0.8754 0.2897 0.3871
vn 0.8546 0.5024 0.1313
vn 0.8776 -0.0000 0.4795
vn 0.8578 -0.2868 0.4265
vn 0.8547 -0.4868 0.1804
vn 0.8756 -0.2907 -0.3857
vn 0.8546 -0.5024 -0.1314
vn 0.8780 -0.0000 -0.4786
vn -0.9427 0.2001 -0.2671
vn -0.9408 0.3233 -0.1018
vn -0.9427 0.2003 0.2670
vn -0.9408 0.3233 0.1018
vn -0.9438 -0.0000 0.3304
vn -0.9427 -0.2002 0.2670
vn -0.9408 -0.3233 -0.1018
vn -0.9408 -0.3233 0.1019
vn -0.9427 -0.2001 -0.2671
vn -0.9438 -0.0000 -0.3304
vn 0.9381 0.2077 -0.2772
vn 0.9361 0.3355 -0.1056
vn 0.9361 0.3355 0.1057
vn 0.9381 0.2077 0.2773
vn 0.9393 -0.0000 0.3430
vn 0.9381 -0.2078 0.2772
vn 0.9361 -0.3355 0.1057
vn 0.9361 -0.3355 -0.1057
vn 0.9381 -0.2078 -0.2771
vn 0.9403 -0.0000 -0.3402
vn 0.7266 0.4094 -0.5517
vn 0.7256 0.6557 -0.2086
vn 1.0000 -0.0000 -0.0000
vn 0.7256 0.6557 0.2086
vn 0.7266 0.4094 0.5517
vn 0.7284 -0.0000 0.6851
vn 0.7266 -0.4094 0.5517
vn 0.7256 -0.6557 0.2086
vn 0.7256 -0.6557 -0.2086
vn 0.7266 -0.4094 -0.5517
vn 0.7255 -0.0000 -0.6882
vn -0.0000 0.5959 -0.8030
vn -0.0000 0.9530 -0.3031
vn -0.0000 0.9530 0.3031
vn 0.2887 0.8244 0.4868
vn 0.2533 -0.7112 0.6557
vn 0.7684 0.0942 0.6330
vn -0.0000 -0.9530 0.3031
vn -0.0000 -0.9530 -0.3031
vn -0.0000 -0.5959 -0.8030
vn -0.0000 -0.0000 -1.0000
vn 0.7310 0.0056 0.6824
vn -0.0000 0.9951 0.0990
vn 0.5632 0.7664 0.3088
vn 0.4811 -0.5868 0.6513
vn -0.0000 0.5960 -0.8030
vn -0.0000 0.9148 0.4038
vn -0.0000 -0.6725 0.7401
vn -0.0000 -0.0000 1.0000
vn -0.0000 -0.8695 0.4940
vn -0.7266 0.4094 -0.5517
vn -1.0000 -0.0000 -0.0000
vn -0.7256 0.6557 -0.2085
vn -0.7257 0.6557 0.2086
vn -0.7266 0.4094 0.5517
vn -0.7284 -0.0000 0.6851
vn -0.7266 -0.4094 0.5517
vn -0.7257 -0.6557 0.2086
vn -0.7256 -0.6557 -0.2086
vn -0.7266 -0.4094 -0.5517
vn -0.7255 -0.0000 -0.6882
vn -0.2884 0.8231 0.4891
vn -0.7304 0.0056 0.6829
vn -0.2553 -0.7262 0.6384
vn -0.6389 -0.1223 0.7595
vn -0.5968 0.7373 0.3167
vn -0.7296 -0.3609 0.5809
vn -0.8090 -0.0000 -0.5878
vn -0.8090 -0.0000 0.5878
vn -0.3090 -0.0000 0.9511
vn 0.3090 -0.0000 0.9511
vn 0.8090 -0.0000 0.5878
vn 0.8090 -0.0000 -0.5878
vn 0.3090 -0.0000 -0.9511
vn -0.3090 -0.0000 -0.9511
vn -0.5512 -0.7319 -0.4005
vn -0.5513 -0.7319 -0.4005
vn -0.6814 -0.7319 -0.0000
vn -0.5512 -0.7319 0.4005
vn -0.2106 -0.7319 0.6480
vn -0.2105 -0.7319 0.6480
vn 0.2105 -0.7319 0.6480
vn 0.2106 -0.7319 0.6480
vn 0.5512 -0.7319 0.4005
vn 0.5513 -0.7319 0.4005
vn 0.6814 -0.7319 -0.0000
vn 0.5512 -0.7319 -0.4005
vn 0.2106 -0.7319 -0.6480
vn -0.2106 -0.7319 -0.6480
vn 0.3090 -0.0000 -0.9510
vn -0.3090 -0.0000 -0.9510
vn -0.0000 -1.0000 -0.0000
vn -0.6017 0.6521 0.4613
vn -0.4662 0.7222 0.5109
vn -0.5995 0.6534 0.4622
vn -0.3082 0.7767 0.5494
vn -0.0000 0.8164 0.5775
vn -0.4686 0.7212 0.5102
vn 0.6017 0.6521 0.4613
vn 0.4662 0.7222 0.5109
vn 0.4686 0.7212 0.5102
vn 0.3082 0.7767 0.5494
vn 0.5995 0.6534 0.4622
vn 0.2241 -0.8022 -0.5534
vn 0.1621 -0.4117 -0.8968
vn 0.2241 -0.8025 -0.5529
vn 0.1621 -0.4111 -0.8971
vn 0.0940 0.0475 -0.9944
vn 0.0940 0.0482 -0.9944
vn 0.0332 0.4942 -0.8687
vn 0.0332 0.4948 -0.8684
vn -0.0124 0.8535 -0.5209
vn -0.0124 0.8538 -0.5204
vn -0.0305 0.9995 -0.0001
vn -0.0137 0.8538 0.5204
vn -0.0305 0.9995 -0.0000
vn 0.0309 0.4947 0.8685
vn -0.0137 0.8535 0.5209
vn 0.0913 0.0480 0.9947
vn 0.0309 0.4941 0.8689
vn 0.1597 -0.4112 0.8975
vn 0.0914 0.0473 0.9947
vn 0.2226 -0.8022 0.5540
vn 0.1597 -0.4118 0.8972
vn 0.2508 -0.9680 0.0004
vn 0.2226 -0.8025 0.5536
vn 0.2508 -0.9680 0.0003
vn -0.2241 -0.8022 -0.5534
vn -0.1621 -0.4117 -0.8968
vn -0.1621 -0.4111 -0.8971
vn -0.0940 0.0475 -0.9944
vn -0.0940 0.0482 -0.9944
vn -0.0332 0.4942 -0.8687
vn -0.0331 0.4948 -0.8684
vn 0.0124 0.8536 -0.5209
vn 0.0124 0.8538 -0.5204
vn 0.0305 0.9995 -0.0001
vn 0.0305 0.9995 -0.0000
vn 0.0137 0.8538 0.5204
vn 0.0137 0.8535 0.5209
vn -0.0309 0.4947 0.8685
vn -0.0309 0.4941 0.8689
vn -0.0913 0.0480 0.9947
vn -0.0914 0.0473 0.9947
vn -0.1597 -0.4112 0.8975
vn -0.1597 -0.4118 0.8972
vn -0.2226 -0.8022 0.5540
vn -0.2226 -0.8025 0.5536
vn -0.2508 -0.9680 0.0004
vn -0.2241 -0.8025 -0.5529
vn -0.4294 0.8465 0.3147
vn -0.4628 -0.8452 0.2673
vn -0.8753 -0.4534 0.1680
vn -0.4630 -0.8451 -0.2672
vn -0.8698 -0.4772 -0.1253
vn 0.4021 0.5798 0.7086
vn -0.9427 0.2000 -0.2671
vn -0.9408 0.3234 -0.1015
vn -0.9427 0.2001 0.2671
vn -0.9427 -0.2001 0.2671
vn -0.9408 -0.3233 0.1018
vn -0.9427 -0.2000 -0.2671
vn 0.9381 0.2078 -0.2772
vn 0.9361 0.3355 -0.1057
vn 0.9361 0.3355 0.1059
vn 0.9381 0.2078 0.2772
vn 0.9381 -0.2077 -0.2772
vn -0.9010 0.2695 -0.3400
vn -0.4810 0.8359 -0.2643
vn -0.4852 0.5227 -0.7010
vn -0.8906 0.4262 0.1586
vn -0.8853 0.4363 -0.1610
vn -0.8932 0.2502 0.3735
vn -0.4452 0.8380 0.3157
vn -0.8954 -0.0243 0.4445
vn -0.4488 0.4926 0.7456
vn -0.4852 -0.5231 0.7007
vn -0.4478 -0.0515 0.8927
vn -0.8932 -0.2502 0.3735
vn -0.4808 -0.8360 0.2644
vn -0.8906 -0.4262 0.1586
vn -0.4810 -0.8359 -0.2643
vn -0.8932 -0.2502 -0.3735
vn -0.8858 -0.4491 -0.1173
vn -0.8954 0.0243 -0.4445
vn -0.4488 -0.4925 -0.7456
vn -0.4478 0.0515 -0.8927
vn 0.4666 0.5294 -0.7086
vn 0.4179 0.8515 -0.3168
vn 0.4160 0.8790 0.2330
vn 0.4171 0.5786 0.7009
vn 0.4198 0.0477 0.9064
vn 0.4203 -0.5032 0.7551
vn 0.4179 -0.8515 0.3167
vn 0.4160 -0.8791 -0.2329
vn 0.4168 -0.5789 -0.7008
vn 0.4182 -0.0474 -0.9071
vn 0.8910 0.2732 -0.3625
vn 0.8878 0.4390 0.1384
vn 0.8719 0.4590 -0.1706
vn 0.8909 0.2722 0.3637
vn 0.8928 -0.0000 0.4504
vn 0.8747 -0.2699 0.4025
vn 0.8719 -0.4590 0.1708
vn 0.8910 -0.2732 -0.3625
vn 0.8718 -0.4741 -0.1232
vn 0.8932 -0.0000 -0.4497
vn -0.9509 0.1857 -0.2477
vn -0.9492 0.3000 -0.0944
vn -0.9509 0.1859 0.2475
vn -0.9493 0.3000 0.0943
vn -0.9519 -0.0000 0.3065
vn -0.9509 -0.1856 0.2478
vn -0.9492 -0.3001 -0.0944
vn -0.9492 -0.3001 0.0943
vn -0.9509 -0.1858 -0.2476
vn -0.9519 -0.0000 -0.3065
vn 0.9469 0.1929 -0.2573
vn 0.9451 0.3117 -0.0979
vn 0.9451 0.3117 0.0979
vn 0.9469 0.1929 0.2573
vn 0.9480 -0.0000 0.3184
vn 0.9469 -0.1929 0.2573
vn 0.9451 -0.3116 0.0980
vn 0.9451 -0.3116 -0.0980
vn 0.9469 -0.1929 -0.2573
vn 0.9489 -0.0000 -0.3157
vn 0.8932 0.2502 -0.3735
vn 0.4811 0.8358 -0.2646
vn 0.8993 0.4171 -0.1315
vn 0.8994 0.4169 0.1314
vn 0.4633 0.8321 0.3048
vn 0.9023 0.2585 0.3451
vn 0.4673 0.4947 0.7327
vn 0.9041 -0.0000 0.4273
vn 0.4852 -0.5228 0.7010
vn 0.9023 -0.2584 0.3451
vn 0.4809 -0.8359 0.2646
vn 0.8994 -0.4169 0.1314
vn 0.4811 -0.8358 -0.2645
vn 0.8993 -0.4171 -0.1315
vn 0.9023 -0.2585 -0.3451
vn 0.4673 -0.4947 -0.7327
vn 0.9041 -0.0000 -0.4273
vn 0.4488 0.4925 -0.7456
vn -0.4537 0.5586 -0.6944
vn -0.4466 0.8413 -0.3044
vn -0.4452 0.8638 0.2359
vn -0.4485 0.5638 0.6935
vn 0.4478 0.0515 0.8927
vn -0.4518 0.0388 0.8913
vn -0.4507 -0.5025 0.7379
vn -0.4465 -0.8414 0.3043
vn -0.4453 -0.8638 -0.2358
vn -0.4481 -0.5641 -0.6935
vn 0.4478 -0.0515 -0.8927
vn -0.4501 -0.0385 -0.8922
vn -0.8894 0.2857 -0.3568
vn -0.8878 0.4390 0.1384
vn -0.8909 0.2722 0.3637
vn -0.8928 -0.0000 0.4504
vn -0.8807 -0.2629 0.3941
vn -0.8778 -0.4486 0.1679
vn -0.8911 -0.2732 -0.3625
vn -0.8932 -0.0000 -0.4497
vn 0.9509 0.1857 -0.2477
vn 0.9492 0.3001 -0.0944
vn 0.9493 0.3000 0.0943
vn 0.9509 0.1857 0.2478
vn 0.9519 -0.0000 0.3065
vn 0.9509 -0.1857 0.2478
vn 0.9492 -0.3001 0.0944
vn 0.9492 -0.3001 -0.0944
vn 0.9509 -0.1858 -0.2476
vn 0.9519 -0.0000 -0.3065
vn -0.8648 0.4830 -0.1369
vn -0.9469 0.1930 -0.2573
vn -0.9451 0.3116 -0.0982
vn -0.9451 0.3115 0.0984
vn -0.9469 0.1929 0.2573
vn -0.9480 -0.0000 0.3184
vn -0.9469 -0.1929 0.2573
vn -0.9451 -0.3115 0.0984
vn -0.9451 -0.3116 -0.0982
vn -0.9469 -0.1929 -0.2573
vn -0.8627 -0.4824 -0.1517
vn -0.9489 -0.0000 -0.3157
vn 0.5878 0.8082 0.0374
vn -0.0000 0.9989 0.0463
vn -0.5878 0.8082 0.0374
vn -0.9511 0.3087 0.0143
vn -0.9511 -0.3087 -0.0143
vn -0.5878 -0.8082 -0.0374
vn -0.0000 -0.9989 -0.0463
vn 0.5878 -0.8082 -0.0374
vn 0.9511 -0.3087 -0.0143
vn 0.9511 0.3087 0.0143
vn 0.2620 0.1463 0.9539
vn 0.1001 0.2638 0.9594
vn -0.0000 -0.0463 0.9989
vn -0.1001 0.2638 0.9594
vn -0.2620 0.1463 0.9539
vn -0.3238 -0.0438 0.9451
vn -0.2620 -0.2339 0.9363
vn -0.1001 -0.3514 0.9309
vn 0.1001 -0.3514 0.9309
vn 0.2620 -0.2339 0.9363
vn 0.3238 -0.0438 0.9451
vn -0.2793 0.9592 0.0444
vn 0.7811 -0.6238 -0.0289
vn 0.7845 0.6195 0.0287
vn -0.2896 -0.9561 -0.0443
vn 0.7845 -0.6195 -0.0287
vn 0.7873 0.6160 0.0285
vn 0.2794 0.9591 0.0444
vn 0.2793 0.9592 0.0444
vn -0.7811 -0.6238 -0.0289
vn -0.7845 0.6194 0.0287
vn -0.0000 -0.0464 0.9989
vn 0.2896 -0.9561 -0.0443
vn -0.7845 -0.6195 -0.0287
vn -0.7873 0.6160 0.0285
vn -0.0000 -0.0462 0.9989
vn -0.0000 -0.9059 0.4234
vn 0.7988 -0.5450 0.2547
vn -0.0000 -0.8199 0.5725
vn -0.7988 -0.5450 0.2547
vn -0.0000 1.0000 -0.0000
vn -0.9897 0.0167 0.1425
vn -0.9898 0.0155 0.1415
vn -0.9915 -0.0000 0.1299
vn -0.0000 0.2026 0.9793
vn 0.9897 0.0167 0.1425
vn 0.9898 0.0155 0.1415
vn 0.9876 0.0318 0.1537
vn -0.0000 0.2124 0.9772
vn 0.1318 -0.2593 0.9568
vn 0.3657 0.2017 0.9086
vn -0.5225 -0.8421 0.1338
vn 0.6719 -0.7045 -0.2287
vn 0.4950 -0.8589 -0.1311
vn 0.4956 -0.8585 0.1318
vn 0.6674 -0.7043 0.2421
vn 0.0139 -0.9403 0.3402
vn -0.4075 -0.7356 -0.5411
vn 0.8090 -0.4901 -0.3244
vn 0.8089 -0.4904 0.3244
vn -0.4282 -0.7273 0.5364
vn -0.3829 -0.5204 -0.7632
vn 0.8980 -0.2259 -0.3775
vn 0.8954 -0.2175 0.3884
vn -0.3841 -0.5204 0.7627
vn 0.1921 -0.5865 -0.7868
vn -0.3611 -0.3114 -0.8790
vn 0.9203 0.0734 -0.3843
vn 0.9182 0.0719 0.3895
vn -0.3685 -0.2767 0.8875
vn 0.6752 0.1072 -0.7298
vn 0.8963 0.2334 -0.3770
vn -1.0000 0.0041 -0.0000
vn -0.5608 -0.8218 0.1006
vn -0.9999 -0.0119 -0.0000
vn -0.9999 -0.0140 -0.0000
vn -0.7005 -0.7102 0.0695
vn -0.5612 -0.8216 -0.0999
vn -0.0000 -0.9951 0.0990
vn -0.0000 -0.9804 0.1971
vn -0.1318 -0.2593 0.9568
vn -0.3657 0.2017 0.9086
vn 0.1961 -0.6244 -0.7561
vn -0.6719 -0.7045 -0.2286
vn 0.4772 -0.6881 -0.5466
vn -0.5209 -0.8421 0.1398
vn -0.5310 -0.8374 -0.1295
vn 0.5212 -0.8424 -0.1365
vn -0.6686 -0.6993 0.2529
vn -0.8090 -0.4901 -0.3244
vn 0.4319 -0.4934 -0.7550
vn -0.8089 -0.4904 0.3245
vn 0.4076 -0.7357 0.5409
vn -0.8980 -0.2259 -0.3776
vn 0.4094 -0.3118 -0.8574
vn 0.3830 -0.5204 0.7632
vn -0.8961 -0.2137 0.3891
vn -0.1921 -0.5865 -0.7869
vn -0.9203 0.0753 -0.3838
vn 0.3799 -0.2753 0.8831
vn -0.9182 0.0706 0.3898
vn -0.6752 0.1072 -0.7298
vn -0.8963 0.2332 0.3772
vn -0.8963 0.2333 -0.3770
vn 1.0000 0.0037 0.0016
vn 0.5608 -0.8218 0.1005
vn 0.9999 -0.0119 -0.0000
vn 0.9999 -0.0140 -0.0000
vn 0.7016 -0.7101 0.0599
vn 0.5604 -0.8234 -0.0890
vn 0.2083 0.6554 -0.7260
vn 0.5564 0.4042 0.7260
vn 0.5564 0.4042 -0.7260
vn -0.2168 0.6527 -0.7260
vn 0.3447 0.7032 0.6218
vn -0.5591 0.4006 -0.7259
vn -0.1344 0.7715 0.6219
vn -0.6878 -0.0045 -0.7259
vn -0.5622 0.5451 0.6219
vn -0.5538 -0.4078 -0.7260
vn -0.7753 0.1105 0.6219
vn -0.2083 -0.6554 -0.7260
vn -0.6922 -0.3663 0.6219
vn 0.2168 -0.6527 -0.7260
vn -0.3447 -0.7032 0.6219
vn 0.5591 -0.4006 -0.7259
vn 0.1344 -0.7715 0.6219
vn 0.6878 0.0045 -0.7259
vn 0.5622 -0.5452 0.6218
vn 0.7753 -0.1105 0.6219
vn 0.7071 0.7071 -0.0000
vn -0.7071 0.7071 -0.0000
vn -0.7071 -0.7071 -0.0000
vn 0.7071 -0.7071 -0.0000
vn 0.6379 0.6379 0.4315
vn -0.0000 0.9021 0.4315
vn -0.6379 0.6379 0.4315
vn -0.9021 -0.0000 0.4315
vn -0.6379 -0.6379 0.4315
vn -0.0000 -0.9021 0.4315
vn 0.6379 -0.6379 0.4315
vn 0.9021 -0.0000 0.4315
vn -0.7090 0.7052 -0.0000
vn 0.2683 0.7983 -0.5391
vn 0.6733 0.6477 0.3565
vn 0.7811 0.4462 -0.4368
vn -0.2486 0.9354 0.2513
vn -0.2984 0.7768 -0.5546
vn -0.8050 0.4312 -0.4075
vn -0.8336 0.1953 0.5167
vn -0.9656 -0.0879 -0.2449
vn -0.6799 -0.2674 0.6828
vn -0.7812 -0.6220 -0.0529
vn -0.2666 -0.5568 0.7867
vn -0.2984 -0.9522 0.0653
vn 0.3317 -0.9396 0.0843
vn 0.8048 -0.5921 -0.0402
vn 0.2418 -0.5822 0.7763
vn 0.9708 -0.0493 -0.2348
vn 0.6720 -0.3025 0.6759
vn 0.8452 0.1612 0.5095
vn 0.1754 0.7861 0.5927
vn 0.4591 0.5921 0.6623
vn 0.2572 0.9420 0.2155
vn -0.6828 0.6380 0.3560
vn -0.1548 0.8174 0.5548
vn -0.5674 0.2781 0.7751
vn -0.4675 0.6269 0.6232
vn -0.1754 -0.2299 0.9573
vn -0.5056 -0.0384 0.8619
vn 0.4590 -0.0358 0.8877
vn 0.1549 -0.2782 0.9480
vn 0.6013 0.2392 0.7624
vn 0.0788 0.5548 0.8283
vn 0.2064 0.4676 0.8595
vn -0.0637 0.5915 0.8038
vn -0.2192 0.5050 0.8349
vn -0.2910 0.3490 0.8908
vn -0.0788 0.0984 0.9920
vn -0.2515 0.1829 0.9504
vn 0.2064 0.1854 0.9607
vn 0.0638 0.0546 0.9965
vn 0.2550 0.3265 0.9101
vn -0.0000 0.3377 0.9412
vn 0.1889 0.2801 -0.9412
vn 0.4946 0.0710 -0.8662
vn -0.1889 0.2801 -0.9412
vn -0.6114 -0.2672 -0.7448
vn -0.4946 0.0710 -0.8662
vn -0.4946 -0.6055 -0.6235
vn -0.1889 -0.8146 -0.5485
vn 0.4946 -0.6055 -0.6235
vn 0.1889 -0.8146 -0.5485
vn 0.6114 -0.2672 -0.7448
vn 0.7844 0.0060 0.6202
vn 0.6198 -0.0303 0.7842
vn 0.7470 0.0003 0.6648
vn 0.0112 -0.6415 0.7671
vn -0.0250 -0.5137 0.8576
vn -0.0206 -0.6407 0.7675
vn -0.8015 0.0058 0.5979
vn -0.6385 -0.0178 0.7694
vn -0.8105 0.1238 0.5725
vn 0.7950 0.5826 0.1686
vn 0.1493 0.9885 0.0245
vn 0.4469 0.7026 0.5537
vn 0.9204 -0.1465 0.3624
vn 0.1733 -0.9556 0.2382
vn 0.7882 -0.6051 0.1118
vn 0.9967 -0.0116 -0.0799
vn 0.6986 0.6902 -0.1888
vn 0.7352 0.6003 -0.3148
vn 0.7398 -0.6484 -0.1797
vn 0.9973 -0.0042 -0.0732
vn 0.7730 0.3939 -0.4974
vn 0.8377 -0.2064 -0.5056
vn 0.1031 0.9541 -0.2811
vn 0.2169 0.5436 -0.8108
vn 0.1136 -0.9896 -0.0881
vn 0.2326 -0.5962 -0.7684
vn -0.7164 -0.6958 -0.0518
vn 0.7069 -0.7072 -0.0135
vn -0.7069 -0.7072 -0.0122
vn 0.7036 -0.7085 0.0550
vn -0.7039 -0.7082 0.0546
vn 0.7156 -0.4853 0.5024
vn -0.3318 -0.6578 0.6761
vn -0.8359 -0.5134 -0.1940
vn -0.7815 -0.6010 0.1676
vn 0.7589 -0.6391 -0.1249
vn 0.7197 -0.6923 -0.0532
vn -0.8504 -0.4509 0.2712
vn 0.6369 -0.7405 0.2146
vn -0.3000 -0.6094 0.7339
vn -0.4387 0.1281 0.8895
vn 0.5299 -0.8270 0.1880
vn 0.2535 -0.6039 0.7556
vn 0.8158 0.0827 0.5724
vn -0.6689 0.0229 -0.7430
vn -0.6093 -0.5290 -0.5907
vn 0.6132 0.0206 -0.7897
vn 0.4487 -0.5669 -0.6909
vn 0.6385 -0.0176 -0.7694
vn 0.0108 0.3719 -0.9282
vn 0.1681 0.7534 -0.6358
vn 0.6456 0.1941 -0.7386
vn -0.7013 0.0481 -0.7112
vn -0.5329 0.1828 -0.8262
vn -0.5229 -0.2851 0.8033
vn 0.5034 0.0136 0.8639
vn -0.0000 -0.7071 0.7071
vn -0.5057 0.3753 0.7768
vn 0.7068 -0.0131 -0.7073
vn -0.5051 0.3591 -0.7848
vn -0.0000 -0.7071 -0.7071
vn -0.5229 -0.2851 -0.8033
vn 0.8463 -0.1079 -0.5217
vn 0.8345 -0.0101 0.5509
vn 0.8544 -0.0889 0.5120
vn 0.0019 0.0946 0.9955
vn -0.5780 0.7084 0.4052
vn -0.0069 0.8046 -0.5937
vn -0.6615 0.6209 -0.4206
vn 0.0497 -0.0000 -0.9988
vn -0.5818 -0.6511 -0.4875
vn 0.0328 -0.7514 0.6590
vn -0.7257 -0.5067 0.4654
vn -0.1501 0.7319 0.6647
vn 0.8343 -0.0145 -0.5511
vn 0.6548 0.6235 0.4272
vn 0.5781 0.7047 -0.4115
vn 0.7541 -0.4944 -0.4323
vn 0.0497 -0.0000 0.9988
vn 0.5913 -0.6408 0.4896
vn -0.4446 0.0364 0.8950
vn 0.4943 -0.2866 0.8207
vn -0.7089 -0.0029 -0.7053
vn 0.4590 0.3980 0.7943
vn 0.4721 0.3562 -0.8064
vn 0.4943 -0.2866 -0.8207
vn -0.8108 0.0048 0.5852
vn -0.8250 -0.0891 -0.5580
vn -0.8251 -0.0889 0.5580
vn 0.0135 0.0961 0.9953
vn 0.0611 0.7912 -0.6085
vn 0.6419 0.6316 0.4349
vn 0.6419 0.6315 -0.4349
vn -0.0220 -0.0000 -0.9998
vn 0.0476 -0.7291 0.6828
vn 0.7077 -0.5146 -0.4842
vn 0.7066 -0.5167 0.4834
vn 0.1335 0.6916 0.7098
vn -0.6153 0.6430 0.4560
vn -0.8165 -0.0218 -0.5770
vn 0.0157 0.0911 -0.9957
vn -0.6985 -0.5148 -0.4970
vn -0.6461 -0.5477 0.5316
vn -0.0220 -0.0000 0.9998
vn 0.5393 -0.0676 0.8394
vn 0.3333 0.8958 0.2941
vn 0.1424 -0.3236 0.9354
vn 0.0483 -0.8738 0.4839
vn 0.0627 -0.3166 0.9465
vn 0.4051 -0.0883 0.9100
vn 0.2481 0.7544 -0.6077
vn 0.0842 -0.9925 -0.0890
vn -0.0424 -0.9561 0.2899
vn -0.0295 -0.9498 0.3114
vn 0.2342 0.9047 -0.3560
vn 0.2138 0.9214 -0.3246
vn 0.3168 0.9012 0.2957
vn 0.9562 -0.0207 0.2920
vn 0.8473 0.5073 0.1571
vn -0.6258 -0.5679 0.5347
vn 0.0187 -0.0209 0.9996
vn 0.3822 0.4016 -0.8323
vn 0.9286 0.0023 -0.3711
vn 0.0322 0.0035 -0.9995
vn -0.8168 -0.4824 -0.3163
vn -0.9109 0.0108 -0.4125
vn -0.9999 -0.0093 -0.0073
vn -0.7766 -0.5901 0.2206
vn -1.0000 0.0027 0.0066
vn -0.7694 -0.5893 0.2465
vn -0.9266 0.0060 0.3760
vn 0.6945 0.4648 -0.5491
vn 0.9999 -0.0119 -0.0059
vn 0.7235 0.6345 -0.2719
vn 0.0099 -0.5010 0.8654
vn -0.3015 -0.3015 0.9045
vn 0.7081 -0.0093 0.7061
vn -0.3015 0.3015 0.9045
vn 0.4887 0.0206 -0.8722
vn -0.3015 0.3015 -0.9045
vn -0.3015 -0.3015 -0.9045
vn 0.6822 -0.1220 -0.7209
vn 0.6976 -0.0893 0.7109
vn 0.7002 -0.0896 0.7083
vn -0.5773 0.5774 0.5773
vn 0.5774 0.5774 -0.5773
vn -0.5773 0.5774 -0.5774
vn -0.5774 -0.5773 -0.5774
vn 0.5774 -0.5774 0.5773
vn -0.5773 -0.5774 0.5774
vn 0.5773 0.5774 0.5773
vn 0.6979 -0.1071 -0.7082
vn 0.5773 -0.5774 -0.5774
vn -0.7095 -0.0164 0.7046
vn 0.3015 -0.3015 0.9045
vn -0.4968 0.0222 -0.8676
vn 0.3015 0.3015 0.9045
vn 0.3015 0.3015 -0.9045
vn 0.3015 -0.3015 -0.9045
vn -0.7032 -0.0687 0.7077
vn -0.7003 -0.0896 -0.7082
vn -0.7004 -0.0896 0.7081
vn 0.5773 0.5774 -0.5773
vn -0.5773 0.5774 0.5774
vn 0.5774 0.5774 0.5773
vn -0.7243 -0.0495 -0.6877
vn 0.5773 -0.5774 0.5774
vn -0.5773 -0.5774 -0.5774
vn 0.5774 -0.5774 -0.5773
vn 0.0223 -0.4586 -0.8884
vn -0.0003 0.0937 -0.9956
vn 0.0965 -0.7424 -0.6630
vn -0.1581 -0.6482 -0.7449
vn -0.1942 -0.6220 0.7586
vn 0.3643 -0.5997 0.7125
vn -0.7152 -0.6969 -0.0541
vn 0.7068 -0.7072 -0.0153
vn -0.7068 -0.7073 -0.0137
vn 0.7029 -0.7088 0.0592
vn -0.7033 -0.7084 0.0587
vn 0.7133 -0.4838 0.5071
vn -0.3289 -0.6548 0.6805
vn 0.3333 -0.0359 -0.9421
vn -0.7782 -0.6017 0.1799
vn -0.8450 -0.4546 0.2817
vn 0.7849 -0.5994 -0.1571
vn 0.6391 -0.7332 0.2325
vn 0.7743 -0.5453 0.3211
vn 0.1865 0.7892 -0.5851
vn 0.2363 0.8957 -0.3766
vn -0.8622 -0.4883 -0.1349
vn 0.7189 -0.6928 -0.0557
vn -0.4312 0.1468 0.8902
vn 0.8090 0.0964 0.5799
vn 0.6671 0.2374 -0.7061
vn -0.6702 0.0121 -0.7421
vn -0.6087 -0.5303 -0.5901
vn 0.6138 0.0091 -0.7894
vn 0.4491 -0.5670 -0.6905
vn 0.0104 0.4570 -0.8894
vn 0.6558 0.2269 -0.7200
vn -0.7877 0.1070 -0.6067
vn -0.5460 0.2048 -0.8124
vn 0.3650 0.9110 0.1920
vn 0.5561 -0.0519 0.8295
vn 0.2121 -0.8430 0.4943
vn 0.2931 0.7511 -0.5915
vn 0.3415 -0.9357 -0.0891
vn 0.5913 -0.1054 -0.7995
vn 0.2109 0.9211 -0.3273
vn 0.1329 -0.9486 0.2871
vn 0.1301 -0.9426 0.3075
vn 0.4583 0.8688 0.1875
vn -0.7071 -0.7070 -0.0116
vn 0.7014 -0.7089 -0.0735
vn 0.7069 -0.7072 -0.0122
vn -0.7037 -0.7078 0.0619
vn 0.7039 -0.7082 0.0546
vn -0.7396 -0.4908 0.4606
vn 0.3318 -0.6578 0.6761
vn 0.8480 -0.4973 -0.1831
vn 0.7815 -0.6010 0.1676
vn -0.7400 -0.6218 -0.2564
vn -0.6368 -0.7430 0.2059
vn 0.8500 -0.4504 0.2731
vn -0.7760 -0.5446 0.3183
vn 0.3005 -0.6091 0.7339
vn 0.4386 0.1282 0.8895
vn -0.8158 0.0828 0.5724
vn -0.2521 -0.6035 0.7565
vn 0.6690 0.0232 -0.7429
vn -0.6157 0.0443 -0.7867
vn -0.7309 -0.6782 -0.0769
vn 0.6290 -0.6330 -0.4513
vn -0.2428 0.6032 -0.7597
vn -0.6625 -0.0664 -0.7461
vn -0.1681 0.7534 -0.6358
vn -0.5920 0.1816 -0.7852
vn 0.6245 0.0504 -0.7794
vn 0.6157 0.2142 -0.7583
vn -0.4524 0.0295 0.8913
vn 0.5229 -0.2851 0.8033
vn -0.7068 -0.0131 -0.7073
vn 0.4886 0.3926 0.7792
vn 0.5014 0.3530 -0.7899
vn 0.5229 -0.2851 -0.8033
vn -0.8358 -0.0056 0.5490
vn -0.8543 -0.0889 -0.5121
vn -0.8544 -0.0890 0.5120
vn -0.0045 0.0937 0.9956
vn 0.0645 0.7965 -0.6012
vn 0.6615 0.6209 0.4206
vn 0.6615 0.6209 -0.4206
vn -0.0497 -0.0000 -0.9988
vn 0.0475 -0.7367 0.6745
vn 0.7257 -0.5067 -0.4654
vn 0.7257 -0.5067 0.4654
vn 0.1515 0.6667 0.7298
vn -0.6406 0.6299 0.4392
vn -0.8397 -0.0245 -0.5426
vn -0.0026 0.0872 -0.9962
vn -0.7296 -0.4996 -0.4670
vn -0.6658 -0.5420 0.5128
vn -0.0497 -0.0000 0.9988
vn -0.4943 -0.2866 0.8207
vn 0.4988 0.0186 0.8665
vn -0.4773 0.3799 0.7924
vn 0.7089 -0.0028 -0.7053
vn -0.4765 0.3630 -0.8007
vn -0.4943 -0.2866 -0.8207
vn 0.8150 -0.1107 -0.5688
vn 0.8088 -0.0015 0.5881
vn 0.8251 -0.0892 0.5579
vn -0.0154 0.0970 0.9952
vn -0.5776 0.7018 0.4169
vn -0.0159 0.7975 -0.6032
vn -0.6419 0.6315 -0.4350
vn 0.0220 -0.0000 -0.9998
vn -0.5817 -0.6394 -0.5029
vn 0.0148 -0.7397 0.6728
vn -0.7067 -0.5166 0.4834
vn -0.1314 0.7356 0.6646
vn 0.8085 -0.0079 -0.5884
vn 0.6262 0.6373 0.4491
vn 0.5782 0.6959 -0.4259
vn 0.7203 -0.5103 -0.4698
vn 0.0220 -0.0000 0.9998
vn 0.5866 -0.6313 0.5073
vn -0.1553 -0.0508 0.9866
vn -0.3333 0.8958 0.2941
vn -0.7984 0.4980 0.3385
vn 0.0083 0.0179 0.9998
vn -0.0510 -0.8740 0.4833
vn -0.4051 -0.0881 0.9100
vn -0.2481 0.7544 -0.6077
vn -0.3472 -0.1589 -0.9242
vn -0.0720 -0.9924 -0.0997
vn 0.0424 -0.9561 0.2899
vn 0.0295 -0.9498 0.3116
vn -0.2342 0.9047 -0.3560
vn -0.2081 0.9222 -0.3261
vn -0.3168 0.9012 0.2957
vn -0.3937 0.8889 0.2342
vn -0.9333 -0.0870 0.3484
vn -0.0187 -0.0209 0.9996
vn 0.6268 -0.5611 0.5407
vn -0.0814 0.0050 -0.9967
vn -0.9286 0.0023 -0.3712
vn -0.6896 0.4802 -0.5421
vn 0.7566 -0.5733 -0.3146
vn -0.0322 0.0035 -0.9995
vn 0.9999 -0.0093 -0.0073
vn 0.7766 -0.5901 0.2206
vn 1.0000 0.0027 0.0066
vn 0.7694 -0.5893 0.2465
vn 0.9251 0.0027 0.3796
vn -0.9999 -0.0119 -0.0058
vn -0.7894 0.5462 -0.2802
vn -0.0099 -0.5010 0.8654
vn -0.7081 -0.0093 0.7061
vn -0.5082 0.0221 -0.8610
vn -0.7038 -0.0693 0.7071
vn -0.7001 -0.0896 -0.7084
vn -0.7002 -0.0896 0.7083
vn -0.5774 0.5774 -0.5773
vn 0.5773 0.5774 -0.5774
vn -0.5774 -0.5774 0.5773
vn 0.5774 -0.5773 -0.5774
vn -0.7240 -0.1364 -0.6762
vn 0.7095 -0.0164 0.7046
vn 0.4758 0.0216 -0.8793
vn 0.6823 -0.1223 -0.7208
vn 0.6969 -0.0892 0.7116
vn 0.7004 -0.0897 0.7081
vn -0.5774 0.5774 0.5773
vn -0.5774 -0.5774 -0.5773
vn 0.5773 0.5774 0.5774
vn -0.0222 -0.4586 -0.8884
vn -0.6438 0.6914 -0.3279
vn -0.2168 -0.6390 -0.7380
vn -0.0173 0.0965 -0.9952
vn 0.1554 -0.6558 -0.7388
vn -0.1044 0.0648 0.9924
vn -0.3642 -0.5997 0.7126
vn 0.1942 -0.6220 0.7586
vn -0.7072 -0.7069 -0.0130
vn 0.7012 -0.7090 -0.0749
vn 0.7068 -0.7073 -0.0137
vn -0.7030 -0.7080 0.0673
vn 0.7033 -0.7084 0.0587
vn -0.7396 -0.4904 0.4609
vn 0.3290 -0.6548 0.6805
vn 0.7810 -0.6005 0.1715
vn 0.7567 -0.4775 0.4466
vn -0.7827 -0.5955 -0.1809
vn -0.6391 -0.7331 0.2325
vn -0.7740 -0.5445 0.3231
vn -0.1432 0.7795 -0.6098
vn -0.2355 0.8959 -0.3766
vn 0.8627 -0.4871 -0.1361
vn 0.4313 0.1467 0.8902
vn -0.8090 0.0963 0.5799
vn -0.7019 0.0721 -0.7087
vn 0.6702 0.0123 -0.7420
vn -0.6137 0.0291 -0.7890
vn -0.7296 -0.6793 -0.0783
vn 0.6291 -0.6330 -0.4511
vn -0.1840 0.7098 -0.6800
vn -0.5980 0.2175 -0.7714
vn 0.6721 0.1208 -0.7306
vn 0.6196 0.2360 -0.7486
vn 0.9110 0.0100 -0.4123
vn -0.5561 -0.0519 0.8295
vn -0.2120 -0.8430 0.4943
vn -0.2931 0.7511 -0.5915
vn -0.3415 -0.9357 -0.0891
vn -0.2109 0.9211 -0.3273
vn -0.1329 -0.9486 0.2871
vn -0.1301 -0.9426 0.3075
vn 0.9182 0.2119 0.3346
vn 0.9192 0.2181 0.3280
vn 0.9127 0.1880 0.3629
vn 0.4669 0.2798 0.8389
vn 0.0841 0.3164 0.9449
vn 0.6885 0.2349 0.6861
vn 0.4020 0.4190 0.8142
vn 0.0678 0.4214 0.9043
vn 0.1582 0.4941 0.8549
vn -0.0000 0.4282 0.9037
vn 0.3840 0.7373 0.5558
vn 0.0344 0.5236 0.8513
vn 0.8963 0.3666 0.2493
vn 0.7739 0.5073 0.3791
vn 0.9552 0.2444 0.1668
vn 0.0019 0.7907 0.6122
vn 0.4367 0.8011 0.4093
vn -0.0000 0.8868 0.4622
vn 0.4581 0.8782 0.1378
vn 0.9335 0.3573 0.0294
vn 0.7803 0.5835 0.2252
vn 0.7829 0.6215 0.0281
vn -0.0000 0.9995 -0.0301
vn 0.4161 0.9072 -0.0613
vn 0.7001 0.6989 0.1464
vn 0.9081 0.4154 -0.0539
vn 0.9095 0.4093 0.0725
vn 0.2553 0.7503 0.6098
vn -0.0000 0.8692 0.4945
vn 0.6325 0.5288 0.5660
vn 0.6641 0.3644 0.6528
vn 0.9417 0.2660 0.2062
vn 0.9458 0.1569 0.2843
vn 0.8614 0.4511 0.2334
vn 0.3218 0.7472 0.5814
vn -0.0000 0.7881 0.6155
vn 0.5638 0.5973 0.5704
vn 0.6252 0.7624 0.1669
vn 0.9317 0.2229 0.2866
vn 0.9132 0.3966 0.0933
vn 0.8515 0.3373 0.4014
vn 0.9262 0.2874 0.2441
vn -0.0004 0.9907 0.1363
vn 0.5573 0.8281 -0.0599
vn 0.8687 0.4852 -0.0994
vn 0.9051 -0.3229 0.2767
vn 0.5808 0.3632 0.7286
vn 0.4517 0.0095 0.8921
vn 0.2715 0.3562 0.8941
vn 0.0809 0.2622 0.9616
vn 0.7129 -0.1062 0.6931
vn 0.1956 -0.1012 0.9754
vn -0.0051 0.1647 0.9863
vn 0.0041 0.2761 0.9611
vn -0.0547 0.0526 0.9971
vn -0.2859 0.1204 0.9507
vn -0.3804 0.3173 0.8687
vn -0.0146 0.5160 0.8565
vn -0.0411 0.2817 0.9586
vn -0.1763 0.4806 0.8590
vn -0.0010 0.7857 0.6187
vn 0.1874 0.3522 0.9170
vn 0.2359 0.2092 0.9490
vn -0.2811 0.9560 0.0845
vn -0.1678 0.6314 0.7571
vn 0.1058 0.1173 0.9875
vn 0.1912 0.9713 -0.1415
vn -0.2410 0.9705 -0.0008
vn 0.0493 0.2797 0.9588
vn 0.0801 0.7220 0.6872
vn 0.4383 0.6780 0.5901
vn 0.9373 0.3240 0.1281
vn 0.6485 0.7583 -0.0667
vn 0.1748 0.5412 0.8225
vn 0.6720 0.6953 -0.2549
vn 0.9477 0.3042 0.0964
vn 0.9024 0.3585 0.2392
vn 0.8975 0.4327 0.0852
vn 0.9318 0.3617 0.0287
vn 0.9143 0.3782 0.1448
vn 0.9061 0.4210 0.0422
vn 0.9638 0.2069 0.1680
vn 0.8488 0.4728 0.2366
vn 0.8564 0.4749 0.2027
vn 0.9174 0.2908 0.2718
vn 0.9310 0.2530 0.2630
vn 0.9413 0.3210 0.1047
vn 0.9230 0.3848 0.0032
vn 0.8790 0.4272 0.2120
vn 0.9751 0.1832 0.1253
vn 0.9892 0.1412 0.0392
vn 0.9430 0.3311 0.0339
vn 0.9973 0.0341 0.0657
vn 0.9777 0.1796 0.1093
vn 0.9726 0.1683 0.1604
vn 0.9206 0.2008 0.3350
vn 0.7448 0.1999 0.6367
vn 0.4802 0.2511 0.8405
vn -0.0000 0.4510 0.8925
vn 0.2536 0.4415 0.8607
vn 0.9961 -0.0883 0.0090
vn 0.9950 0.0823 -0.0564
vn 0.9957 -0.0784 0.0503
vn 0.2419 -0.5981 0.7640
vn 0.0308 -0.9925 0.1182
vn -0.2792 -0.9476 0.1549
vn 0.3441 -0.4067 0.8462
vn 0.9874 -0.1221 0.1006
vn 0.7676 -0.6101 -0.1966
vn 0.9866 -0.0499 0.1554
vn 0.8945 -0.4427 0.0618
vn 0.9399 -0.3289 0.0921
vn 0.9690 -0.0046 0.2469
vn 0.8135 -0.0266 0.5810
vn 0.9493 -0.2113 0.2327
vn 0.7608 -0.2828 0.5841
vn -0.0000 0.9997 -0.0247
vn 0.5191 0.5933 0.6152
vn -0.0000 0.9979 0.0646
vn -0.2210 -0.5573 0.8003
vn 0.4308 -0.8527 0.2957
vn 0.7908 -0.5290 0.3078
vn 0.6132 -0.6196 0.4900
vn 0.9802 0.1576 -0.1199
vn 0.8580 -0.0549 0.5107
vn 0.9765 -0.1680 0.1352
vn 0.0248 0.9855 0.1676
vn 0.8141 0.5242 0.2501
vn 0.8934 0.2542 0.3705
vn 0.8947 0.3570 0.2685
vn 0.9309 0.2764 0.2388
vn 0.9586 0.2514 0.1334
vn 0.9948 0.0787 0.0646
vn 0.9676 0.1972 0.1577
vn 0.9945 -0.0957 0.0420
vn 0.9866 0.0739 0.1452
vn 0.9862 -0.1168 0.1174
vn 0.9875 0.1494 0.0500
vn 0.9944 -0.0938 0.0483
vn 0.0009 0.9953 0.0967
vn 0.2473 0.9686 0.0244
vn 0.1397 0.9895 0.0361
vn 0.6563 0.7507 -0.0757
vn 0.6730 0.7381 0.0470
vn 0.9137 0.4063 -0.0074
vn 0.9001 0.4357 0.0059
vn 0.9622 0.2393 0.1301
vn 0.9572 0.2835 0.0585
vn 0.9557 0.2941 0.0152
vn 0.1197 0.5406 0.8327
vn -0.0011 0.9982 0.0604
vn 0.6374 0.0053 0.7705
vn -0.0190 0.0404 0.9990
vn 0.8347 0.5070 0.2152
vn 0.9169 0.3992 -0.0014
vn 0.9445 0.3285 0.0027
vn 0.9513 0.3081 0.0115
vn 0.9891 0.1466 0.0110
vn 0.9965 -0.0824 0.0139
vn -0.0018 -0.0096 1.0000
vn -0.0000 0.0285 0.9996
vn 0.4589 0.6026 0.6529
vn 0.8552 0.4974 -0.1456
vn 0.5311 0.7897 -0.3071
vn -0.0001 0.7052 0.7090
vn -0.0000 0.8278 0.5611
vn -0.0000 0.8446 0.5354
vn 0.5317 0.8218 0.2047
vn -0.0000 0.9976 -0.0691
vn 0.8027 0.5964 -0.0060
vn 0.5882 0.8050 -0.0774
vn 0.9888 0.1492 0.0020
vn 0.9973 -0.0741 0.0006
vn 0.9474 0.3201 -0.0025
vn 0.9414 0.3373 -0.0048
vn 0.9295 0.3688 -0.0033
vn 0.8942 0.4385 -0.0900
vn 0.8791 0.4766 -0.0019
vn 0.9880 0.1523 -0.0267
vn 0.9439 0.3296 -0.0219
vn 0.9410 0.3383 -0.0060
vn 0.9414 0.3368 0.0175
vn 0.8774 0.4790 0.0267
vn 0.7967 0.6043 -0.0097
vn -0.0000 0.9818 -0.1898
vn 0.4568 0.8782 -0.1422
vn 0.7162 0.6942 -0.0717
vn 0.4561 0.8634 -0.2157
vn -0.0000 0.9660 -0.2587
vn 0.4491 0.7494 0.4865
vn -0.0000 0.9816 -0.1911
vn 0.3492 0.9220 -0.1673
vn 0.6584 0.7155 -0.2336
vn 0.7138 0.6997 0.0289
vn 0.7018 0.6669 -0.2504
vn 0.7582 0.6311 -0.1637
vn 0.5914 0.5339 -0.6043
vn 0.0716 0.5365 -0.8408
vn 0.3547 0.7364 -0.5761
vn 0.8351 0.5175 -0.1866
vn 0.7129 0.6679 -0.2136
vn 0.8344 0.4555 -0.3104
vn 0.2973 0.6167 -0.7289
vn -0.0000 0.6876 -0.7261
vn 0.0025 0.9987 -0.0501
vn 0.3287 0.9316 -0.1550
vn 0.7776 0.6130 -0.1398
vn 0.9862 0.1579 -0.0506
vn 0.9976 -0.0616 -0.0323
vn 0.9972 -0.0161 -0.0728
vn 0.7385 0.6533 -0.1668
vn 0.9284 0.3634 -0.0776
vn 0.9648 0.2599 -0.0410
vn 0.9872 0.1497 -0.0554
vn 0.9522 0.3025 -0.0429
vn 0.9960 0.0361 -0.0822
vn 0.9857 0.1638 -0.0405
vn 0.9591 0.2779 -0.0532
vn 0.8661 0.4990 -0.0300
vn 0.9543 0.2987 -0.0023
vn 0.9325 0.3494 -0.0911
vn 0.9556 0.2938 -0.0235
vn 0.7924 -0.6002 -0.1093
vn 0.8219 -0.4915 -0.2880
vn 0.7570 -0.5628 -0.3319
vn 0.7468 -0.6466 -0.1558
vn -0.0039 -0.9581 -0.2865
vn -0.0000 -0.9260 -0.3774
vn 0.7181 -0.6952 -0.0328
vn -0.0000 -0.9845 -0.1756
vn 0.7088 -0.7054 -0.0053
vn -0.0000 -0.9999 -0.0137
vn 0.7007 -0.7135 -0.0014
vn -0.0000 -1.0000 -0.0091
vn 0.6920 -0.7215 0.0249
vn -0.0000 -0.9999 -0.0121
vn 0.6772 -0.7337 0.0555
vn -0.0000 -0.9999 -0.0120
vn 0.6931 -0.7208 0.0026
vn 0.7151 -0.6967 -0.0568
vn 0.9945 -0.0913 -0.0514
vn -0.0000 -0.9998 0.0199
vn 0.7152 -0.6989 -0.0090
vn -0.0000 -0.9997 0.0252
vn 0.7066 -0.7068 0.0352
vn -0.0000 -1.0000 -0.0008
vn 0.0390 -0.9992 0.0038
vn 0.4934 -0.8399 -0.2262
vn 0.2108 -0.9552 -0.2079
vn 0.2569 -0.9583 -0.1254
vn 0.1979 -0.8821 -0.4274
vn 0.3766 -0.7948 -0.4759
vn 0.1511 -0.8932 -0.4234
vn -0.8425 -0.4234 0.3329
vn -0.2818 -0.5225 0.8048
vn -0.0020 -0.7675 0.6411
vn 0.9811 0.1808 -0.0686
vn 0.8209 -0.5605 -0.1091
vn 0.7348 0.6529 0.1838
vn -0.0000 0.9628 -0.2704
vn -0.0003 0.9570 0.2901
vn 0.8986 0.4385 -0.0171
vn 0.8574 0.0550 -0.5117
vn 0.8464 -0.0829 -0.5260
vn 0.8316 0.5514 -0.0666
vn 0.8591 0.2291 -0.4576
vn 0.7341 0.6258 -0.2636
vn 0.8680 0.1763 -0.4641
vn 0.8636 -0.4943 -0.0992
vn 0.8347 0.0362 -0.5495
vn -0.0000 -0.9915 -0.1302
vn 0.7792 -0.4995 -0.3787
vn 0.6048 0.7852 0.1332
vn -0.0001 0.9220 0.3873
vn 0.0004 0.0408 -0.9992
vn 0.8841 0.2543 -0.3921
vn 0.4428 0.8954 -0.0471
vn 0.7550 0.6422 -0.1325
vn 0.8173 0.5673 -0.1011
vn 0.5807 0.8131 -0.0412
vn 0.4579 0.8595 -0.2270
vn 0.5134 -0.0379 -0.8573
vn 0.3097 0.8031 -0.5090
vn 0.6727 -0.7377 -0.0566
vn -0.0000 -0.9923 -0.1242
vn 0.7373 0.6421 -0.2101
vn 0.9901 0.0602 0.1266
vn 0.6107 0.7279 0.3118
vn 0.6551 0.7322 0.1865
vn -0.3724 0.7598 0.5329
vn -0.8963 0.3667 0.2494
vn -0.9192 0.2181 0.3280
vn -0.7739 0.5074 0.3790
vn -0.9173 0.2149 0.3352
vn -0.9552 0.2444 0.1668
vn -0.4367 0.7920 0.4266
vn -0.4715 0.8732 0.1236
vn -0.9340 0.3559 0.0320
vn -0.7803 0.5835 0.2251
vn -0.1572 0.5755 0.8025
vn -0.4551 0.4751 0.7531
vn -0.7829 0.6215 0.0281
vn -0.9082 0.4142 -0.0592
vn -0.0000 0.9863 0.1650
vn -0.4275 0.9023 -0.0558
vn -0.7000 0.6990 0.1464
vn -0.1573 0.8038 0.5738
vn -0.6331 0.5298 0.5643
vn -0.6638 0.3656 0.6524
vn -0.9421 0.2555 0.2171
vn -0.9493 0.1831 0.2555
vn -0.8443 0.4652 0.2659
vn -0.6960 0.6091 0.3803
vn -0.2957 0.7564 0.5835
vn -0.9317 0.2229 0.2866
vn -0.9135 0.3909 0.1128
vn -0.6291 0.7578 0.1730
vn -0.0633 0.3799 0.9229
vn -0.4669 0.2798 0.8389
vn 0.0044 0.4146 0.9100
vn -0.9127 0.1880 0.3630
vn -0.8520 0.3444 0.3943
vn -0.3970 0.1716 0.9016
vn -0.5704 0.8198 -0.0510
vn -0.6396 0.4012 0.6558
vn -0.8928 -0.3155 0.3215
vn -0.4515 0.0094 0.8922
vn -0.2715 0.3562 0.8941
vn -0.7193 -0.1441 0.6796
vn -0.1966 -0.0997 0.9754
vn 0.0051 0.1647 0.9863
vn -0.0041 0.2761 0.9611
vn 0.0535 0.0521 0.9972
vn 0.2859 0.1203 0.9507
vn 0.3804 0.3173 0.8687
vn 0.0411 0.2817 0.9586
vn -0.1874 0.3522 0.9170
vn 0.1761 0.4808 0.8589
vn 0.2887 0.9537 0.0846
vn 0.1707 0.6294 0.7581
vn -0.1058 0.1173 0.9875
vn -0.0285 0.7294 0.6835
vn -0.1239 0.9922 -0.0167
vn -0.0493 0.2800 0.9587
vn -0.3508 0.7655 0.5394
vn -0.9413 0.3067 0.1410
vn -0.1748 0.5412 0.8225
vn -0.6461 0.7589 -0.0815
vn -0.9257 0.3019 0.2277
vn -0.9477 0.3042 0.0963
vn -0.9129 0.3668 0.1792
vn -0.9111 0.4097 0.0453
vn -0.9319 0.3617 0.0287
vn -0.9143 0.3782 0.1448
vn -0.9080 0.4177 0.0321
vn -0.8955 0.4332 0.1021
vn -0.9639 0.2271 0.1392
vn -0.8488 0.4728 0.2366
vn -0.9753 0.1811 0.1266
vn -0.8788 0.4282 0.2105
vn -0.9310 0.2530 0.2630
vn -0.8723 0.4771 -0.1068
vn -0.9307 0.3545 0.0899
vn -0.9099 0.3002 0.2865
vn -0.8789 0.4272 0.2120
vn -0.9436 0.3302 0.0249
vn -0.9876 0.1491 0.0500
vn -0.9741 0.1947 0.1149
vn -0.9964 0.0153 0.0837
vn -0.9702 0.1867 0.1543
vn -0.9218 0.2269 0.3143
vn -0.7579 0.2538 0.6009
vn -0.4713 0.2379 0.8493
vn -0.2568 0.4341 0.8635
vn -0.9960 -0.0887 0.0084
vn -0.9951 0.0809 -0.0568
vn -0.9956 -0.0782 -0.0513
vn -0.9956 -0.0773 0.0521
vn -0.2225 -0.5755 0.7869
vn -0.0026 -0.5835 0.8121
vn -0.3784 -0.3537 0.8554
vn -0.9900 -0.1338 0.0446
vn -0.9859 -0.0328 0.1640
vn -0.8793 -0.4600 -0.1230
vn -0.9172 -0.3869 0.0950
vn -0.9186 -0.3718 -0.1338
vn -0.9750 -0.0073 0.2219
vn -0.8229 -0.0600 0.5650
vn -0.7042 -0.5520 0.4465
vn -0.9298 -0.3556 0.0952
vn -0.9206 -0.3019 0.2475
vn -0.6803 -0.3515 0.6431
vn -0.5354 0.6275 0.5653
vn -0.8089 0.5150 0.2836
vn 0.3863 -0.4234 0.8194
vn -0.3024 -0.8489 0.4336
vn -0.2101 0.9621 -0.1739
vn 0.2393 0.9709 0.0005
vn -0.6808 0.6871 -0.2538
vn -0.9802 0.1577 -0.1193
vn -0.8398 -0.0545 0.5402
vn -0.9766 -0.1676 0.1348
vn -0.8934 0.2541 0.3705
vn -0.9212 0.3891 0.0051
vn -0.8942 0.3517 0.2770
vn -0.9309 0.2764 0.2387
vn -0.9583 0.2500 0.1382
vn -0.9947 0.0763 0.0692
vn -0.9676 0.1972 0.1577
vn -0.9946 -0.0961 0.0400
vn -0.9843 -0.1200 0.1292
vn -0.9877 0.0638 0.1427
vn -0.9875 0.1494 0.0500
vn -0.9944 -0.0936 0.0496
vn -0.2356 0.9717 0.0160
vn -0.1492 0.9865 0.0673
vn -0.6551 0.7510 -0.0830
vn -0.6724 0.7388 0.0451
vn -0.9137 0.4064 -0.0068
vn -0.9001 0.4357 0.0059
vn -0.9622 0.2393 0.1301
vn -0.9575 0.2822 0.0593
vn -0.9557 0.2940 0.0152
vn -0.0403 0.5644 0.8245
vn -0.0636 0.7458 0.6631
vn -0.5577 0.3246 0.7639
vn 0.0190 0.0404 0.9990
vn 0.0055 -0.0101 0.9999
vn -0.8329 0.5103 0.2142
vn -0.9169 0.3992 -0.0014
vn -0.9445 0.3285 0.0027
vn -0.9511 0.3088 0.0099
vn -0.9891 0.1468 0.0111
vn -0.0024 -0.0178 0.9998
vn -0.8589 0.4884 -0.1540
vn -0.3444 0.6115 0.7123
vn -0.5351 0.7869 -0.3074
vn -0.0048 0.9284 -0.3715
vn -0.5316 0.8216 0.2059
vn -0.5927 0.8040 -0.0477
vn -0.8026 0.5965 -0.0049
vn -0.9888 0.1492 0.0013
vn -0.9965 -0.0824 0.0139
vn -0.9473 0.3204 -0.0005
vn -0.9414 0.3373 -0.0048
vn -0.9293 0.3692 -0.0026
vn -0.8923 0.4421 -0.0910
vn -0.8784 0.4779 0.0001
vn -0.9881 0.1516 -0.0267
vn -0.9971 -0.0758 -0.0009
vn -0.9443 0.3282 -0.0226
vn -0.9413 0.3375 -0.0061
vn -0.9413 0.3372 0.0173
vn -0.8760 0.4819 0.0216
vn -0.7975 0.6033 -0.0060
vn -0.4568 0.8781 -0.1422
vn -0.4537 0.8698 -0.1937
vn -0.2732 0.7819 0.5604
vn -0.0560 0.8009 0.5961
vn -0.4907 0.8712 -0.0182
vn -0.6584 0.7155 -0.2334
vn -0.7178 0.6946 0.0477
vn -0.7254 0.6408 0.2515
vn -0.6754 0.7311 -0.0968
vn -0.4496 0.6193 -0.6437
vn -0.4372 0.6857 -0.5820
vn -0.0807 0.7472 -0.6597
vn -0.8351 0.5175 -0.1866
vn -0.7129 0.6679 -0.2137
vn -0.8313 0.4681 -0.2998
vn -0.8596 0.5018 -0.0959
vn -0.3283 0.6303 -0.7035
vn -0.3333 0.9313 -0.1473
vn -0.7730 0.6240 -0.1143
vn -0.9975 -0.0629 -0.0317
vn -0.9861 0.1576 -0.0520
vn -0.9972 -0.0161 -0.0728
vn -0.7290 0.6670 -0.1536
vn -0.6990 0.7138 -0.0438
vn -0.9284 0.3634 -0.0776
vn -0.9635 0.2655 -0.0355
vn -0.9872 0.1496 -0.0554
vn -0.9525 0.3017 -0.0414
vn -0.9960 0.0361 -0.0822
vn -0.9590 0.2787 -0.0509
vn -0.9884 0.1358 -0.0679
vn -0.8661 0.4990 -0.0300
vn -0.9543 0.2987 -0.0023
vn -0.9328 0.3482 -0.0926
vn -0.9556 0.2938 -0.0235
vn -0.8051 -0.5431 -0.2385
vn -0.7570 -0.5626 -0.3323
vn -0.7238 -0.6561 -0.2136
vn -0.7230 -0.6904 -0.0259
vn -0.7098 -0.7044 -0.0036
vn -0.7035 -0.7107 0.0036
vn -0.6946 -0.7185 0.0353
vn -0.6780 -0.7331 0.0535
vn -0.6796 -0.7330 -0.0275
vn -0.7244 -0.6892 -0.0188
vn -0.7186 -0.6953 0.0123
vn -0.7196 -0.6943 0.0076
vn -0.5865 -0.7063 -0.3964
vn -0.2317 -0.7859 -0.5734
vn 0.2969 -0.8039 -0.5154
vn -0.0833 -0.6027 -0.7936
vn 0.0731 -0.9103 -0.4075
vn -0.1805 -0.9234 -0.3386
vn 0.7051 -0.4802 0.5218
vn 0.4241 -0.8386 0.3418
vn 0.8499 -0.2215 0.4782
vn 0.3157 -0.7344 0.6009
vn -0.4430 0.8953 -0.0472
vn -0.6042 0.7856 0.1331
vn -0.8003 0.5988 -0.0323
vn -0.6547 0.7326 0.1865
vn -0.9897 0.0621 0.1290
vn -0.8349 0.5503 -0.0068
vn -0.9811 0.1807 -0.0686
vn -0.8213 -0.5598 -0.1102
vn -0.0000 -0.9925 -0.1220
vn -0.8816 0.2493 -0.4009
vn -0.7522 0.6263 -0.2047
vn -0.8795 0.4740 -0.0428
vn -0.8584 0.0580 -0.5096
vn -0.8314 0.5516 -0.0670
vn -0.8593 0.2274 -0.4581
vn -0.7270 0.6324 -0.2675
vn -0.8680 0.1764 -0.4642
vn -0.8759 -0.1623 -0.4543
vn -0.8614 -0.4962 -0.1084
vn -0.8106 -0.4229 -0.4051
vn -0.7431 0.6456 0.1762
vn -0.8815 -0.0335 -0.4710
vn -0.6242 0.7233 0.2954
vn -0.7609 -0.5084 -0.4033
vn -0.7926 -0.4825 0.3727
vn -0.6832 -0.7277 -0.0617
vn -0.8297 -0.5476 -0.1089
vn -0.4587 0.8610 -0.2195
vn -0.5714 0.8196 -0.0423
vn -0.3150 0.8041 -0.5041
vn -0.5080 -0.8185 0.2684
vn 0.2217 -0.9613 0.1634
vn 0.1975 -0.8109 0.5509
vn -0.5476 -0.7056 0.4497
vn 0.1103 -0.9493 0.2945
vn -0.1555 -0.9371 0.3125
vn -0.0290 -0.9755 0.2182
vn 0.7168 -0.6889 -0.1074
vn 0.9924 0.1154 0.0431
vn -0.7470 0.1835 -0.6391
vn 0.4089 0.8386 -0.3599
vn 0.0835 -0.9964 0.0139
vn -0.1334 -0.9910 0.0136
vn -0.8653 0.1476 0.4790
vn 0.3179 0.8468 0.4264
vn 0.4863 0.8737 0.0105
vn 0.6412 -0.4973 0.5843
vn 0.2444 -0.9214 0.3022
vn -0.0165 -0.9760 0.2172
vn -0.5221 -0.6119 -0.5941
vn -0.4279 -0.6466 -0.6315
vn 0.0028 -0.9968 -0.0796
vn -0.6797 -0.7058 -0.1997
vn -0.6635 -0.4909 0.5646
vn -0.7027 -0.7090 0.0592
vn 0.8838 -0.3199 0.3415
vn 0.6951 -0.7187 0.0203
vn -0.0129 -0.9135 -0.4067
vn 0.4819 -0.6660 -0.5694
vn 0.6359 -0.5223 0.5682
vn 0.7054 -0.7074 0.0450
vn -0.1184 -0.6803 0.7233
vn -0.1461 -0.6340 0.7594
vn 0.7079 -0.7051 -0.0424
vn -0.0221 -0.7606 -0.6489
vn -0.8129 -0.5668 -0.1339
vn -0.0215 0.5563 -0.8307
vn -0.0000 0.0248 -0.9997
vn -0.0007 0.4133 -0.9106
vn 0.0971 -0.6800 -0.7267
vn 0.7084 0.6467 0.2829
vn 0.5603 -0.0000 0.8283
vn 0.9531 -0.0000 -0.3028
vn 0.9522 -0.0000 0.3053
vn 0.5907 -0.0000 -0.8069
vn -0.5603 -0.0000 0.8283
vn -0.9522 -0.0000 0.3053
vn -0.9531 -0.0000 -0.3028
vn -0.5907 -0.0000 -0.8069
vn 0.0008 0.5360 0.8442
vn 0.5695 0.5081 0.6462
vn 0.7486 0.6081 -0.2642
vn 0.7874 0.5430 0.2918
vn 0.3691 0.5346 -0.7602
vn -0.5115 0.3873 0.7670
vn -0.7499 0.6040 0.2699
vn -0.7448 0.6128 -0.2642
vn -0.5661 0.3768 -0.7332
vn 0.0810 0.4904 -0.8677
vn 0.0072 0.9806 0.1959
vn 0.0035 0.9871 -0.1598
vn -0.1859 0.4234 -0.8867
vn -0.2737 0.1354 -0.9522
vn -0.3394 0.6001 -0.7244
vn -0.1214 0.3433 -0.9314
vn -0.5867 -0.1869 -0.7879
vn -0.6165 0.2225 -0.7553
vn -0.2715 -0.0452 -0.9614
vn -0.3299 -0.5389 -0.7750
vn -0.1467 -0.2460 -0.9581
vn 0.0804 -0.6706 -0.7375
vn 0.3413 -0.2424 -0.9082
vn 0.0650 -0.3597 -0.9308
vn 0.4610 -0.0397 -0.8865
vn 0.5218 -0.5299 -0.6685
vn 0.4391 0.1963 -0.8767
vn 0.7619 -0.1540 -0.6291
vn 0.4700 0.6061 -0.6417
vn 0.7347 0.2934 -0.6116
vn 0.3338 0.3417 -0.8785
vn 0.0636 0.7343 -0.6758
vn 0.1196 0.4541 -0.8829
vn -0.8126 0.2968 -0.5016
vn -0.4872 0.7484 -0.4501
vn -0.8104 -0.2681 -0.5210
vn -0.4775 -0.7224 -0.5001
vn 0.0527 -0.8915 -0.4500
vn 0.5897 -0.7117 -0.3817
vn 0.9093 -0.2465 -0.3352
vn 0.8926 0.3209 -0.3168
vn 0.5499 0.7656 -0.3339
vn 0.0207 0.9241 -0.3815
vn -0.9044 0.3083 -0.2948
vn -0.9013 -0.3024 -0.3103
vn -0.5408 -0.7916 -0.2844
vn 0.0308 -0.9727 -0.2299
vn 0.6016 -0.7818 -0.1639
vn 0.9512 -0.2860 -0.1163
vn 0.9402 0.3252 -0.1012
vn 0.5755 0.8083 -0.1246
vn -0.9379 0.3078 -0.1600
vn -0.7967 0.5888 -0.1362
vn -0.9332 -0.3151 -0.1727
vn -0.5649 -0.8122 -0.1454
vn 0.0166 -0.9958 -0.0897
vn 0.5951 -0.8032 -0.0272
vn 0.9536 -0.3006 0.0199
vn 0.9460 0.3224 0.0329
vn 0.5771 0.8166 0.0067
vn -0.9541 0.2956 0.0479
vn -0.9460 -0.3231 0.0255
vn -0.5786 -0.8145 0.0437
vn -0.0023 -0.9955 0.0952
vn 0.5693 -0.8075 0.1544
vn 0.9273 -0.3102 0.2094
vn 0.9224 0.3086 0.2324
vn 0.5570 0.8025 0.2141
vn -0.8840 0.2442 0.3988
vn -0.5686 0.6878 0.4513
vn -0.8769 -0.3056 0.3710
vn -0.5695 -0.7401 0.3577
vn 0.4734 -0.7365 0.4832
vn -0.0525 -0.9152 0.3995
vn 0.7883 -0.2932 0.5410
vn 0.7811 0.2566 0.5692
vn 0.4782 0.6933 0.5391
vn -0.0385 0.8687 0.4939
vn -0.7002 0.1617 0.6954
vn -0.4657 0.4943 0.7341
vn -0.7227 -0.2319 0.6511
vn -0.4828 -0.5810 0.6552
vn 0.3138 -0.5721 0.7578
vn -0.0890 -0.7216 0.6865
vn 0.5477 -0.2397 0.8016
vn 0.5746 0.1559 0.8034
vn 0.3351 0.5054 0.7952
vn -0.0584 0.6462 0.7609
vn -0.4388 0.0626 0.8964
vn -0.3098 0.2469 0.9182
vn -0.4357 -0.1642 0.8850
vn -0.3502 -0.3598 0.8648
vn 0.1214 -0.3433 0.9314
vn -0.1196 -0.4541 0.8829
vn 0.2501 -0.1591 0.9551
vn 0.2987 0.0505 0.9530
vn 0.1654 0.2653 0.9499
vn -0.0651 0.3596 0.9309
vn 0.1012 0.0518 -0.9935
vn -0.1012 -0.0518 0.9935
vn -0.0000 0.9986 -0.0536
vn 0.4022 0.9133 -0.0635
vn 0.8009 0.5956 -0.0618
vn -0.4025 0.9132 -0.0636
vn -0.0000 0.9982 -0.0607
vn -0.8008 0.5957 -0.0618
vn 0.8317 -0.5438 -0.1122
vn 0.5291 0.8129 -0.2434
vn -0.5232 0.7926 -0.3132
vn 0.5057 0.5656 0.6514
vn 0.0020 0.9352 -0.3541
vn -0.4813 0.3754 0.7921
vn 0.7606 -0.5018 -0.4118
vn -0.7358 -0.4336 -0.5202
vn 0.1046 0.9939 -0.0346
vn 0.7085 0.5323 -0.4634
vn 0.7073 0.7039 -0.0649
vn 0.7073 0.6121 0.3536
vn 0.7085 0.2895 0.6436
vn 0.7104 -0.1507 0.6874
vn 0.7085 -0.5322 0.4634
vn 0.7073 -0.7039 0.0649
vn 0.7073 -0.6122 -0.3535
vn 0.7085 -0.2895 -0.6436
vn 0.7076 0.1514 -0.6902
vn -0.4886 0.6979 -0.5236
vn -0.5781 0.8098 -0.1005
vn -0.5908 0.7243 0.3554
vn -0.6088 0.3739 0.6997
vn -0.6385 -0.5985 0.4838
vn -0.5311 -0.1078 0.8404
vn -0.6290 -0.7769 0.0285
vn -0.6150 -0.6572 -0.4358
vn -0.5939 -0.2834 -0.7529
vn -0.5720 0.2196 -0.7903
vn -0.3381 0.7154 -0.6115
vn -0.2277 0.9699 -0.0857
vn -0.2475 0.8499 0.4651
vn -0.4410 0.4238 0.7911
vn -0.6575 0.0208 0.7532
vn -0.8252 -0.2785 0.4914
vn -0.9013 -0.4230 0.0932
vn -0.8814 -0.3543 -0.3123
vn -0.7637 -0.0831 -0.6402
vn -0.5630 0.3028 -0.7690
vn 0.7915 -0.2086 -0.5744
vn 0.9703 -0.1135 -0.2138
vn 0.9626 -0.1871 0.1959
vn 0.7642 -0.3948 0.5100
vn 0.4340 -0.6750 0.5967
vn 0.1136 -0.9098 0.3991
vn -0.0545 -0.9984 0.0154
vn -0.0423 -0.9201 -0.3894
vn 0.1585 -0.7062 -0.6900
vn 0.4788 -0.4314 -0.7646
vn 0.9694 -0.1160 -0.2165
vn 0.9603 -0.2023 0.1919
vn 0.7651 -0.4207 0.4876
vn 0.4522 -0.6892 0.5661
vn 0.1342 -0.9103 0.3915
vn -0.0670 -0.9975 0.0239
vn -0.0690 -0.9154 -0.3965
vn 0.1388 -0.6929 -0.7076
vn 0.4681 -0.4151 -0.7801
vn 0.7005 -0.1611 -0.6953
vn 0.7626 0.6349 -0.1238
vn 0.7284 0.5423 0.4187
vn 0.4637 0.2681 0.8445
vn -0.0067 -0.1473 0.9891
vn -0.4884 -0.5485 0.6787
vn -0.7567 -0.6461 0.0997
vn -0.7682 -0.4876 -0.4148
vn -0.4942 -0.1326 -0.8592
vn 0.0093 0.2842 -0.9587
vn 0.4966 0.5678 -0.6564
vn 0.7199 0.6854 -0.1092
vn 0.6329 0.5842 0.5081
vn 0.1750 0.1445 0.9739
vn -0.4686 -0.5696 0.6753
vn -0.7300 -0.6834 0.0022
vn -0.7256 -0.4941 -0.4789
vn -0.4067 -0.0869 -0.9094
vn 0.2690 0.4846 -0.8324
vn 0.0100 0.9261 0.3771
vn 0.0530 0.9635 0.2624
vn -0.0009 0.9519 0.3063
vn 0.0196 0.9362 0.3508
vn 0.0626 0.9100 0.4098
vn 0.0676 0.8498 0.5228
vn 0.2222 0.7979 0.5603
vn 0.1684 0.3868 0.9067
vn 0.2435 0.6950 0.6765
vn -0.0165 0.9929 -0.1175
vn 0.1825 0.5311 0.8274
vn 0.1815 0.3367 0.9239
vn 0.0401 0.9268 -0.3734
vn -0.0399 0.9016 -0.4307
vn 0.2189 0.8851 0.4108
vn 0.2110 0.9570 0.1992
vn 0.0651 0.5841 0.8091
vn 0.0110 0.8427 0.5382
vn -0.0122 0.5277 0.8493
vn 0.0461 0.9916 -0.1206
vn 0.2005 0.9635 -0.1776
vn 0.0509 0.3335 0.9414
vn -0.0243 0.2799 0.9597
vn 0.0988 0.9124 -0.3971
vn 0.1143 0.3086 0.9443
vn 0.3096 0.8570 0.4120
vn 0.2475 0.9668 0.0632
vn 0.2178 0.9290 -0.2992
vn 0.2197 0.9172 -0.3324
vn 0.2802 0.4141 -0.8660
vn -0.2803 -0.4141 -0.8660
vn -0.2802 -0.4141 -0.8660
vn 0.5605 0.8282 -0.0000
vn 0.2802 0.4141 0.8660
vn -0.2802 -0.4141 0.8660
vn -0.5605 -0.8282 -0.0000
vn -0.7085 0.5322 -0.4634
vn -0.7073 0.7039 -0.0649
vn -0.7073 0.6122 0.3535
vn -0.7085 0.2895 0.6436
vn -0.7104 -0.1507 0.6874
vn -0.7085 -0.5322 0.4634
vn -0.7073 -0.7039 0.0650
vn -0.7073 -0.6122 -0.3535
vn -0.7085 -0.2895 -0.6436
vn -0.7076 0.1514 -0.6902
vn 0.5711 0.6110 -0.5481
vn 0.5812 0.8102 -0.0761
vn 0.6012 0.7074 0.3717
vn 0.6209 0.3471 0.7028
vn 0.6345 -0.1493 0.7584
vn 0.6396 -0.5798 0.5047
vn 0.6337 -0.7716 0.0556
vn 0.6233 -0.6664 -0.4091
vn 0.6051 -0.3046 -0.7356
vn 0.5844 0.1944 -0.7878
vn 0.3378 0.7119 -0.6158
vn 0.2550 0.8336 0.4900
vn 0.4707 0.3477 0.8109
vn 0.7040 -0.0796 0.7057
vn 0.8439 -0.3298 0.4232
vn 0.9054 -0.4212 0.0533
vn 0.9026 -0.3060 -0.3028
vn 0.8119 -0.0177 -0.5835
vn 0.6253 0.3603 -0.6922
vn 0.2751 0.9512 -0.1398
vn -0.7899 -0.2095 -0.5763
vn -0.9740 -0.2028 0.1013
vn -0.8192 -0.3784 0.4310
vn -0.5165 -0.6440 0.5644
vn -0.1944 -0.8868 0.4193
vn -0.0025 -0.9976 0.0696
vn 0.0018 -0.9523 -0.3051
vn -0.1551 -0.7743 -0.6136
vn -0.4382 -0.5212 -0.7323
vn -0.9856 -0.0868 -0.1452
vn -0.9658 -0.2251 -0.1286
vn -0.9342 -0.1576 0.3200
vn -0.6801 -0.4231 0.5987
vn -0.0657 -0.9359 0.3460
vn 0.1052 -0.9933 -0.0481
vn 0.1242 -0.8517 -0.5092
vn -0.1349 -0.5848 -0.7999
vn -0.7358 -0.2011 -0.6467
vn -0.7607 0.6352 -0.1333
vn -0.7395 0.5432 0.3976
vn -0.4716 -0.5619 0.6796
vn -0.4429 0.2902 0.8483
vn 0.0059 -0.1628 0.9866
vn 0.5038 -0.5242 0.6865
vn 0.7683 -0.4850 -0.4177
vn 0.4755 -0.1161 -0.8720
vn 0.0622 0.2640 -0.9625
vn -0.3072 -0.3895 -0.8683
vn -0.4987 0.5605 -0.6612
vn -0.7202 0.6851 -0.1093
vn -0.6329 0.5842 0.5081
vn -0.1750 0.1445 0.9739
vn 0.7581 -0.6457 0.0914
vn 0.4685 -0.5696 0.6753
vn 0.7256 -0.4941 -0.4789
vn 0.4067 -0.0869 -0.9094
vn -0.2690 0.4846 -0.8324
vn -0.0589 0.9625 0.2649
vn -0.0100 0.9261 0.3771
vn 0.0009 0.9519 0.3063
vn -0.0572 0.9176 0.3934
vn -0.0196 0.9362 0.3508
vn -0.0676 0.8498 0.5228
vn -0.0110 0.8427 0.5383
vn -0.1684 0.3868 0.9067
vn -0.2132 0.7962 0.5662
vn -0.2435 0.6951 0.6765
vn 0.0165 0.9930 -0.1173
vn -0.1815 0.3367 0.9239
vn -0.1801 0.5371 0.8241
vn -0.0401 0.9268 -0.3734
vn -0.0487 0.9912 -0.1230
vn -0.2189 0.8851 0.4108
vn -0.0538 0.5809 0.8122
vn -0.2182 0.9537 0.2068
vn -0.0509 0.3335 0.9414
vn 0.0122 0.5277 0.8493
vn -0.1991 0.9639 -0.1768
vn -0.1143 0.3086 0.9443
vn -0.3096 0.8570 0.4120
vn -0.2178 0.9290 -0.2992
vn -0.2197 0.9172 -0.3324
vn -0.0987 0.9124 -0.3971
vn 0.2803 -0.4141 -0.8660
vn -0.2802 0.4141 -0.8660
vn -0.2803 0.4141 -0.8660
vn -0.5605 0.8282 -0.0000
vn -0.2802 0.4141 0.8660
vn 0.2802 -0.4141 0.8660
vn 0.5605 -0.8282 -0.0000
vn 0.2545 0.2742 0.9274
vn -0.7071 -0.0000 0.7071
vn 0.5377 0.5578 0.6322
vn -0.8838 0.3701 0.2861
vn 0.7071 -0.0000 0.7071
vn 0.8838 0.3701 0.2862
vn 0.4760 0.6934 0.5410
vn -0.5334 0.6691 0.5174
vn 0.1317 0.8333 0.5370
vn 0.5335 0.6691 0.5174
vn 0.3788 0.3830 0.8425
vn -0.3303 0.7440 0.5808
vn 0.3307 0.7431 0.5818
vn -0.2229 0.7937 0.5660
vn 0.2228 0.7945 0.5650
vn 0.4485 0.6731 0.5880
vn -0.4400 0.8980 -0.0000
vn 0.4404 0.8978 -0.0000
vn -0.5201 0.6734 0.5255
vn -0.2548 0.2747 0.9271
vn -0.3280 0.7494 0.5752
vn -0.2162 0.8047 0.5529
vn -0.3409 0.7015 0.6259
vn 0.7045 0.7097 -0.0000
vn -0.4410 0.8975 -0.0000
vn -0.4236 0.4426 0.7903
vn 0.4410 0.8975 -0.0000
vn -0.6690 0.3335 0.6642
vn 0.2011 0.8665 0.4569
vn -0.5290 0.4489 0.7202
vn 0.6690 0.3335 0.6642
vn -0.1155 0.9933 0.0083
vn 0.1176 0.6694 0.7336
vn -0.0000 0.6103 0.7921
vn -0.0000 0.6150 0.7885
vn -0.0000 0.9717 0.2360
vn -0.5699 0.2644 0.7780
vn 0.1348 -0.0000 0.9909
vn 0.5646 0.2706 0.7797
vn -0.1348 -0.0000 0.9909
vn 0.2410 0.3565 0.9027
vn 0.3835 0.2776 0.8808
vn 0.4712 0.2219 0.8537
vn -0.2410 0.3565 0.9027
vn -0.3835 0.2776 0.8808
vn -0.1467 0.4018 0.9039
vn -0.0853 0.8944 0.4390
vn -0.5571 0.2635 0.7875
vn -0.3802 0.5177 0.7664
vn -0.2245 0.6956 -0.6824
vn 0.2877 0.6934 -0.6606
vn -0.2967 0.9541 0.0406
vn 0.6041 0.7744 0.1881
vn -0.6602 0.3128 -0.6828
vn -0.2479 0.7447 -0.6197
vn 0.6604 0.3125 -0.6828
vn 0.3196 0.7347 -0.5983
vn -0.3263 0.6705 -0.6663
vn -0.2050 0.1692 -0.9640
vn -0.6103 0.6246 -0.4872
vn -0.7223 0.5608 -0.4046
vn -0.0000 0.1364 -0.9906
vn -0.0000 0.9013 -0.4333
vn -0.0000 0.9020 -0.4317
vn 0.2059 0.1691 -0.9638
vn 0.7235 0.5591 -0.4048
vn 0.6121 0.6230 -0.4871
vn -0.3922 0.4512 0.8016
vn -0.0000 0.4924 0.8704
vn 0.3934 0.4506 0.8014
vn -0.7342 0.3868 0.5579
vn 0.0390 -0.0000 0.9992
vn -0.0392 -0.0000 0.9992
vn 0.7349 0.3861 0.5576
vn 0.6931 -0.0000 0.7208
vn -0.6932 -0.0000 0.7208
vn 0.2613 0.2762 0.9249
vn 0.5537 0.5493 0.6259
vn -0.8838 0.3701 0.2862
vn 0.4922 0.6854 0.5367
vn -0.5335 0.6691 0.5174
vn 0.1383 0.8351 0.5324
vn 0.3893 0.3839 0.8373
vn -0.3393 0.7461 0.5729
vn 0.3397 0.7452 0.5738
vn -0.2337 0.7940 0.5612
vn 0.2335 0.7949 0.5600
vn 0.4649 0.6640 0.5856
vn -0.4547 0.8906 -0.0000
vn 0.4552 0.8904 -0.0000
vn -0.5371 0.6668 0.5167
vn -0.2616 0.2766 0.9247
vn -0.3368 0.7516 0.5671
vn -0.2263 0.8057 0.5474
vn -0.3493 0.6954 0.6280
vn 0.7044 0.7098 -0.0000
vn -0.4558 0.8901 -0.0000
vn -0.4355 0.4372 0.7869
vn 0.4559 0.8900 -0.0000
vn -0.6841 0.3117 0.6595
vn 0.1964 0.8570 0.4764
vn -0.5439 0.4304 0.7203
vn 0.6841 0.3117 0.6595
vn -0.1117 0.9937 0.0081
vn 0.1349 0.6488 0.7489
vn -0.0000 0.6109 0.7917
vn -0.0000 0.6155 0.7881
vn -0.5736 0.2498 0.7801
vn 0.1443 -0.0000 0.9895
vn 0.5680 0.2558 0.7823
vn -0.1443 -0.0000 0.9895
vn 0.2515 0.3577 0.8993
vn 0.4113 0.2718 0.8700
vn 0.4968 0.2184 0.8400
vn -0.2515 0.3577 0.8993
vn -0.4113 0.2718 0.8700
vn -0.1569 0.4012 0.9025
vn -0.0841 0.9101 0.4059
vn -0.5606 0.2482 0.7900
vn -0.3977 0.5067 0.7649
vn -0.2327 0.6874 -0.6880
vn 0.3038 0.6825 -0.6648
vn -0.2911 0.9556 0.0453
vn 0.6306 0.7542 0.1832
vn -0.6720 0.3004 -0.6769
vn -0.2412 0.7541 -0.6108
vn 0.6721 0.3002 -0.6769
vn 0.3192 0.7298 -0.6046
vn -0.3454 0.6574 -0.6697
vn -0.2190 0.1687 -0.9610
vn -0.6342 0.6022 -0.4849
vn -0.7395 0.5360 -0.4072
vn -0.0000 0.9014 -0.4330
vn 0.2200 0.1686 -0.9608
vn 0.7406 0.5343 -0.4075
vn 0.6358 0.6006 -0.4848
vn -0.4073 0.4427 0.7988
vn -0.0000 0.4923 0.8704
vn 0.4083 0.4421 0.7986
vn -0.7427 0.3763 0.5538
vn 0.0418 -0.0000 0.9991
vn -0.0420 -0.0000 0.9991
vn 0.7433 0.3756 0.5535
vn 0.6921 -0.0000 0.7218
vn -0.6922 -0.0000 0.7217
vn 0.2542 0.2985 -0.9199
vn -0.0000 0.7893 -0.6140
vn 0.5583 0.5583 -0.6138
vn -0.3180 0.2569 -0.9126
vn 0.0429 0.4367 -0.8986
vn -0.7893 -0.0000 -0.6140
vn -0.6108 0.5384 -0.5805
vn -0.2568 -0.3181 -0.9126
vn -0.4367 0.0429 -0.8986
vn -0.0000 -0.7894 -0.6139
vn -0.5384 -0.6108 -0.5805
vn -0.0430 -0.4067 -0.9126
vn 0.5582 -0.5582 -0.6139
vn 0.4067 0.0430 -0.9125
vn 0.2785 -0.3392 -0.8986
vn 0.8126 0.0514 -0.5805
vn -0.0000 0.9869 -0.1612
vn 0.6979 0.6979 -0.1613
vn -0.9869 -0.0000 -0.1612
vn -0.7031 0.6939 -0.1552
vn -0.0000 -0.9869 -0.1612
vn -0.6939 -0.7031 -0.1552
vn 0.6979 -0.6979 -0.1612
vn 0.9879 0.0065 -0.1552
vn 0.0225 0.9619 0.2724
vn -0.6645 0.6959 0.2724
vn -0.9619 0.0225 0.2724
vn -0.6961 -0.6643 0.2724
vn -0.0225 -0.9619 0.2724
vn 0.6642 -0.6962 0.2724
vn 0.9619 -0.0225 0.2724
vn 0.6741 0.6778 0.2937
vn -0.0000 0.7047 0.7095
vn 0.4982 0.4982 0.7097
vn -0.4980 0.4981 0.7099
vn -0.7359 0.0346 0.6762
vn -0.5448 -0.4958 0.6762
vn -0.0346 -0.7359 0.6762
vn 0.7045 -0.0000 0.7097
vn 0.4959 -0.5447 0.6763
vn -0.0000 0.3799 0.9250
vn 0.2688 0.2688 0.9249
vn -0.2783 0.3396 0.8985
vn -0.4369 0.0433 0.8985
vn -0.3396 -0.2783 0.8985
vn -0.0433 -0.4369 0.8985
vn 0.3802 -0.0000 0.9249
vn 0.2785 -0.3392 0.8986
vn -0.9992 -0.0390 -0.0000
vn 0.6760 -0.7369 -0.0000
vn -0.5622 0.5452 0.6219
vn 0.5622 -0.5451 0.6219
vn -0.2487 0.9354 0.2513
vn -0.2983 0.7765 -0.5550
vn -0.6688 0.6549 0.3519
vn -0.7812 0.4463 -0.4366
vn -0.6798 -0.2673 0.6829
vn -0.7813 -0.6220 -0.0527
vn -0.2684 -0.9590 0.0914
vn 0.2485 -0.5622 0.7888
vn 0.2983 -0.9522 0.0650
vn 0.8047 -0.5923 -0.0400
vn 0.9707 -0.0491 -0.2351
vn 0.1754 0.7860 0.5928
vn 0.4592 0.5921 0.6623
vn -0.5673 0.2781 0.7751
vn -0.5056 -0.0383 0.8619
vn -0.2572 -0.5902 0.7652
vn 0.2551 0.3265 0.9101
vn -0.6878 -0.0046 -0.7259
vn -0.5622 0.5452 0.6218
vn -0.5537 -0.4079 -0.7260
vn -0.3447 -0.7032 0.6218
vn 0.6878 0.0044 -0.7259
vn 0.2082 0.6554 -0.7260
vn 0.1965 0.6599 -0.7252
vn 0.5562 0.4041 0.7261
vn 0.5562 0.4041 -0.7262
vn -0.2290 0.6494 -0.7252
vn 0.3449 0.7031 0.6218
vn -0.5669 0.3908 -0.7252
vn -0.1342 0.7715 0.6219
vn -0.6884 -0.0171 -0.7252
vn -0.5621 0.5453 0.6218
vn -0.5468 -0.4184 -0.7252
vn -0.7753 0.1107 0.6219
vn -0.1965 -0.6599 -0.7252
vn -0.6923 -0.3660 0.6219
vn 0.2290 -0.6494 -0.7252
vn -0.3449 -0.7031 0.6218
vn 0.5669 -0.3908 -0.7252
vn 0.1342 -0.7715 0.6219
vn 0.6884 0.0172 -0.7251
vn 0.5621 -0.5453 0.6218
vn 0.7753 -0.1107 0.6219
vn -0.2225 0.9749 -0.0000
vn 0.6235 0.7818 -0.0000
vn -0.9010 0.4339 -0.0000
vn -0.9010 -0.4339 -0.0000
vn -0.2225 -0.9749 -0.0000
vn 0.6235 -0.7818 -0.0000
vn -0.2290 0.6493 -0.7252
vn -0.7753 0.1107 0.6218
vn -0.6923 -0.3661 0.6218
vn 0.6884 0.0171 -0.7252
vn -0.3181 0.2568 -0.9126
vn -0.7896 -0.0000 -0.6137
vn -0.4067 0.0430 -0.9126
vn -0.5581 -0.5581 -0.6141
vn 0.0433 -0.4066 -0.9126
vn -0.3392 -0.2785 -0.8986
vn 0.5581 -0.5581 -0.6141
vn 0.0510 -0.8127 -0.5805
vn 0.4067 0.0430 -0.9126
vn 0.6979 0.6979 -0.1612
vn 0.0065 -0.9879 -0.1552
vn 0.7031 -0.6939 -0.1552
vn 0.0222 0.9619 0.2724
vn -0.6643 0.6961 0.2724
vn -0.9619 0.0226 0.2724
vn -0.0222 -0.9619 0.2724
vn 0.6643 -0.6961 0.2724
vn 0.9619 -0.0226 0.2724
vn -0.0000 0.7045 0.7098
vn 0.4981 0.4981 0.7097
vn -0.4958 0.5448 0.6762
vn -0.4982 -0.4982 0.7097
vn -0.7358 0.0343 0.6763
vn -0.0000 -0.7043 0.7099
vn 0.4958 -0.5448 0.6762
vn 0.7358 -0.0340 0.6764
vn 0.2692 0.2691 0.9247
vn 0.2688 -0.2688 0.9249
vn -0.0429 -0.4367 0.8986
vn 0.3799 -0.0000 0.9250
vn -0.5513 -0.7319 0.4005
vn 0.5513 -0.7319 -0.4005
vn -0.2508 -0.9680 0.0003
vn -0.9876 0.0318 0.1537
vn 0.9915 -0.0000 0.1299
vn 0.8963 0.2332 0.3772
vn 0.7935 0.1263 0.5953
vn 0.0924 -0.5669 0.8186
vn -0.7686 -0.0026 0.6397
vn 0.5198 -0.4121 0.7483
vn -0.6259 0.6383 -0.4482
vn -0.5774 0.5774 -0.5774
vn -0.5774 -0.5774 0.5774
vn -0.4406 -0.6035 -0.6646
vn 0.5774 -0.5774 0.5774
vn -0.4403 -0.6043 -0.6641
vn -0.4583 0.8688 0.1875
vn -0.5913 -0.1054 -0.7995
vn 0.7922 -0.4794 0.3776
vn -0.0813 0.2624 0.9615
vn -0.2359 0.2092 0.9490
vn 0.7300 -0.6834 0.0021
vn 0.0399 0.9016 -0.4307
vn 0.0243 0.2799 0.9597
vn -0.2475 0.9668 0.0632
vn 0.2802 -0.4141 -0.8660
vn 0.7750 0.6320 -0.0000
vn 0.1467 0.4018 0.9039
vn -0.4712 0.2219 0.8537
vn 0.9303 0.3631 -0.0523
vn -0.9307 0.3657 0.0029
vn -0.9257 0.3637 -0.1036
vn -0.1664 0.1704 -0.9712
vn 0.1669 0.1704 -0.9711
vn 0.7958 0.6056 -0.0000
vn 0.1569 0.4012 0.9025
vn -0.4968 0.2184 0.8400
vn 0.9384 0.3419 -0.0493
vn -0.9389 0.3442 0.0027
vn -0.9344 0.3426 -0.0976
vn -0.1779 0.1701 -0.9692
vn 0.1785 0.1701 -0.9691
vt 0.091053 0.560754
vt 0.070981 0.570516
vt 0.084597 0.551537
vt 0.081401 0.590653
vt 0.081515 0.574084
vt 0.090757 0.604112
vt 0.070817 0.594089
vt 0.105988 0.609327
vt 0.084139 0.613147
vt 0.127744 0.613540
vt 0.105910 0.620654
vt 0.121290 0.604323
vt 0.141367 0.594576
vt 0.130946 0.574425
vt 0.130831 0.590995
vt 0.121592 0.560965
vt 0.141531 0.570991
vt 0.106358 0.555777
vt 0.128175 0.551837
vt 0.106436 0.544417
vt 0.133506 0.685033
vt 0.107864 0.658988
vt 0.133502 0.658986
vt 0.133506 0.711361
vt 0.107868 0.685035
vt 0.133506 0.737408
vt 0.107867 0.711361
vt 0.133506 0.762995
vt 0.107867 0.737408
vt 0.107867 0.762995
vt 0.107864 0.633399
vt 0.133503 0.658986
vt 0.107864 0.633400
vt 0.133502 0.633400
vt 0.141531 0.570992
vt 0.128175 0.551838
vt 0.141367 0.594575
vt 0.130946 0.574426
vt 0.121290 0.604322
vt 0.130831 0.590994
vt 0.127744 0.613539
vt 0.105988 0.609326
vt 0.084176 0.613238
vt 0.105910 0.620653
vt 0.070817 0.594088
vt 0.090757 0.604111
vt 0.070978 0.570505
vt 0.091053 0.560755
vt 0.106358 0.555778
vt 0.097573 0.570135
vt 0.092152 0.577726
vt 0.097404 0.594823
vt 0.092087 0.587158
vt 0.106068 0.597796
vt 0.114772 0.594943
vt 0.120267 0.577868
vt 0.120201 0.587370
vt 0.114944 0.570255
vt 0.106278 0.567283
vt 0.114944 0.570256
vt 0.120259 0.577921
vt 0.120194 0.587352
vt 0.106068 0.597795
vt 0.092152 0.577727
vt 0.097573 0.570136
vt 0.106278 0.567284
vt 0.768146 0.436540
vt 0.757627 0.433172
vt 0.767625 0.418677
vt 0.750927 0.424267
vt 0.750605 0.413227
vt 0.756784 0.404269
vt 0.767104 0.400814
vt 0.777623 0.404182
vt 0.784322 0.413086
vt 0.784644 0.424126
vt 0.778466 0.433085
vt 0.809798 0.307089
vt 0.852300 0.298238
vt 0.852312 0.307011
vt 0.809559 0.298273
vt 0.852296 0.289383
vt 0.809311 0.289380
vt 0.852300 0.280601
vt 0.809145 0.280566
vt 0.852310 0.271935
vt 0.809439 0.351000
vt 0.852565 0.359345
vt 0.809387 0.359696
vt 0.809616 0.342176
vt 0.852496 0.350689
vt 0.809815 0.333278
vt 0.852442 0.341921
vt 0.809944 0.324461
vt 0.852398 0.333071
vt 0.809942 0.315775
vt 0.852361 0.324299
vt 0.852332 0.315655
vt 0.816167 0.219253
vt 0.830655 0.254088
vt 0.826633 0.216843
vt 0.804459 0.220857
vt 0.820946 0.257230
vt 0.838142 0.247060
vt 0.833812 0.209029
vt 0.799485 0.307108
vt 0.799474 0.298285
vt 0.799469 0.289387
vt 0.826198 0.268465
vt 0.845367 0.257304
vt 0.836270 0.263723
vt 0.799618 0.342222
vt 0.799661 0.351033
vt 0.799572 0.333323
vt 0.799534 0.324500
vt 0.799505 0.315804
vt 0.845701 0.207818
vt 0.849991 0.245579
vt 0.809131 0.271881
vt 0.799466 0.280577
vt 0.557983 0.207320
vt 0.602887 0.220666
vt 0.556921 0.214190
vt 0.558677 0.200547
vt 0.604150 0.212751
vt 0.559028 0.193604
vt 0.604984 0.204646
vt 0.558680 0.186149
vt 0.609232 0.196867
vt 0.609231 0.196868
vt 0.610804 0.188978
vt 0.559029 0.193605
vt 0.604982 0.204646
vt 0.557983 0.207321
vt 0.558678 0.200548
vt 0.556922 0.214190
vt 0.604149 0.212752
vt 0.555067 0.221419
vt 0.602885 0.220666
vt 0.601585 0.228518
vt 0.551975 0.206368
vt 0.552600 0.200263
vt 0.552903 0.194278
vt 0.552640 0.188867
vt 0.552904 0.194279
vt 0.552600 0.200264
vt 0.551975 0.206369
vt 0.551060 0.212290
vt 0.549708 0.217536
vt 0.551060 0.212291
vt 0.528234 0.203103
vt 0.528720 0.198345
vt 0.528899 0.193553
vt 0.528937 0.188697
vt 0.528900 0.193554
vt 0.528721 0.198345
vt 0.528235 0.203104
vt 0.527444 0.207833
vt 0.526291 0.213082
vt 0.527443 0.207832
vt 0.617264 0.222999
vt 0.222854 0.215927
vt 0.209432 0.208824
vt 0.222967 0.208537
vt 0.619572 0.205234
vt 0.619905 0.197310
vt 0.620239 0.189385
vt 0.222969 0.208537
vt 0.209462 0.216214
vt 0.222856 0.215927
vt 0.618547 0.215171
vt 0.617263 0.222998
vt 0.615997 0.230829
vt 0.258716 0.208927
vt 0.258693 0.216318
vt 0.258771 0.195333
vt 0.222975 0.229756
vt 0.258621 0.229929
vt 0.258694 0.216318
vt 0.258717 0.208927
vt 0.258638 0.229912
vt 0.223108 0.195178
vt 0.258772 0.195333
vt 0.694212 0.106012
vt 0.700405 0.054559
vt 0.693951 0.052272
vt 0.688067 0.105056
vt 0.687802 0.051316
vt 0.730309 0.108163
vt 0.700658 0.108299
vt 0.074337 0.626467
vt 0.098863 0.639914
vt 0.101483 0.624987
vt 0.071442 0.642956
vt 0.095636 0.655917
vt 0.067876 0.660629
vt 0.093133 0.672050
vt 0.065110 0.678449
vt 0.092668 0.687202
vt 0.064595 0.695186
vt 0.095274 0.700853
vt 0.074330 0.723987
vt 0.067473 0.710259
vt 0.050892 0.818169
vt 0.081179 0.827989
vt 0.050215 0.836588
vt 0.054052 0.798571
vt 0.081790 0.811311
vt 0.058097 0.779134
vt 0.084649 0.793566
vt 0.061400 0.760999
vt 0.088310 0.775969
vt 0.062708 0.744156
vt 0.091298 0.759544
vt 0.091435 0.729024
vt 0.092482 0.744287
vt 0.061552 0.727301
vt 0.668375 0.228443
vt 0.624200 0.220459
vt 0.668331 0.220223
vt 0.668419 0.236663
vt 0.624250 0.228715
vt 0.668232 0.195633
vt 0.624137 0.204054
vt 0.624100 0.195834
vt 0.668306 0.212074
vt 0.668269 0.203853
vt 0.624175 0.212274
vt 0.624245 0.228679
vt 0.624200 0.220460
vt 0.668270 0.203853
vt 0.624101 0.195834
vt 0.668306 0.212073
vt 0.688923 0.597218
vt 0.683338 0.589609
vt 0.697840 0.584819
vt 0.683294 0.580171
vt 0.688805 0.572508
vt 0.697767 0.569548
vt 0.706757 0.572422
vt 0.712342 0.580031
vt 0.712386 0.589468
vt 0.706875 0.597131
vt 0.697913 0.600091
vt 0.660904 0.130984
vt 0.517055 0.126481
vt 0.660879 0.125769
vt 0.660854 0.120859
vt 0.517007 0.116645
vt 0.660830 0.115933
vt 0.517031 0.121570
vt 0.660729 0.172824
vt 0.517590 0.168391
vt 0.660704 0.167683
vt 0.660754 0.177710
vt 0.517616 0.173532
vt 0.517665 0.183281
vt 0.517640 0.178418
vt 0.517107 0.136910
vt 0.660930 0.136199
vt 0.517156 0.146746
vt 0.660954 0.141109
vt 0.660978 0.146034
vt 0.244954 0.022864
vt 0.237689 0.032407
vt 0.240408 0.022887
vt 0.660678 0.162542
vt 0.517566 0.163250
vt 0.660654 0.157656
vt 0.517517 0.153502
vt 0.660630 0.152794
vt 0.259562 0.022793
vt 0.252304 0.032275
vt 0.252221 0.022829
vt 0.237595 0.013395
vt 0.244879 0.007579
vt 0.252211 0.013383
vt 0.259485 0.007626
vt 0.245030 0.038150
vt 0.266826 0.013369
vt 0.266919 0.032144
vt 0.259635 0.037960
vt 0.625342 0.054329
vt 0.566154 0.082402
vt 0.565997 0.054670
vt 0.681155 0.053296
vt 0.625492 0.082064
vt 0.625640 0.109799
vt 0.681293 0.081029
vt 0.581234 0.018810
vt 0.623496 0.025207
vt 0.623489 0.018971
vt 0.578401 0.007135
vt 0.540612 0.006920
vt 0.578547 0.013382
vt 0.543625 0.045104
vt 0.497540 0.070739
vt 0.529726 0.068773
vt 0.540544 0.022462
vt 0.530320 0.090815
vt 0.578391 0.032167
vt 0.498074 0.090587
vt 0.545473 0.113702
vt 0.540355 0.038002
vt 0.581635 0.027578
vt 0.624177 0.033254
vt 0.624125 0.027019
vt 0.578143 0.038410
vt 0.681433 0.108762
vt 0.644415 0.017308
vt 0.612268 0.004700
vt 0.664751 0.004487
vt 0.716597 0.004224
vt 0.716706 0.025541
vt 0.644499 0.034486
vt 0.664962 0.047107
vt 0.716808 0.046857
vt 0.612478 0.047411
vt 0.720548 0.003233
vt 0.742293 0.021435
vt 0.720890 0.021830
vt 0.742636 0.040032
vt 0.721232 0.040426
vt 0.741952 0.002839
vt 0.763697 0.021042
vt 0.764039 0.039639
vt 0.642082 0.026965
vt 0.642103 0.033200
vt 0.560354 0.084021
vt 0.566103 0.111393
vt 0.560082 0.073941
vt 0.641415 0.018857
vt 0.641454 0.025092
vt 0.836672 0.114825
vt 0.844779 0.128225
vt 0.836796 0.128298
vt 0.704234 0.220348
vt 0.708670 0.207078
vt 0.712693 0.217393
vt 0.722568 0.217351
vt 0.726496 0.207002
vt 0.731056 0.220228
vt 0.691410 0.214558
vt 0.705627 0.194705
vt 0.729417 0.194613
vt 0.743833 0.214308
vt 0.679737 0.204539
vt 0.703564 0.181467
vt 0.731342 0.181384
vt 0.755422 0.204152
vt 0.668831 0.182452
vt 0.671355 0.190797
vt 0.702199 0.167569
vt 0.732597 0.167452
vt 0.763671 0.190275
vt 0.667492 0.165524
vt 0.701611 0.158827
vt 0.767366 0.165130
vt 0.767589 0.174757
vt 0.725466 0.114547
vt 0.714107 0.122557
vt 0.717712 0.113372
vt 0.737389 0.120366
vt 0.715811 0.133205
vt 0.747349 0.130238
vt 0.717961 0.146620
vt 0.754369 0.143199
vt 0.719633 0.153969
vt 0.722856 0.221994
vt 0.712515 0.222041
vt 0.707932 0.114298
vt 0.700464 0.116911
vt 0.689843 0.124862
vt 0.681910 0.136426
vt 0.677444 0.150473
vt 0.676171 0.158105
vt 0.877338 0.114450
vt 0.844655 0.114751
vt 0.914562 0.114107
vt 0.877462 0.127924
vt 0.844530 0.101278
vt 0.836547 0.101351
vt 0.705627 0.194706
vt 0.679738 0.204539
vt 0.729417 0.194612
vt 0.743834 0.214309
vt 0.703563 0.181467
vt 0.732598 0.167452
vt 0.733172 0.158662
vt 0.701612 0.158828
vt 0.714108 0.122556
vt 0.725466 0.114546
vt 0.717711 0.113371
vt 0.737389 0.120365
vt 0.717961 0.146621
vt 0.719633 0.153970
vt 0.754369 0.143200
vt 0.707932 0.114297
vt 0.700464 0.116910
vt 0.689843 0.124861
vt 0.677445 0.150474
vt 0.877213 0.100977
vt 0.229129 0.516669
vt 0.235636 0.283438
vt 0.236522 0.516660
vt 0.221737 0.516679
vt 0.228382 0.283472
vt 0.251308 0.516640
vt 0.258392 0.283773
vt 0.258700 0.516630
vt 0.243915 0.516650
vt 0.251000 0.283783
vt 0.236523 0.516660
vt 0.243607 0.283793
vt 0.229130 0.516669
vt 0.235637 0.283438
vt 0.228383 0.283472
vt 0.243915 0.516651
vt 0.250999 0.283783
vt 0.286512 0.351704
vt 0.294704 0.357656
vt 0.281449 0.367287
vt 0.276385 0.351704
vt 0.268193 0.357656
vt 0.265064 0.367287
vt 0.268193 0.376918
vt 0.276385 0.382870
vt 0.286512 0.382870
vt 0.294704 0.376918
vt 0.297833 0.367287
vt 0.374125 0.229436
vt 0.366497 0.234978
vt 0.361783 0.220469
vt 0.357069 0.234978
vt 0.349440 0.229436
vt 0.346527 0.220469
vt 0.349440 0.211501
vt 0.357069 0.205959
vt 0.366497 0.205959
vt 0.374125 0.211501
vt 0.377039 0.220469
vt 0.667056 0.656482
vt 0.631666 0.769730
vt 0.664189 0.655673
vt 0.669925 0.657291
vt 0.634518 0.770535
vt 0.672796 0.658100
vt 0.637369 0.771338
vt 0.675665 0.658908
vt 0.640220 0.772141
vt 0.678531 0.659715
vt 0.643072 0.772943
vt 0.681399 0.660524
vt 0.645924 0.773746
vt 0.684259 0.661338
vt 0.648775 0.774549
vt 0.628812 0.768922
vt 0.661330 0.654861
vt 0.613130 0.673304
vt 0.606595 0.676011
vt 0.606595 0.666769
vt 0.600061 0.673304
vt 0.597354 0.666769
vt 0.600060 0.660234
vt 0.606595 0.657527
vt 0.613130 0.660234
vt 0.615837 0.666769
vt 0.632098 0.779117
vt 0.623870 0.797647
vt 0.629242 0.778314
vt 0.634953 0.779920
vt 0.626726 0.798450
vt 0.637808 0.780724
vt 0.629581 0.799252
vt 0.640664 0.781527
vt 0.632436 0.800056
vt 0.643518 0.782330
vt 0.635292 0.800859
vt 0.646373 0.783132
vt 0.638150 0.801663
vt 0.649231 0.783930
vt 0.641011 0.802464
vt 0.621012 0.796850
vt 0.626384 0.777512
vt 0.651628 0.775355
vt 0.733678 0.478195
vt 0.715745 0.462312
vt 0.722720 0.450873
vt 0.047200 0.915708
vt 0.058648 0.936422
vt 0.044921 0.936541
vt 0.058980 0.900142
vt 0.050572 0.895939
vt 0.060345 0.878459
vt 0.080002 0.874708
vt 0.076486 0.866306
vt 0.096258 0.871152
vt 0.096359 0.862084
vt 0.112430 0.875069
vt 0.116133 0.866748
vt 0.131998 0.879257
vt 0.141379 0.896952
vt 0.125374 0.885671
vt 0.144309 0.916791
vt 0.132880 0.900967
vt 0.146123 0.937670
vt 0.134594 0.918641
vt 0.069990 0.917547
vt 0.074144 0.930411
vt 0.056872 0.917774
vt 0.066825 0.885018
vt 0.070677 0.904652
vt 0.084976 0.886265
vt 0.075936 0.893646
vt 0.107200 0.886513
vt 0.096117 0.883743
vt 0.121084 0.905214
vt 0.116073 0.894094
vt 0.117044 0.930890
vt 0.121484 0.918121
vt 0.083425 0.914601
vt 0.086591 0.920483
vt 0.083280 0.907950
vt 0.085776 0.902094
vt 0.090327 0.898163
vt 0.101584 0.898289
vt 0.095971 0.896828
vt 0.108411 0.908231
vt 0.106047 0.902321
vt 0.108118 0.914876
vt 0.104822 0.920686
vt 0.095833 0.909216
vt 0.034876 0.911970
vt 0.031380 0.929363
vt 0.039766 0.890851
vt 0.071969 0.855877
vt 0.052028 0.870462
vt 0.096486 0.850769
vt 0.120882 0.856423
vt 0.152296 0.892106
vt 0.140492 0.871448
vt 0.156714 0.913328
vt 0.925440 0.828964
vt 0.926244 0.823434
vt 0.928994 0.824224
vt 0.932807 0.853798
vt 0.944281 0.849780
vt 0.945674 0.853780
vt 0.953340 0.828990
vt 0.952649 0.823331
vt 0.955819 0.829040
vt 0.852707 0.183040
vt 0.773336 0.196305
vt 0.777419 0.235326
vt 0.267344 0.224495
vt 0.348737 0.187632
vt 0.352369 0.193694
vt 0.270539 0.173199
vt 0.351681 0.170770
vt 0.011527 0.434512
vt 0.038932 0.422333
vt 0.039734 0.446198
vt 0.004866 0.420044
vt 0.038074 0.399924
vt 0.073717 0.436008
vt 0.071534 0.402460
vt 0.072562 0.420815
vt 0.103038 0.422932
vt 0.105755 0.415489
vt 0.849655 0.139361
vt 0.770745 0.156299
vt 0.850059 0.153790
vt 0.360460 0.140930
vt 0.297851 0.087733
vt 0.362770 0.138347
vt 0.280316 0.134867
vt 0.292465 0.094710
vt 0.850703 0.169545
vt 0.499883 0.182015
vt 0.512726 0.186902
vt 0.502940 0.193296
vt 0.512046 0.200626
vt 0.498782 0.204220
vt 0.491266 0.192717
vt 0.385877 0.843310
vt 0.394199 0.863484
vt 0.383783 0.862880
vt 0.391156 0.890849
vt 0.380932 0.889734
vt 0.380026 0.917017
vt 0.378064 0.917568
vt 0.355839 0.839504
vt 0.348516 0.859116
vt 0.921656 0.778311
vt 0.942522 0.750317
vt 0.922598 0.749664
vt 0.336427 0.885546
vt 0.941445 0.783565
vt 0.969525 0.751183
vt 0.326017 0.905545
vt 0.348916 0.915078
vt 0.968175 0.793779
vt 0.989451 0.804493
vt 0.996913 0.781169
vt 0.325609 0.907510
vt 0.348427 0.916811
vt 0.373097 0.822033
vt 0.388398 0.824878
vt 0.902628 0.764306
vt 0.394727 0.843146
vt 0.390934 0.824273
vt 0.914189 0.782678
vt 0.903806 0.783942
vt 0.920371 0.799845
vt 0.904366 0.778376
vt 0.351513 0.831551
vt 0.353786 0.821553
vt 0.358409 0.822271
vt 0.901061 0.748951
vt 0.903585 0.749084
vt 0.900273 0.764474
vt 0.901919 0.779283
vt 0.377802 0.919446
vt 0.770575 0.389318
vt 0.774014 0.398150
vt 0.770154 0.397949
vt 0.788024 0.382567
vt 0.796790 0.372165
vt 0.796663 0.382748
vt 0.774866 0.364242
vt 0.770918 0.355625
vt 0.774782 0.355601
vt 0.757331 0.371478
vt 0.748358 0.381698
vt 0.748690 0.371320
vt 0.771123 0.371652
vt 0.774832 0.382087
vt 0.770916 0.382315
vt 0.774565 0.385979
vt 0.774492 0.389522
vt 0.784692 0.381913
vt 0.781636 0.370947
vt 0.784883 0.372596
vt 0.771056 0.368288
vt 0.770941 0.364266
vt 0.761040 0.371546
vt 0.764197 0.383412
vt 0.760843 0.382034
vt 0.788242 0.372080
vt 0.777974 0.385974
vt 0.777973 0.389290
vt 0.775029 0.372032
vt 0.778022 0.381816
vt 0.778163 0.368193
vt 0.778331 0.372343
vt 0.757137 0.381966
vt 0.767209 0.364319
vt 0.767271 0.371554
vt 0.770718 0.385673
vt 0.767066 0.382057
vt 0.774013 0.398150
vt 0.770574 0.389318
vt 0.796789 0.372165
vt 0.796662 0.382748
vt 0.784692 0.381914
vt 0.784882 0.372596
vt 0.770942 0.364266
vt 0.139344 0.699336
vt 0.146650 0.695552
vt 0.146608 0.699417
vt 0.139504 0.684982
vt 0.146811 0.681199
vt 0.146768 0.685064
vt 0.788241 0.372080
vt 0.775028 0.372032
vt 0.778163 0.368192
vt 0.774912 0.368132
vt 0.794333 0.830005
vt 0.728475 0.821406
vt 0.728690 0.830773
vt 0.614119 0.826094
vt 0.673513 0.825840
vt 0.611844 0.815754
vt 0.678745 0.905165
vt 0.627055 0.934411
vt 0.685572 0.918033
vt 0.625112 0.905062
vt 0.676880 0.879683
vt 0.622684 0.881335
vt 0.673519 0.854290
vt 0.618120 0.849687
vt 0.674296 0.833864
vt 0.859701 0.988214
vt 0.780395 0.959721
vt 0.778009 0.987293
vt 0.864074 0.955521
vt 0.781920 0.906887
vt 0.379257 0.993103
vt 0.376989 0.931054
vt 0.372766 0.996836
vt 0.384589 0.990868
vt 0.381676 0.931306
vt 0.328690 0.974234
vt 0.336197 0.928115
vt 0.331829 0.927860
vt 0.323250 0.970644
vt 0.327368 0.927546
vt 0.812162 0.880078
vt 0.809186 0.833986
vt 0.825008 0.880862
vt 0.831931 0.828230
vt 0.843071 0.883583
vt 0.841493 0.825809
vt 0.858765 0.885845
vt 0.335883 0.979584
vt 0.345493 0.928791
vt 0.346727 0.988867
vt 0.377474 0.925547
vt 0.381917 0.926752
vt 0.382794 0.922119
vt 0.578083 0.800557
vt 0.580774 0.809631
vt 0.576953 0.809043
vt 0.596727 0.793954
vt 0.605343 0.783444
vt 0.605368 0.793933
vt 0.581865 0.776418
vt 0.576911 0.768359
vt 0.580742 0.767856
vt 0.564948 0.783523
vt 0.556320 0.794023
vt 0.556308 0.783533
vt 0.578740 0.783379
vt 0.582744 0.793863
vt 0.578761 0.794110
vt 0.581909 0.801066
vt 0.593407 0.793962
vt 0.586015 0.783446
vt 0.593384 0.783472
vt 0.578040 0.776931
vt 0.568654 0.783518
vt 0.575036 0.793953
vt 0.568670 0.794007
vt 0.596703 0.783464
vt 0.586036 0.794020
vt 0.585247 0.801436
vt 0.582723 0.783614
vt 0.585201 0.776034
vt 0.564961 0.794013
vt 0.575017 0.783549
vt 0.574400 0.777299
vt 0.574442 0.800204
vt 0.580775 0.809632
vt 0.578083 0.800558
vt 0.605344 0.783444
vt 0.556319 0.794023
vt 0.564947 0.783523
vt 0.556307 0.783533
vt 0.586036 0.794021
vt 0.582723 0.783615
vt 0.568653 0.783518
vt 0.139842 0.654636
vt 0.147149 0.650852
vt 0.147106 0.654717
vt 0.140003 0.640282
vt 0.147308 0.636498
vt 0.147266 0.640363
vt 0.574441 0.800205
vt 0.332095 0.923265
vt 0.336244 0.922580
vt 0.331057 0.918944
vt 0.139547 0.681118
vt 0.781387 0.383231
vt 0.764504 0.369870
vt 0.778335 0.364587
vt 0.767366 0.368360
vt 0.766718 0.389284
vt 0.767034 0.385458
vt 0.781387 0.383232
vt 0.674407 0.814524
vt 0.729715 0.837776
vt 0.731751 0.838190
vt 0.385877 0.843309
vt 0.394199 0.863483
vt 0.383783 0.862879
vt 0.380932 0.889733
vt 0.378064 0.917567
vt 0.676231 0.834463
vt 0.624276 0.916555
vt 0.691001 0.897170
vt 0.733319 0.877657
vt 0.688755 0.879120
vt 0.729125 0.855277
vt 0.684211 0.854119
vt 0.751742 0.889812
vt 0.802212 0.866607
vt 0.747700 0.874679
vt 0.796657 0.849901
vt 0.740683 0.853248
vt 0.791999 0.835397
vt 0.707026 0.991894
vt 0.620648 0.978773
vt 0.619619 0.997901
vt 0.709512 0.967644
vt 0.620990 0.942188
vt 0.355839 0.839503
vt 0.348516 0.859115
vt 0.921655 0.778311
vt 0.942521 0.750317
vt 0.922596 0.749665
vt 0.336427 0.885545
vt 0.969524 0.751183
vt 0.348916 0.915077
vt 0.968174 0.793779
vt 0.989450 0.804493
vt 0.325609 0.907509
vt 0.348427 0.916810
vt 0.752800 0.896756
vt 0.813419 0.892200
vt 0.809646 0.883875
vt 0.805856 0.878464
vt 0.373097 0.822031
vt 0.388398 0.824877
vt 0.394727 0.843145
vt 0.390934 0.824272
vt 0.914188 0.782677
vt 0.920370 0.799845
vt 0.351513 0.831550
vt 0.353786 0.821552
vt 0.358409 0.822270
vt 0.901060 0.748951
vt 0.386358 0.931372
vt 0.327830 0.922058
vt 0.799622 0.836409
vt 0.807300 0.828490
vt 0.830797 0.822548
vt 0.840102 0.820191
vt 0.345354 0.923251
vt 0.368383 0.924920
vt 0.377802 0.919445
vt 0.710433 0.921404
vt 0.691757 0.904994
vt 0.739420 0.912578
vt 0.736519 0.900313
vt 0.613755 0.801890
vt 0.599599 0.812841
vt 0.603357 0.823402
vt 0.617114 0.934872
vt 0.614846 0.909316
vt 0.612062 0.917430
vt 0.877404 0.957801
vt 0.613672 0.884739
vt 0.608470 0.849107
vt 0.863490 0.889422
vt 0.878865 0.881390
vt 0.335282 0.835084
vt 0.778330 0.372343
vt 0.797685 0.823107
vt 0.679420 0.897633
vt 0.335282 0.835083
vt 0.686205 0.920251
vt 0.736576 0.893129
vt 0.446841 0.236905
vt 0.438824 0.259537
vt 0.416214 0.233804
vt 0.398901 0.256173
vt 0.360535 0.243787
vt 0.380425 0.233635
vt 0.416514 0.285307
vt 0.349974 0.273256
vt 0.421331 0.317213
vt 0.341457 0.286816
vt 0.449125 0.322590
vt 0.411729 0.341940
vt 0.476095 0.271373
vt 0.450570 0.292268
vt 0.489364 0.247695
vt 0.441635 0.354176
vt 0.487804 0.337045
vt 0.487283 0.364930
vt 0.532127 0.337065
vt 0.517201 0.259006
vt 0.496282 0.301205
vt 0.546015 0.301263
vt 0.581852 0.360170
vt 0.582711 0.334970
vt 0.587042 0.302219
vt 0.555774 0.272217
vt 0.588593 0.280304
vt 0.607973 0.339351
vt 0.609355 0.358791
vt 0.614105 0.304211
vt 0.635501 0.311238
vt 0.615360 0.286655
vt 0.637141 0.284614
vt 0.670239 0.306092
vt 0.670332 0.352362
vt 0.670842 0.375564
vt 0.655025 0.325239
vt 0.703249 0.320719
vt 0.672606 0.280343
vt 0.711206 0.276255
vt 0.419705 0.213521
vt 0.453851 0.208364
vt 0.708618 0.371744
vt 0.744539 0.313224
vt 0.745701 0.266372
vt 0.816182 0.401280
vt 0.804113 0.410682
vt 0.807549 0.393733
vt 0.800526 0.408671
vt 0.802861 0.393845
vt 0.819208 0.384551
vt 0.805342 0.377300
vt 0.801062 0.380413
vt 0.741765 0.417938
vt 0.742695 0.429364
vt 0.737524 0.430567
vt 0.744622 0.440297
vt 0.753610 0.444245
vt 0.739188 0.447381
vt 0.747151 0.436859
vt 0.767088 0.445443
vt 0.768057 0.457101
vt 0.756250 0.440427
vt 0.765936 0.441150
vt 0.784856 0.449839
vt 0.778692 0.441194
vt 0.776059 0.437721
vt 0.799198 0.446851
vt 0.788254 0.454966
vt 0.785126 0.431881
vt 0.787560 0.435046
vt 0.797322 0.425462
vt 0.811950 0.416060
vt 0.804779 0.430198
vt 0.793977 0.421987
vt 0.811016 0.433841
vt 0.504622 0.208397
vt 0.619411 0.257137
vt 0.595880 0.251282
vt 0.560727 0.806078
vt 0.544564 0.782414
vt 0.540540 0.821264
vt 0.570015 0.238262
vt 0.529707 0.867904
vt 0.579979 0.880936
vt 0.561532 0.850627
vt 0.539884 0.221211
vt 0.578368 0.826484
vt 0.594163 0.844626
vt 0.651109 0.246092
vt 0.686981 0.234892
vt 0.720045 0.226348
vt 0.747484 0.222217
vt 0.609093 0.919382
vt 0.607672 0.890152
vt 0.585451 0.922287
vt 0.610482 0.945175
vt 0.533350 0.892117
vt 0.536781 0.926404
vt 0.576323 0.961437
vt 0.497273 0.832817
vt 0.477062 0.012761
vt 0.438682 0.049030
vt 0.488752 0.058115
vt 0.436230 0.007358
vt 0.402623 0.046595
vt 0.395117 0.017914
vt 0.372133 0.048023
vt 0.366028 0.023739
vt 0.338728 0.049232
vt 0.329230 0.024946
vt 0.321608 0.043895
vt 0.294776 0.013412
vt 0.272728 0.036272
vt 0.300551 0.042142
vt 0.314057 0.028370
vt 0.490206 0.921779
vt 0.532311 0.960246
vt 0.494059 0.886632
vt 0.295229 0.069611
vt 0.374423 0.505850
vt 0.340455 0.458017
vt 0.356796 0.452868
vt 0.317380 0.072287
vt 0.441975 0.073027
vt 0.490969 0.087643
vt 0.411233 0.070744
vt 0.439586 0.086347
vt 0.409930 0.084863
vt 0.378678 0.068961
vt 0.345120 0.069170
vt 0.377080 0.082594
vt 0.347676 0.083788
vt 0.753098 0.360264
vt 0.783869 0.299654
vt 0.794593 0.342339
vt 0.809432 0.372433
vt 0.731313 0.445400
vt 0.735923 0.416370
vt 0.323490 0.086582
vt 0.351764 0.110441
vt 0.382497 0.103730
vt 0.349941 0.101915
vt 0.819098 0.417756
vt 0.822364 0.385982
vt 0.824718 0.401059
vt 0.771397 0.460732
vt 0.555837 0.741181
vt 0.561681 0.723526
vt 0.541811 0.728505
vt 0.777057 0.256859
vt 0.770756 0.218180
vt 0.557693 0.702652
vt 0.538129 0.703945
vt 0.613336 0.965805
vt 0.579150 0.988268
vt 0.614648 0.984553
vt 0.536520 0.991643
vt 0.554273 0.677671
vt 0.531230 0.678065
vt 0.490908 0.991340
vt 0.552068 0.647404
vt 0.524600 0.646927
vt 0.524570 0.619240
vt 0.551639 0.615098
vt 0.488642 0.660041
vt 0.487354 0.618427
vt 0.523418 0.807885
vt 0.539721 0.809383
vt 0.535099 0.795745
vt 0.522627 0.786903
vt 0.489132 0.789396
vt 0.534797 0.785208
vt 0.522040 0.771322
vt 0.488484 0.772233
vt 0.537290 0.772184
vt 0.524054 0.758503
vt 0.490439 0.755067
vt 0.547093 0.747692
vt 0.525082 0.733459
vt 0.504350 0.704197
vt 0.492764 0.731524
vt 0.465806 0.788118
vt 0.486875 0.806773
vt 0.014441 0.375314
vt 0.034615 0.377910
vt 0.027971 0.391849
vt 0.465494 0.773074
vt 0.005428 0.403420
vt 0.458401 0.751263
vt 0.452233 0.727934
vt 0.444941 0.699561
vt 0.442360 0.656355
vt 0.443989 0.615111
vt 0.032255 0.360857
vt 0.058652 0.378786
vt 0.463914 0.810586
vt 0.426736 0.794770
vt 0.420015 0.807050
vt 0.462290 0.827029
vt 0.377274 0.817028
vt 0.384057 0.814815
vt 0.381797 0.800900
vt 0.327176 0.811958
vt 0.327676 0.782530
vt 0.323911 0.796975
vt 0.391403 0.652905
vt 0.389506 0.611183
vt 0.390895 0.698082
vt 0.388940 0.722451
vt 0.389705 0.747336
vt 0.418577 0.788081
vt 0.464626 0.790598
vt 0.386107 0.771707
vt 0.337845 0.650655
vt 0.339348 0.693201
vt 0.337908 0.717122
vt 0.338964 0.745042
vt 0.336112 0.767808
vt 0.385374 0.787947
vt 0.282268 0.803028
vt 0.285578 0.788888
vt 0.286728 0.774131
vt 0.240034 0.774723
vt 0.231439 0.788614
vt 0.184860 0.766802
vt 0.194839 0.777741
vt 0.201141 0.761151
vt 0.203238 0.758146
vt 0.178820 0.758594
vt 0.169875 0.763782
vt 0.168772 0.759349
vt 0.160128 0.762732
vt 0.148214 0.768507
vt 0.161919 0.767835
vt 0.180581 0.747925
vt 0.204858 0.747159
vt 0.168177 0.742520
vt 0.156591 0.745213
vt 0.142932 0.750738
vt 0.138493 0.746834
vt 0.148144 0.732848
vt 0.154563 0.713647
vt 0.299980 0.648779
vt 0.332959 0.609834
vt 0.277317 0.611453
vt 0.242501 0.761994
vt 0.199753 0.710312
vt 0.194673 0.668887
vt 0.156546 0.653961
vt 0.296848 0.690821
vt 0.192335 0.633435
vt 0.253039 0.647519
vt 0.249003 0.682266
vt 0.281455 0.759040
vt 0.293976 0.741255
vt 0.245085 0.724919
vt 0.294206 0.711247
vt 0.458856 0.091667
vt 0.156412 0.611394
vt 0.186199 0.597348
vt 0.254414 0.582971
vt 0.144452 0.552168
vt 0.176316 0.540714
vt 0.327663 0.585172
vt 0.245562 0.520147
vt 0.389025 0.585310
vt 0.323777 0.517244
vt 0.443149 0.587749
vt 0.385828 0.518401
vt 0.485860 0.589296
vt 0.448147 0.520936
vt 0.520465 0.589683
vt 0.490566 0.524605
vt 0.524228 0.528292
vt 0.551336 0.590222
vt 0.462224 0.957881
vt 0.487104 0.957888
vt 0.558290 0.532131
vt 0.465127 0.920140
vt 0.455584 0.990596
vt 0.393252 0.949744
vt 0.391066 0.984687
vt 0.465899 0.878796
vt 0.395609 0.911999
vt 0.398885 0.873236
vt 0.456195 0.118938
vt 0.434428 0.129734
vt 0.455860 0.147104
vt 0.501101 0.138470
vt 0.476033 0.124858
vt 0.476112 0.162604
vt 0.437704 0.834516
vt 0.367697 0.454879
vt 0.387610 0.492869
vt 0.396394 0.471259
vt 0.392272 0.482709
vt 0.340276 0.112876
vt 0.774105 0.818567
vt 0.762319 0.632288
vt 0.740352 0.816849
vt 0.823817 0.819214
vt 0.788636 0.634777
vt 0.260472 0.104168
vt 0.250713 0.066714
vt 0.269008 0.106265
vt 0.068608 0.222651
vt 0.043085 0.142706
vt 0.044724 0.142429
vt 0.064808 0.225279
vt 0.039396 0.142710
vt 0.054014 0.250997
vt 0.034942 0.144210
vt 0.029941 0.253685
vt 0.048919 0.252814
vt 0.008840 0.254126
vt 0.029654 0.144580
vt 0.080994 0.284376
vt 0.265220 0.111364
vt 0.087830 0.290686
vt 0.042642 0.133257
vt 0.231766 0.041662
vt 0.087840 0.335677
vt 0.074549 0.285471
vt 0.076149 0.337043
vt 0.057768 0.281987
vt 0.850489 0.027306
vt 0.852243 0.014689
vt 0.855634 0.016929
vt 0.051205 0.276446
vt 0.004923 0.336202
vt 0.245754 0.069759
vt 0.990963 0.003822
vt 0.853547 0.013532
vt 0.994799 0.045620
vt 0.997540 0.006494
vt 0.984037 0.113430
vt 0.830124 0.068620
vt 0.990603 0.107784
vt 0.141722 0.006324
vt 0.009115 0.045059
vt 0.004265 0.015402
vt 0.476096 0.271373
vt 0.446841 0.236906
vt 0.532956 0.367571
vt 0.701389 0.506792
vt 0.726347 0.521678
vt 0.707198 0.531755
vt 0.673461 0.532433
vt 0.690938 0.548142
vt 0.680769 0.576288
vt 0.667104 0.508414
vt 0.629878 0.510710
vt 0.644523 0.551568
vt 0.604203 0.551066
vt 0.807549 0.393732
vt 0.744623 0.440297
vt 0.756250 0.440426
vt 0.794600 0.441783
vt 0.811951 0.416060
vt 0.570015 0.238263
vt 0.713520 0.476704
vt 0.722352 0.505244
vt 0.645603 0.468269
vt 0.595613 0.506860
vt 0.613740 0.465268
vt 0.681062 0.472608
vt 0.645967 0.440138
vt 0.696331 0.441384
vt 0.691758 0.383649
vt 0.600974 0.421887
vt 0.650205 0.381296
vt 0.288975 0.859096
vt 0.333503 0.837789
vt 0.331218 0.881796
vt 0.256899 0.846083
vt 0.298516 0.821239
vt 0.228554 0.838553
vt 0.258400 0.818501
vt 0.198634 0.830685
vt 0.230121 0.815139
vt 0.182716 0.820772
vt 0.196087 0.805933
vt 0.167434 0.785746
vt 0.141625 0.800516
vt 0.157909 0.778375
vt 0.165053 0.813199
vt 0.181254 0.804154
vt 0.152748 0.836374
vt 0.293714 0.506611
vt 0.333024 0.451277
vt 0.323203 0.513642
vt 0.169614 0.844223
vt 0.285813 0.881205
vt 0.257962 0.869482
vt 0.278367 0.896876
vt 0.250192 0.886799
vt 0.266825 0.917691
vt 0.228522 0.858779
vt 0.198815 0.849985
vt 0.212180 0.900863
vt 0.237685 0.903803
vt 0.220082 0.876144
vt 0.194816 0.863649
vt 0.564769 0.544494
vt 0.783870 0.299654
vt 0.809432 0.372432
vt 0.837671 0.370652
vt 0.168000 0.859984
vt 0.190704 0.887430
vt 0.561701 0.723841
vt 0.564385 0.502858
vt 0.587835 0.465266
vt 0.538130 0.703945
vt 0.568431 0.420215
vt 0.565181 0.464233
vt 0.572419 0.368720
vt 0.546916 0.747888
vt 0.525023 0.733475
vt 0.465849 0.806425
vt 0.102981 0.377672
vt 0.082702 0.379187
vt 0.085967 0.362288
vt 0.110478 0.406217
vt 0.088591 0.393460
vt 0.059259 0.356062
vt 0.416684 0.821270
vt 0.184541 0.776044
vt 0.179065 0.761353
vt 0.151291 0.772087
vt 0.299981 0.648779
vt 0.455585 0.990596
vt 0.497273 0.832816
vt 0.298048 0.922797
vt 0.295791 0.954847
vt 0.274366 0.981869
vt 0.283536 0.957705
vt 0.402293 0.833947
vt 0.302395 0.448673
vt 0.280805 0.492216
vt 0.276097 0.479443
vt 0.275500 0.439041
vt 0.284810 0.419262
vt 0.168705 0.889741
vt 0.080993 0.284376
vt 0.063790 0.330904
vt 0.057070 0.332493
vt 0.076148 0.337043
vt 0.762319 0.632289
vt 0.824626 0.635475
vt 0.068607 0.222651
vt 0.043084 0.142706
vt 0.064807 0.225279
vt 0.054013 0.250997
vt 0.048918 0.252814
vt 0.029940 0.253685
vt 0.845226 0.025883
vt 0.822936 0.066408
vt 0.051204 0.276446
vt 0.033115 0.338951
vt 0.826636 0.074841
vt 0.022447 0.114904
vt 0.149052 0.016955
vt 0.363486 0.136233
vt 0.385221 0.122014
vt 0.338014 0.436013
vt 0.354971 0.435448
vt 0.343532 0.391373
vt 0.361330 0.392711
vt 0.395919 0.435981
vt 0.409157 0.146025
vt 0.377699 0.404539
vt 0.376413 0.367437
vt 0.436845 0.110419
vt 0.410212 0.104004
vt 0.332301 0.100765
vt 0.426069 0.120219
vt 0.425071 0.112610
vt 0.410462 0.128006
vt 0.408346 0.119969
vt 0.388863 0.118049
vt 0.390538 0.107296
vt 0.408811 0.110032
vt 0.314098 0.432728
vt 0.314340 0.446028
vt 0.187263 0.905971
vt 0.284726 0.935738
vt 0.128382 0.775473
vt 0.110855 0.787458
vt 0.131051 0.788937
vt 0.107789 0.806837
vt 0.119751 0.833750
vt 0.126480 0.815809
vt 0.334366 0.425563
vt 0.301064 0.396283
vt 0.324505 0.375114
vt 0.305689 0.377766
vt 0.301111 0.349547
vt 0.320524 0.329541
vt 0.263511 0.944464
vt 0.233345 0.991711
vt 0.255010 0.972944
vt 0.254639 0.938210
vt 0.201398 0.977848
vt 0.201769 0.945165
vt 0.219143 0.960151
vt 0.190283 0.912951
vt 0.215210 0.924030
vt 0.205636 0.931922
vt 0.237410 0.968488
vt 0.231142 0.927128
vt 0.260886 0.956849
vt 0.094805 0.768454
vt 0.090690 0.785985
vt 0.087810 0.805141
vt 0.085805 0.829336
vt 0.103155 0.836441
vt 0.179076 0.939490
vt 0.171569 0.910524
vt 0.343219 0.352262
vt 0.361090 0.352386
vt 0.319862 0.907615
vt 0.316311 0.965467
vt 0.294246 0.997806
vt 0.508505 0.174508
vt 0.482386 0.182603
vt 0.039726 0.132867
vt 0.029835 0.132159
vt 0.035733 0.131551
vt 0.020709 0.137131
vt 0.045606 0.844353
vt 0.028575 0.858271
vt 0.045677 0.858186
vt 0.044595 0.831977
vt 0.028505 0.844437
vt 0.028092 0.818791
vt 0.027494 0.832061
vt 0.044780 0.807588
vt 0.045193 0.818711
vt 0.044464 0.792541
vt 0.027679 0.807665
vt 0.045606 0.844352
vt 0.027495 0.832060
vt 0.045193 0.818710
vt 0.027363 0.792616
vt 0.009785 0.858364
vt 0.009715 0.844528
vt 0.009301 0.818879
vt 0.008704 0.832151
vt 0.008888 0.807750
vt 0.008704 0.832150
vt 0.009301 0.818878
vt 0.008888 0.807749
vt 0.008573 0.792698
vt 0.003351 0.916615
vt 0.018463 0.927528
vt 0.005196 0.931042
vt 0.024390 0.916795
vt 0.003017 0.903937
vt 0.025333 0.903635
vt 0.018609 0.894936
vt 0.005009 0.888675
vt 0.233560 0.036235
vt 0.058118 0.398825
vt 0.401325 0.461838
vt 0.267458 0.453502
vt 0.174701 0.963556
vt 0.173886 0.955922
vt 0.177054 0.961793
vt 0.168773 0.965431
vt 0.170351 0.960170
vt 0.173518 0.966440
vt 0.169021 0.970996
vt 0.173656 0.969692
vt 0.171029 0.976181
vt 0.177545 0.974152
vt 0.175070 0.972513
vt 0.085401 0.961860
vt 0.084605 0.954421
vt 0.087741 0.960063
vt 0.084246 0.964702
vt 0.081055 0.958679
vt 0.079766 0.969301
vt 0.079441 0.963884
vt 0.084446 0.967827
vt 0.082076 0.974184
vt 0.088521 0.971974
vt 0.085966 0.970477
vt 0.162915 0.956480
vt 0.166448 0.949128
vt 0.161443 0.964354
vt 0.161812 0.972415
vt 0.163945 0.980242
vt 0.174838 0.980245
vt 0.077369 0.948087
vt 0.073674 0.955415
vt 0.071968 0.963280
vt 0.072337 0.971279
vt 0.080325 0.985016
vt 0.075083 0.978719
vt 0.153126 0.953778
vt 0.155279 0.943975
vt 0.152389 0.963633
vt 0.152849 0.973567
vt 0.154421 0.983441
vt 0.167943 0.987427
vt 0.066710 0.943260
vt 0.064093 0.953035
vt 0.062798 0.963011
vt 0.063004 0.973198
vt 0.072199 0.991814
vt 0.065439 0.983307
vt 0.136660 0.952082
vt 0.136659 0.940824
vt 0.137070 0.963264
vt 0.137581 0.974540
vt 0.138121 0.985865
vt 0.157184 0.993164
vt 0.048827 0.940026
vt 0.047939 0.951371
vt 0.047384 0.962816
vt 0.047028 0.974434
vt 0.118807 0.953145
vt 0.116096 0.942258
vt 0.120459 0.963837
vt 0.120946 0.974682
vt 0.120215 0.985683
vt 0.138846 0.997196
vt 0.028839 0.940244
vt 0.030329 0.951485
vt 0.030744 0.962519
vt 0.047116 0.986000
vt 0.029835 0.973641
vt 0.111724 0.955452
vt 0.106777 0.946823
vt 0.114259 0.964733
vt 0.114668 0.974367
vt 0.108738 0.993100
vt 0.112924 0.983971
vt 0.023223 0.952703
vt 0.019482 0.943409
vt 0.024499 0.962344
vt 0.026772 0.984912
vt 0.023450 0.971973
vt 0.011997 0.987431
vt 0.019544 0.980773
vt 0.105304 0.959353
vt 0.100139 0.954176
vt 0.107988 0.966149
vt 0.108294 0.973560
vt 0.101538 0.986375
vt 0.106197 0.980655
vt 0.016439 0.955380
vt 0.012123 0.949427
vt 0.018067 0.962504
vt 0.017135 0.969712
vt 0.007536 0.980066
vt 0.013570 0.975914
vt 0.100001 0.964340
vt 0.096701 0.962297
vt 0.101886 0.968017
vt 0.102068 0.972332
vt 0.097419 0.978611
vt 0.100510 0.976207
vt 0.010451 0.959205
vt 0.007531 0.956620
vt 0.011701 0.963093
vt 0.011138 0.967213
vt 0.005336 0.972163
vt 0.008867 0.970520
vt 0.178151 0.967940
vt 0.088948 0.965988
vt 0.095975 0.970508
vt 0.005406 0.964303
vt 0.751176 0.461990
vt 0.716832 0.625613
vt 0.757903 0.463789
vt 0.730752 0.628143
vt 0.767164 0.465796
vt 0.782649 0.462970
vt 0.706068 0.622876
vt 0.057071 0.332493
vt 0.800934 0.468680
vt 0.824535 0.635419
vt 0.823157 0.467468
vt 0.673164 0.805660
vt 0.691407 0.810020
vt 0.657781 0.804446
vt 0.740352 0.816850
vt 0.410092 0.802033
vt 0.017693 0.362839
vt 0.032661 0.348350
vt 0.464592 0.798114
vt 0.406518 0.817230
vt 0.059591 0.343546
vt 0.100400 0.365046
vt 0.086227 0.349780
vt 0.605640 0.729772
vt 0.608661 0.736885
vt 0.596392 0.738184
vt 0.606992 0.744498
vt 0.601271 0.749695
vt 0.593693 0.750494
vt 0.587144 0.746597
vt 0.584123 0.739484
vt 0.585792 0.731870
vt 0.591513 0.726674
vt 0.599092 0.725875
vt 0.329010 0.324678
vt 0.321255 0.294296
vt 0.329200 0.294345
vt 0.321072 0.324834
vt 0.313239 0.294249
vt 0.313060 0.325007
vt 0.305295 0.294203
vt 0.305119 0.325112
vt 0.297466 0.294159
vt 0.289476 0.324940
vt 0.297297 0.325092
vt 0.281537 0.324694
vt 0.289637 0.294119
vt 0.273529 0.324436
vt 0.281692 0.294078
vt 0.265590 0.324249
vt 0.273674 0.294040
vt 0.336834 0.324616
vt 0.344855 0.294445
vt 0.344658 0.324691
vt 0.337028 0.294395
vt 0.108022 0.431693
vt 0.114451 0.430529
vt 0.113343 0.432961
vt 0.113908 0.435676
vt 0.110263 0.441804
vt 0.115882 0.437513
vt 0.117860 0.448691
vt 0.118400 0.437741
vt 0.127901 0.449779
vt 0.120434 0.436384
vt 0.136607 0.444637
vt 0.121291 0.434056
vt 0.140645 0.435186
vt 0.138430 0.425048
vt 0.120766 0.431600
vt 0.130819 0.418141
vt 0.119050 0.429827
vt 0.120759 0.417094
vt 0.116669 0.429375
vt 0.112066 0.422256
vt 0.736982 0.388731
vt 0.698930 0.391593
vt 0.699642 0.395163
vt 0.700392 0.398762
vt 0.737900 0.392953
vt 0.701111 0.402331
vt 0.739984 0.396693
vt 0.701720 0.405866
vt 0.742645 0.399969
vt 0.702186 0.409419
vt 0.745132 0.403372
vt 0.702551 0.413040
vt 0.746764 0.407327
vt 0.747112 0.411635
vt 0.702879 0.416699
vt 0.740081 0.376478
vt 0.696996 0.380952
vt 0.697624 0.384537
vt 0.738705 0.380465
vt 0.698265 0.388069
vt 0.737388 0.384471
vt 0.712745 0.549225
vt 0.719181 0.551172
vt 0.714237 0.552098
vt 0.713791 0.555334
vt 0.718301 0.557562
vt 0.711579 0.557697
vt 0.713933 0.562228
vt 0.708446 0.558285
vt 0.707744 0.563389
vt 0.702098 0.560599
vt 0.705588 0.556873
vt 0.699153 0.554925
vt 0.704097 0.553999
vt 0.704542 0.550763
vt 0.700032 0.548535
vt 0.706754 0.548399
vt 0.704399 0.543868
vt 0.709887 0.547812
vt 0.710589 0.542708
vt 0.716235 0.545499
vt 0.202780 0.353784
vt 0.207628 0.437871
vt 0.209385 0.354218
vt 0.216044 0.354584
vt 0.214227 0.439017
vt 0.156779 0.354743
vt 0.153054 0.439427
vt 0.159515 0.442268
vt 0.163305 0.354448
vt 0.165212 0.446544
vt 0.169826 0.354102
vt 0.170842 0.450328
vt 0.176444 0.353716
vt 0.177207 0.451969
vt 0.183882 0.450866
vt 0.183123 0.353408
vt 0.190166 0.447484
vt 0.189736 0.353301
vt 0.195736 0.443073
vt 0.196259 0.353439
vt 0.201374 0.439393
vt 0.207513 0.447211
vt 0.214257 0.447063
vt 0.154559 0.447379
vt 0.164424 0.451425
vt 0.171656 0.459086
vt 0.177658 0.461526
vt 0.184302 0.461428
vt 0.191029 0.458714
vt 0.198618 0.452961
vt 0.109072 0.460073
vt 0.116267 0.487208
vt 0.113848 0.454738
vt 0.104309 0.459564
vt 0.107976 0.486912
vt 0.099700 0.486752
vt 0.095886 0.510304
vt 0.084703 0.533992
vt 0.089563 0.538407
vt 0.130593 0.454055
vt 0.087985 0.510117
vt 0.072394 0.520639
vt 0.144088 0.487860
vt 0.145093 0.454973
vt 0.107754 0.510990
vt 0.119671 0.511577
vt 0.088098 0.486582
vt 0.099727 0.453966
vt 0.085877 0.451977
vt 0.130244 0.487647
vt 0.129999 0.512457
vt 0.072788 0.486128
vt 0.068098 0.452598
vt 0.144337 0.514272
vt 0.072176 0.510797
vt 0.106385 0.539612
vt 0.123278 0.539748
vt 0.131122 0.536103
vt 0.144005 0.522759
vt 0.116173 0.409180
vt 0.121811 0.268425
vt 0.120655 0.409217
vt 0.138589 0.409362
vt 0.144203 0.268606
vt 0.143065 0.409398
vt 0.135236 0.268534
vt 0.139719 0.268570
vt 0.129624 0.409290
vt 0.134111 0.409326
vt 0.125138 0.409254
vt 0.130762 0.268498
vt 0.126288 0.268462
vt 0.740657 0.372236
vt 0.150167 0.354923
vt 0.117332 0.268389
vt 0.865192 0.276572
vt 0.882393 0.283161
vt 0.864816 0.281845
vt 0.882552 0.277935
vt 0.925990 0.281654
vt 0.895771 0.132036
vt 0.933922 0.147592
vt 0.895734 0.147493
vt 0.946715 0.132156
vt 0.983504 0.277922
vt 0.998237 0.282019
vt 0.983661 0.283182
vt 0.946716 0.132156
vt 0.946687 0.147600
vt 0.925988 0.276392
vt 0.960662 0.139144
vt 0.960578 0.187961
vt 0.947898 0.139122
vt 0.973341 0.187965
vt 0.868960 0.272853
vt 0.884794 0.232938
vt 0.884876 0.273521
vt 0.927289 0.233230
vt 0.927369 0.273059
vt 0.982339 0.273330
vt 0.997182 0.233453
vt 0.997261 0.272553
vt 0.982257 0.232735
vt 0.865097 0.229969
vt 0.882272 0.223359
vt 0.882453 0.228532
vt 0.925875 0.224695
vt 0.925894 0.229903
vt 0.983404 0.228138
vt 0.998118 0.224037
vt 0.997545 0.229191
vt 0.983538 0.222931
vt 0.868881 0.233671
vt 0.997640 0.276815
vt 0.857765 0.216393
vt 0.915825 0.188834
vt 0.911974 0.222168
vt 0.857766 0.216393
vt 0.915826 0.188834
vt 0.856429 0.186746
vt 0.857284 0.281573
vt 0.857172 0.225052
vt 0.864702 0.224751
vt 0.922001 0.286838
vt 0.863612 0.324693
vt 0.863886 0.286422
vt 0.996953 0.135324
vt 0.965509 0.150810
vt 0.997283 0.151725
vt 0.965508 0.150811
vt 0.996952 0.135324
vt 0.979044 0.187771
vt 0.997462 0.204929
vt 0.858922 0.150721
vt 0.918042 0.218573
vt 0.918043 0.218573
vt 0.952127 0.213098
vt 0.951465 0.163001
vt 0.950094 0.191251
vt 0.978359 0.190771
vt 0.978360 0.190771
vt 0.995082 0.284961
vt 0.995318 0.340633
vt 0.981705 0.355502
vt 0.926385 0.285001
vt 0.939780 0.355527
vt 0.926213 0.340674
vt 0.872481 0.343620
vt 0.858221 0.337928
vt 0.859288 0.350956
vt 0.911762 0.354191
vt 0.879399 0.367603
vt 0.878960 0.354016
vt 0.920519 0.340556
vt 0.906511 0.334350
vt 0.919927 0.327497
vt 0.868294 0.332404
vt 0.858200 0.325477
vt 0.911659 0.380712
vt 0.878781 0.380536
vt 0.920086 0.352998
vt 0.910298 0.345708
vt 0.904755 0.348634
vt 0.867339 0.347270
vt 0.873728 0.329283
vt 0.911170 0.329317
vt 0.911179 0.367773
vt 0.675599 0.604499
vt 0.669578 0.608131
vt 0.672028 0.601267
vt 0.675931 0.611145
vt 0.674388 0.607891
vt 0.679562 0.617167
vt 0.672698 0.614717
vt 0.682577 0.610813
vt 0.679322 0.612356
vt 0.688599 0.607182
vt 0.686148 0.614046
vt 0.683788 0.607422
vt 0.685478 0.600596
vt 0.678854 0.602957
vt 0.682245 0.604168
vt 0.678614 0.598146
vt 0.226199 0.159712
vt 0.233249 0.185709
vt 0.222550 0.185505
vt 0.234917 0.158821
vt 0.230604 0.159794
vt 0.253238 0.178579
vt 0.243674 0.183355
vt 0.242238 0.153991
vt 0.238872 0.156848
vt 0.267641 0.162980
vt 0.261385 0.171655
vt 0.244821 0.150415
vt 0.271637 0.153055
vt 0.247086 0.141972
vt 0.246469 0.146330
vt 0.246638 0.137599
vt 0.273132 0.142458
vt 0.212582 0.350160
vt 0.198397 0.227442
vt 0.213239 0.227521
vt 0.197740 0.350080
vt 0.198396 0.227442
vt 0.182897 0.350001
vt 0.183555 0.227363
vt 0.168055 0.349922
vt 0.168712 0.227283
vt 0.153213 0.349843
vt 0.153870 0.227204
vt 0.197740 0.350081
vt 0.677106 0.618973
vt 0.676883 0.632422
vt 0.672777 0.623756
vt 0.683327 0.632100
vt 0.673660 0.641453
vt 0.665315 0.652003
vt 0.678443 0.645782
vt 0.651634 0.647119
vt 0.664994 0.645560
vt 0.645413 0.633991
vt 0.655962 0.642336
vt 0.650297 0.620310
vt 0.651856 0.633670
vt 0.663746 0.620532
vt 0.655080 0.624639
vt 0.663424 0.614089
vt 0.670622 0.632734
vt 0.668570 0.628404
vt 0.669011 0.637246
vt 0.664682 0.639298
vt 0.660169 0.637687
vt 0.658118 0.633357
vt 0.664058 0.626794
vt 0.659728 0.628845
vt 0.679088 0.607656
vt 0.664370 0.633046
vt 0.178249 0.207743
vt 0.208491 0.192730
vt 0.201918 0.207094
vt 0.405014 0.475669
vt 0.556196 0.493477
vt 0.405033 0.493635
vt 0.404996 0.457703
vt 0.556177 0.475511
vt 0.404977 0.439737
vt 0.556158 0.457545
vt 0.404958 0.421772
vt 0.556139 0.439579
vt 0.556247 0.511119
vt 0.405084 0.511277
vt 0.405015 0.475669
vt 0.556159 0.457545
vt 0.556140 0.439579
vt 0.193786 0.465889
vt 0.210234 0.477840
vt 0.183619 0.497178
vt 0.173452 0.465889
vt 0.157003 0.477840
vt 0.150720 0.497178
vt 0.157003 0.516515
vt 0.173452 0.528467
vt 0.193786 0.528467
vt 0.210234 0.516515
vt 0.216518 0.497178
vt 0.464446 0.405725
vt 0.450002 0.416219
vt 0.441076 0.388746
vt 0.432149 0.416219
vt 0.417706 0.405725
vt 0.412189 0.388746
vt 0.417706 0.371767
vt 0.432149 0.361273
vt 0.450002 0.361273
vt 0.464446 0.371767
vt 0.469963 0.388746
vt 0.246048 0.234330
vt 0.239801 0.280348
vt 0.239714 0.234341
vt 0.252379 0.234319
vt 0.246129 0.280336
vt 0.258711 0.234308
vt 0.252459 0.280325
vt 0.265043 0.234297
vt 0.258789 0.280315
vt 0.271375 0.234287
vt 0.265118 0.280304
vt 0.233380 0.234354
vt 0.227144 0.280373
vt 0.227048 0.234367
vt 0.233473 0.280360
vt 0.133503 0.633399
vt 0.809193 0.258565
vt 0.618548 0.215170
vt 0.209461 0.216214
vt 0.209434 0.208824
vt 0.223109 0.195177
vt 0.222974 0.229756
vt 0.730060 0.054422
vt 0.101483 0.713281
vt 0.624287 0.236935
vt 0.624288 0.236899
vt 0.517081 0.131696
vt 0.660777 0.182572
vt 0.517131 0.141820
vt 0.517541 0.158365
vt 0.264035 0.022771
vt 0.581004 0.025054
vt 0.581926 0.033820
vt 0.612302 0.013226
vt 0.612428 0.038885
vt 0.763355 0.002446
vt 0.564349 0.046298
vt 0.757755 0.157981
vt 0.914686 0.127581
vt 0.757756 0.157982
vt 0.676171 0.158106
vt 0.914438 0.100634
vt 0.221128 0.283506
vt 0.643871 0.803260
vt 0.726702 0.489634
vt 0.132403 0.937245
vt 0.159821 0.930795
vt 0.922962 0.829021
vt 0.934049 0.849785
vt 0.949872 0.824189
vt 0.261814 0.213332
vt 0.769518 0.116083
vt 0.355571 0.156440
vt 0.997727 0.752072
vt 0.139387 0.695472
vt 0.575035 0.793953
vt 0.139885 0.650771
vt 0.140045 0.636418
vt 0.749502 0.909806
vt 0.386525 0.925891
vt 0.797994 0.830850
vt 0.997727 0.752073
vt 0.601923 0.798101
vt 0.872403 0.995384
vt 0.745920 0.420238
vt 0.605691 0.862706
vt 0.282788 0.008626
vt 0.265653 0.061969
vt 0.348895 0.512025
vt 0.558536 0.742165
vt 0.542042 0.759767
vt 0.468528 0.835381
vt 0.231237 0.036065
vt 0.096479 0.334471
vt 0.610669 0.369600
vt 0.128374 0.821590
vt 0.558404 0.742455
vt 0.468529 0.835381
vt 0.173853 0.055970
vt 0.113817 0.772397
vt 0.320542 0.995539
vt 0.086238 0.977854
vt 0.118318 0.996886
vt 0.017342 0.993430
vt 0.823464 0.467418
vt 0.265730 0.294003
vt 0.947897 0.139122
vt 0.921727 0.325109
vt 0.974694 0.116273
vt 0.917554 0.150357
vt 0.917555 0.150357
vt 0.994444 0.218610
vt 0.994445 0.218610
vt 0.868428 0.325892
vt 0.909927 0.352212
vt 0.272036 0.131805
vt 0.205236 0.179072
vt 0.556121 0.421614
vt 0.271448 0.280294
s 1
usemtl phong1SG.002
f 1/1/1 3/2/2 4/3/3
f 5/4/4 3/2/2 2/5/5
f 7/6/6 6/7/7 5/4/4
f 9/8/8 8/9/9 7/6/6
f 9/8/8 12/10/10 10/11/11
f 11/12/12 14/13/13 12/10/10
f 15/14/14 14/13/13 13/15/15
f 17/16/16 16/17/17 15/14/14
f 19/18/18 18/19/19 17/16/16
f 19/18/18 4/3/3 20/20/20
f 3/21/2 22/22/21 4/23/3
f 6/24/7 21/25/22 3/21/2
f 8/26/9 23/27/23 6/24/7
f 10/28/11 24/29/24 8/26/9
f 12/29/10 25/28/25 10/30/11
f 14/27/13 26/26/26 12/29/10
f 16/25/17 27/24/27 14/27/13
f 18/22/19 28/21/28 16/25/17
f 20/31/20 29/32/29 18/22/19
f 4/23/3 30/33/30 20/34/20
f 21/35/22 32/16/31 22/36/21
f 23/37/23 31/38/32 21/35/22
f 23/37/23 34/39/33 33/40/34
f 24/41/24 35/42/35 34/39/33
f 26/43/26 35/42/35 25/44/25
f 27/45/27 36/46/36 26/43/26
f 28/47/28 37/4/37 27/45/27
f 28/47/28 39/48/38 38/5/39
f 29/3/29 40/49/40 39/48/38
f 22/36/21 40/49/40 30/20/30
f 41/50/41 2/5/5 1/1/1
f 42/51/42 5/4/4 2/5/5
f 44/52/43 5/4/4 43/53/44
f 45/54/45 7/6/6 44/52/43
f 45/54/45 11/12/12 9/8/8
f 46/55/46 13/15/15 11/12/12
f 48/56/47 13/15/15 47/57/48
f 49/58/49 15/14/14 48/56/47
f 50/59/50 17/16/16 49/58/49
f 50/59/50 1/1/1 19/18/18
f 52/60/51 31/38/32 51/61/52
f 51/61/52 33/40/34 53/62/53
f 54/55/54 33/40/34 34/39/33
f 55/63/55 34/39/33 35/42/35
f 55/63/55 36/46/36 56/52/56
f 56/52/56 37/4/37 57/53/57
f 58/64/58 37/4/37 38/5/39
f 59/65/59 38/5/39 39/48/38
f 60/66/60 39/48/38 40/49/40
f 60/66/60 32/16/31 52/60/51
f 61/67/61 62/68/62 63/69/63
f 62/68/62 64/70/64 63/69/63
f 64/70/64 65/71/65 63/69/63
f 65/71/65 66/72/66 63/69/63
f 66/72/66 67/73/67 63/69/63
f 67/73/67 68/74/68 63/69/63
f 68/74/68 69/75/69 63/69/63
f 69/75/69 70/76/70 63/69/63
f 70/76/70 71/77/71 63/69/63
f 71/77/71 61/67/61 63/69/63
f 72/78/72 62/79/62 61/80/61
f 73/81/73 64/82/64 62/79/62
f 74/83/74 65/84/65 64/82/64
f 75/85/75 66/86/66 65/84/65
f 77/87/76 66/88/66 76/89/77
f 78/90/78 67/91/67 77/87/76
f 79/92/79 68/93/68 78/90/78
f 80/94/80 69/95/69 79/92/79
f 81/96/81 70/97/70 80/94/80
f 81/96/81 61/80/61 71/98/71
f 75/99/75 83/100/82 76/101/77
f 84/102/83 82/103/84 75/99/75
f 76/101/77 86/104/85 77/105/76
f 87/106/86 73/81/73 72/78/72
f 88/107/73 74/83/74 73/81/73
f 89/108/74 75/85/75 74/83/74
f 85/109/87 83/100/82 82/103/84
f 91/110/88 83/100/82 90/111/89
f 93/112/78 77/87/76 92/113/90
f 94/114/79 78/90/78 93/112/78
f 95/115/80 79/92/79 94/114/79
f 96/116/81 80/94/80 95/115/80
f 96/116/81 72/78/72 81/96/81
f 92/117/90 86/104/85 91/118/88
f 97/67/91 98/69/92 99/68/93
f 99/68/93 98/69/92 100/70/94
f 100/70/94 98/69/92 101/71/95
f 101/71/95 98/69/92 102/72/96
f 102/72/96 98/69/92 103/73/97
f 103/73/97 98/69/92 104/74/98
f 104/74/98 98/69/92 105/75/99
f 105/75/99 98/69/92 106/76/100
f 106/76/100 98/69/92 107/77/101
f 107/77/101 98/69/92 97/67/91
f 108/78/72 99/79/93 109/81/73
f 109/81/73 100/82/94 110/83/74
f 110/83/74 101/84/95 111/85/102
f 111/85/102 102/86/96 112/119/103
f 102/88/96 113/87/104 112/89/103
f 103/91/97 114/90/78 113/87/104
f 104/93/98 115/92/79 114/90/78
f 105/95/99 116/94/80 115/92/79
f 106/97/100 117/96/81 116/94/80
f 117/96/81 97/80/91 108/78/72
f 118/100/105 111/99/102 112/101/103
f 119/103/106 121/102/83 111/99/102
f 122/104/107 112/101/103 113/105/104
f 123/106/86 109/81/73 124/107/73
f 124/107/73 110/83/74 125/108/74
f 125/108/74 111/85/102 121/120/83
f 120/109/87 118/100/105 126/111/89
f 118/100/105 127/110/88 126/111/89
f 113/87/104 129/112/78 128/113/90
f 114/90/78 130/114/79 129/112/78
f 115/92/79 131/115/80 130/114/79
f 116/94/80 132/116/81 131/115/80
f 132/116/81 108/78/72 123/106/86
f 122/104/107 128/117/90 127/118/88
f 134/121/108 136/122/108 133/123/108
f 137/124/92 135/125/92 134/121/92
f 139/126/109 138/127/109 137/124/109
f 141/128/110 140/129/110 139/126/110
f 141/128/111 144/130/111 142/131/111
f 143/132/112 146/133/112 144/130/112
f 147/134/63 146/133/63 145/135/63
f 149/136/113 148/137/113 147/134/113
f 151/138/114 150/139/114 149/136/114
f 133/123/115 152/140/115 151/138/115
f 133/123/116 154/141/116 134/121/117
f 134/121/118 155/142/118 137/124/118
f 137/124/119 156/143/119 139/126/119
f 141/128/120 156/143/120 157/144/121
f 141/128/122 158/145/122 143/132/123
f 143/132/124 159/146/124 145/135/125
f 147/134/126 159/146/126 160/147/126
f 149/136/127 160/147/127 161/148/127
f 151/138/128 161/148/128 162/149/128
f 133/123/129 162/149/129 153/150/129
f 153/150/108 164/151/108 154/141/108
f 154/141/92 165/152/92 155/142/92
f 155/142/109 166/153/109 156/143/109
f 156/143/110 167/154/110 157/144/110
f 157/144/111 168/155/111 158/145/111
f 158/145/112 169/156/112 159/146/112
f 159/146/63 170/157/63 160/147/63
f 160/147/113 171/158/113 161/148/113
f 161/148/130 172/159/130 162/149/130
f 162/149/131 163/160/131 153/150/131
f 135/125/108 174/161/108 136/122/108
f 176/162/92 178/163/92 175/164/92
f 140/129/109 180/165/109 138/127/109
f 142/131/110 179/166/110 140/129/110
f 142/131/111 182/166/111 181/167/111
f 144/130/112 183/165/112 182/166/112
f 185/168/63 187/169/63 184/170/63
f 150/139/113 189/171/113 148/137/113
f 152/140/114 188/172/114 150/139/114
f 136/122/115 190/173/115 152/140/115
f 148/174/132 184/170/132 146/175/132
f 189/176/81 185/168/81 148/174/81
f 146/175/89 187/177/89 183/178/89
f 138/179/132 175/164/132 135/180/132
f 180/181/89 176/162/89 138/179/89
f 135/180/81 178/182/81 173/183/81
f 191/184/133 193/185/134 194/186/135
f 195/187/136 194/186/135 196/188/136
f 197/189/137 193/185/134 192/190/138
f 199/184/139 201/185/140 202/190/141
f 203/187/142 200/186/143 199/184/139
f 201/185/140 206/189/137 202/190/141
f 207/191/144 209/192/145 210/193/146
f 208/194/147 212/195/148 209/192/145
f 211/196/149 214/197/150 212/195/148
f 213/198/151 216/199/152 214/197/150
f 215/200/153 218/201/154 216/199/152
f 219/202/155 218/201/154 217/203/156
f 221/204/157 220/205/158 219/206/155
f 223/207/159 222/208/160 221/204/157
f 225/209/161 224/210/162 223/207/159
f 227/211/163 226/212/164 225/209/161
f 229/213/165 228/214/166 227/211/163
f 229/213/165 210/215/146 230/216/167
f 231/191/168 233/192/169 234/194/170
f 234/194/170 235/195/171 236/196/172
f 236/196/172 237/197/173 238/198/174
f 238/198/174 239/199/175 240/200/176
f 240/200/176 241/201/177 242/203/178
f 241/201/177 244/202/179 242/203/178
f 243/205/180 246/204/181 244/206/179
f 245/208/182 248/207/183 246/204/181
f 247/210/184 250/209/185 248/207/183
f 249/212/186 252/211/187 250/209/185
f 251/214/188 254/213/189 252/211/187
f 254/213/189 232/215/190 231/217/168
f 255/1/1 257/2/2 258/3/3
f 259/4/4 257/2/2 256/5/5
f 261/6/6 260/7/191 259/4/4
f 263/8/8 262/9/9 261/6/6
f 263/8/8 266/10/10 264/11/11
f 265/12/12 268/13/192 266/10/10
f 267/15/193 270/17/194 268/13/192
f 271/16/16 270/17/194 269/14/195
f 273/18/18 272/19/19 271/16/16
f 273/18/18 258/3/3 274/20/20
f 257/21/2 276/22/21 258/23/3
f 260/24/191 275/25/22 257/21/2
f 262/26/9 277/27/23 260/24/191
f 264/28/11 278/29/196 262/26/9
f 266/29/10 279/28/25 264/30/11
f 268/27/192 280/26/26 266/29/10
f 270/25/194 281/24/27 268/27/192
f 272/22/19 282/21/28 270/25/194
f 274/31/20 283/32/29 272/22/19
f 258/23/3 284/33/30 274/34/20
f 275/35/22 286/16/31 276/36/21
f 277/37/23 285/38/32 275/35/22
f 277/37/23 288/39/33 287/40/34
f 278/41/196 289/42/35 288/39/33
f 280/43/26 289/42/35 279/44/25
f 281/45/27 290/46/36 280/43/26
f 282/47/28 291/4/37 281/45/27
f 282/47/28 293/48/38 292/5/39
f 283/3/29 294/49/40 293/48/38
f 276/36/21 294/49/40 284/20/30
f 295/50/197 256/5/5 255/1/1
f 296/51/198 259/4/4 256/5/5
f 298/52/199 259/4/4 297/53/44
f 299/54/45 261/6/6 298/52/199
f 299/54/45 265/12/12 263/8/8
f 300/55/200 267/15/193 265/12/12
f 302/56/47 267/15/193 301/57/201
f 303/58/202 269/14/195 302/56/47
f 304/59/50 271/16/16 303/58/202
f 304/59/50 255/1/1 273/18/18
f 306/60/203 285/38/32 305/61/204
f 305/61/204 287/40/34 307/62/205
f 308/55/206 287/40/34 288/39/33
f 309/63/55 288/39/33 289/42/35
f 309/63/55 290/46/36 310/52/56
f 310/52/56 291/4/37 311/53/57
f 312/64/58 291/4/37 292/5/39
f 313/65/207 292/5/39 293/48/38
f 314/66/60 293/48/38 294/49/40
f 314/66/60 286/16/31 306/60/203
f 315/1/208 317/2/209 318/3/210
f 319/4/211 317/2/209 316/5/212
f 321/6/213 320/7/214 319/4/211
f 323/8/215 322/9/216 321/6/213
f 323/8/215 326/10/217 324/11/218
f 325/12/219 328/13/220 326/10/217
f 327/15/221 330/17/222 328/13/220
f 331/16/223 330/17/222 329/14/224
f 333/18/225 332/19/226 331/16/223
f 333/18/225 318/3/210 334/20/227
f 317/21/209 336/22/228 318/23/210
f 320/24/214 335/25/229 317/21/209
f 322/26/216 337/27/230 320/24/214
f 324/28/218 338/29/231 322/26/216
f 326/29/217 339/28/232 324/30/218
f 328/27/220 340/26/233 326/29/217
f 330/25/222 341/24/234 328/27/220
f 332/22/226 342/21/235 330/25/222
f 334/31/227 343/32/236 332/22/226
f 318/23/210 344/33/237 334/34/227
f 335/35/229 346/16/238 336/36/228
f 335/35/229 347/40/239 345/38/240
f 337/37/230 348/39/241 347/40/239
f 338/41/231 349/42/242 348/39/241
f 340/43/233 349/42/242 339/44/232
f 341/45/234 350/46/243 340/43/233
f 342/47/235 351/4/244 341/45/234
f 342/47/235 353/48/245 352/5/246
f 343/3/236 354/49/247 353/48/245
f 336/36/228 354/49/247 344/20/237
f 355/50/248 316/5/212 315/1/208
f 356/51/249 319/4/211 316/5/212
f 358/52/250 319/4/211 357/53/251
f 359/54/252 321/6/213 358/52/250
f 359/54/252 325/12/219 323/8/215
f 360/55/253 327/15/221 325/12/219
f 362/56/254 327/15/221 361/57/255
f 363/58/256 329/14/224 362/56/254
f 364/59/257 331/16/223 363/58/256
f 364/59/257 315/1/208 333/18/225
f 366/60/258 345/38/240 365/61/259
f 365/61/259 347/40/239 367/62/260
f 368/55/261 347/40/239 348/39/241
f 369/63/262 348/39/241 349/42/242
f 369/63/262 350/46/243 370/52/263
f 370/52/263 351/4/244 371/53/264
f 372/64/265 351/4/244 352/5/246
f 373/65/266 352/5/246 353/48/245
f 374/66/267 353/48/245 354/49/247
f 374/66/267 346/16/238 366/60/258
f 375/1/268 377/2/269 378/5/270
f 377/2/269 380/4/271 378/5/270
f 379/7/272 382/6/273 380/4/271
f 381/9/274 384/8/275 382/6/273
f 384/8/275 385/10/276 386/12/277
f 386/12/277 387/13/278 388/15/279
f 388/15/279 389/17/280 390/14/281
f 389/17/280 392/16/282 390/14/281
f 391/19/283 394/18/284 392/16/282
f 394/18/284 376/3/285 375/1/268
f 395/22/286 377/21/269 376/23/285
f 396/25/287 379/24/272 377/21/269
f 397/27/288 381/26/274 379/24/272
f 398/29/289 383/28/290 381/26/274
f 399/28/291 385/29/276 383/30/290
f 400/26/292 387/27/278 385/29/276
f 401/24/293 389/25/280 387/27/278
f 402/21/294 391/22/283 389/25/280
f 403/32/295 393/31/296 391/22/283
f 404/33/297 376/23/285 393/34/296
f 405/16/298 396/35/287 395/36/286
f 396/35/287 407/40/299 397/37/288
f 397/37/288 408/39/300 398/41/289
f 398/41/289 409/42/301 399/44/291
f 409/42/301 400/43/292 399/44/291
f 410/46/302 401/45/293 400/43/292
f 411/4/303 402/47/294 401/45/293
f 402/47/294 413/48/304 403/3/295
f 403/3/295 414/49/305 404/20/297
f 414/49/305 395/36/286 404/20/297
f 415/50/306 378/5/270 416/51/307
f 416/51/307 380/4/271 417/53/308
f 380/4/271 418/52/309 417/53/308
f 382/6/273 419/54/310 418/52/309
f 419/54/310 386/12/277 420/55/311
f 420/55/311 388/15/279 421/57/312
f 388/15/279 422/56/313 421/57/312
f 390/14/281 423/58/314 422/56/313
f 392/16/282 424/59/315 423/58/314
f 424/59/315 375/1/268 415/50/306
f 406/38/316 426/60/317 425/61/318
f 407/40/299 425/61/318 427/62/319
f 428/55/320 407/40/299 427/62/319
f 429/63/321 408/39/300 428/55/320
f 410/46/302 429/63/321 430/52/322
f 411/4/303 430/52/322 431/53/323
f 432/64/324 411/4/303 431/53/323
f 433/65/325 412/5/326 432/64/324
f 434/66/327 413/48/304 433/65/325
f 405/16/298 434/66/327 426/60/317
f 436/218/328 438/219/328 435/220/328
f 439/221/329 437/222/329 436/218/329
f 439/223/330 442/224/330 440/225/330
f 443/226/331 442/224/331 441/227/331
f 445/220/332 444/228/332 443/226/332
f 445/220/333 448/229/333 446/230/333
f 449/221/334 448/229/334 447/218/334
f 451/231/335 450/232/335 449/223/335
f 451/231/336 454/228/336 452/224/336
f 453/233/337 438/219/337 454/228/337
f 438/234/338 437/235/339 455/236/340
f 437/235/339 440/237/341 455/236/340
f 440/237/341 442/238/342 455/236/340
f 442/238/342 444/239/343 455/236/340
f 444/239/343 446/240/344 455/236/340
f 446/240/344 448/241/345 455/236/340
f 448/241/345 450/242/346 455/236/340
f 450/242/346 452/243/347 455/236/340
f 452/243/347 454/244/348 455/236/340
f 454/244/348 438/234/338 455/236/340
f 457/245/349 459/246/349 456/247/349
f 461/248/350 463/249/350 460/250/350
f 461/248/351 459/246/351 462/251/351
f 465/252/352 467/253/352 464/254/352
f 468/255/353 466/256/353 465/252/353
f 468/255/354 463/257/354 469/258/354
f 471/259/355 457/245/356 470/260/356
f 473/261/357 475/262/357 472/263/357
f 475/262/358 471/259/358 470/260/358
f 476/264/340 459/265/340 458/266/359
f 467/253/360 478/267/360 464/254/360
f 477/268/361 480/269/361 478/267/361
f 480/269/362 473/270/362 472/271/362
f 482/272/340 463/273/363 481/274/363
f 476/264/340 471/275/340 474/276/340
f 482/272/340 473/277/363 479/278/340
f 473/277/363 476/264/340 474/276/340
f 476/264/340 463/273/363 462/279/340
f 477/280/340 482/272/340 479/278/340
f 482/272/340 466/281/340 469/282/340
f 484/283/92 486/284/92 483/285/92
f 487/286/92 485/287/92 484/283/92
f 486/284/92 485/287/92 489/288/92
f 488/289/92 489/288/92 485/287/92
f 489/290/364 492/291/364 486/292/364
f 489/293/132 490/294/132 491/295/132
f 492/296/365 491/297/365 493/298/365
f 491/295/132 490/294/132 494/299/132
f 491/297/366 496/300/366 493/298/366
f 491/295/132 494/299/132 495/301/132
f 496/300/367 495/302/367 497/303/367
f 495/301/132 494/299/132 498/304/132
f 495/305/364 500/306/364 497/307/364
f 495/301/132 498/304/132 499/308/132
f 500/284/63 499/288/63 501/287/63
f 498/309/63 501/287/63 499/288/63
f 501/287/63 504/285/63 500/284/63
f 502/289/63 503/283/63 501/287/63
f 506/310/368 504/311/368 503/312/368
f 503/312/368 505/313/368 508/314/368
f 503/312/368 509/315/368 506/310/368
f 503/312/368 508/314/368 484/316/368
f 484/316/368 508/314/368 487/317/368
f 483/318/368 509/315/368 484/316/368
f 505/319/81 511/320/81 508/321/81
f 508/321/81 488/322/81 487/323/81
f 502/324/81 494/325/81 511/320/81
f 511/320/81 490/326/81 488/322/81
f 507/327/89 500/306/89 504/328/89
f 506/329/369 497/303/370 507/330/371
f 509/331/372 496/300/372 506/329/372
f 509/331/373 492/296/374 493/298/375
f 483/332/89 492/291/89 510/333/89
f 513/334/376 515/335/377 512/336/378
f 516/337/379 518/338/380 519/339/381
f 518/338/380 521/340/382 519/339/381
f 520/341/383 523/342/384 521/340/382
f 517/343/385 525/344/386 518/338/380
f 518/338/380 526/345/387 520/341/383
f 526/345/387 522/346/388 520/341/383
f 524/347/389 529/348/390 525/344/386
f 529/348/390 526/345/387 525/344/386
f 530/349/391 527/350/392 526/345/387
f 532/351/393 529/348/390 528/352/394
f 533/353/395 530/349/391 529/348/390
f 534/354/396 531/355/397 530/349/391
f 535/356/398 533/353/395 532/351/393
f 536/357/399 534/354/396 533/353/395
f 534/354/396 512/358/378 515/359/377
f 523/360/384 539/361/400 538/362/401
f 522/363/388 540/364/402 539/361/400
f 527/365/392 541/366/403 540/364/402
f 531/367/397 542/368/404 541/366/403
f 521/340/382 523/342/384 538/369/401
f 521/340/382 543/370/405 519/339/381
f 543/371/405 538/362/401 539/361/400
f 519/339/381 543/370/405 516/337/379
f 516/372/379 539/361/400 517/373/385
f 517/373/385 540/364/402 524/374/389
f 524/374/389 541/366/403 528/375/394
f 528/375/394 542/368/404 532/376/393
f 544/377/406 515/335/377 514/378/407
f 545/379/132 542/380/404 544/377/406
f 547/381/408 513/334/376 546/382/409
f 548/337/410 550/338/411 551/343/412
f 552/340/413 550/338/411 549/339/414
f 554/342/415 553/341/416 552/340/413
f 551/343/412 556/383/417 557/384/418
f 550/338/411 558/385/419 556/383/417
f 555/386/420 558/385/419 553/341/416
f 557/384/418 560/387/421 561/352/422
f 558/385/419 560/387/421 556/383/417
f 559/350/423 562/349/424 558/385/419
f 560/387/421 565/351/425 561/352/422
f 562/349/424 564/353/426 560/387/421
f 563/355/427 566/388/428 562/349/424
f 564/353/426 568/356/429 565/351/425
f 564/353/426 569/389/430 567/390/431
f 566/388/428 546/358/409 569/389/430
f 571/391/432 554/392/415 570/393/433
f 572/364/434 555/394/420 571/391/432
f 573/395/435 559/365/423 572/364/434
f 574/396/436 563/397/427 573/395/435
f 552/340/413 570/369/433 554/342/415
f 575/370/437 552/340/413 549/339/414
f 575/398/437 571/391/432 570/393/433
f 549/339/414 548/337/410 575/370/437
f 548/399/410 571/391/432 575/398/437
f 551/400/412 572/364/434 571/391/432
f 557/374/418 573/395/435 572/364/434
f 561/401/422 574/396/436 573/395/435
f 547/381/408 544/377/406 514/378/407
f 574/402/436 545/379/132 544/377/406
f 577/403/438 579/404/439 576/405/440
f 580/406/441 578/407/442 577/403/438
f 582/408/443 581/409/444 580/410/441
f 584/411/445 583/412/446 582/408/443
f 586/413/447 585/414/448 584/411/445
f 588/415/449 587/416/450 586/413/447
f 590/406/451 589/417/452 588/415/449
f 592/408/453 591/409/454 590/410/451
f 594/418/455 593/419/456 592/408/453
f 576/405/440 595/414/457 594/418/455
f 577/420/438 576/421/440 596/422/81
f 580/423/441 577/420/438 596/422/81
f 582/424/443 580/423/441 596/422/81
f 584/425/445 582/424/443 596/422/81
f 586/426/447 584/425/445 596/422/81
f 588/427/449 586/426/447 596/422/81
f 590/428/451 588/427/449 596/422/81
f 592/429/453 590/428/451 596/422/81
f 594/430/455 592/429/453 596/422/81
f 576/421/440 594/430/455 596/422/81
f 579/431/439 578/432/442 597/433/89
f 578/432/442 581/434/444 597/433/89
f 581/434/444 583/435/446 597/433/89
f 583/435/446 585/436/448 597/433/89
f 585/436/448 587/437/450 597/433/89
f 587/437/450 589/438/452 597/433/89
f 589/438/452 591/439/454 597/433/89
f 591/439/454 593/440/456 597/433/89
f 593/440/456 595/441/457 597/433/89
f 595/441/457 579/431/439 597/433/89
f 599/442/368 601/443/458 598/444/458
f 602/445/459 600/446/368 599/442/368
f 604/447/92 603/448/459 602/445/459
f 606/449/460 605/450/92 604/447/92
f 608/451/132 607/452/460 606/449/460
f 610/453/461 609/454/132 608/451/132
f 612/455/63 611/456/461 610/453/461
f 598/444/458 613/457/63 612/458/63
f 614/459/462 615/460/463 616/461/89
f 615/460/463 617/462/464 616/461/89
f 617/462/464 618/463/465 616/461/89
f 618/463/465 619/464/466 616/461/89
f 619/464/466 620/465/467 616/461/89
f 620/465/467 621/466/468 616/461/89
f 621/466/468 622/467/469 616/461/89
f 622/467/469 614/459/462 616/461/89
f 624/468/368 614/469/462 623/470/458
f 625/471/459 615/472/463 624/468/368
f 626/473/92 617/474/464 625/471/459
f 627/475/460 618/476/465 626/473/92
f 628/477/132 619/478/466 627/475/460
f 629/479/461 620/480/467 628/477/132
f 630/481/63 621/482/468 629/479/461
f 623/470/458 622/483/469 630/484/63
f 600/446/368 623/470/458 601/443/458
f 603/448/459 624/468/368 600/446/368
f 605/450/92 625/471/459 603/448/459
f 607/452/460 626/473/92 605/450/92
f 609/454/132 627/475/460 607/452/460
f 611/456/461 628/477/132 609/454/132
f 613/485/63 629/479/461 611/456/461
f 601/443/458 630/484/63 613/457/63
f 631/486/470 633/487/470 634/488/470
f 635/489/471 637/490/472 638/491/473
f 640/492/474 635/489/471 639/493/475
f 641/494/476 640/492/474 639/493/475
f 644/495/477 641/494/476 643/496/478
f 646/497/479 643/496/478 645/498/480
f 648/499/481 645/498/480 647/500/482
f 649/501/483 648/499/481 647/500/482
f 651/502/484 650/503/485 649/501/483
f 653/504/486 652/505/487 651/502/484
f 638/506/473 654/507/488 653/504/486
f 637/490/472 655/508/489 656/509/490
f 640/492/474 655/508/489 636/510/491
f 642/511/492 657/512/493 640/492/474
f 642/511/492 659/513/494 658/514/495
f 646/497/479 659/513/494 644/495/477
f 646/497/479 661/515/496 660/516/497
f 650/503/485 661/515/496 648/499/481
f 650/503/485 663/517/498 662/518/499
f 654/507/488 663/517/498 652/505/487
f 654/507/488 656/519/490 664/520/500
f 656/509/490 665/521/501 666/522/502
f 657/512/493 665/521/501 655/508/489
f 658/514/495 667/523/503 657/512/493
f 659/513/494 668/524/504 658/514/495
f 660/516/497 669/525/505 659/513/494
f 660/516/497 671/526/506 670/527/507
f 662/518/499 671/526/506 661/515/496
f 662/518/499 673/528/508 672/529/509
f 663/517/498 674/530/510 673/528/508
f 664/520/500 666/531/502 674/530/510
f 666/522/502 665/521/501 675/532/511
f 665/521/501 667/523/503 675/532/511
f 667/523/503 668/524/504 675/532/511
f 668/524/504 669/525/505 675/532/511
f 669/525/505 670/527/507 675/532/511
f 670/527/507 671/526/506 675/532/511
f 671/526/506 672/529/509 675/532/511
f 672/529/509 673/528/508 675/532/511
f 673/528/508 674/530/510 675/532/511
f 674/530/510 666/531/502 675/532/511
f 677/533/512 638/491/473 676/534/513
f 678/535/514 635/489/471 677/533/512
f 678/535/514 641/494/476 639/493/475
f 680/536/515 641/494/476 679/537/516
f 681/538/517 643/496/478 680/536/515
f 681/538/517 647/500/482 645/498/480
f 682/539/518 649/501/483 647/500/482
f 684/540/519 649/501/483 683/541/520
f 685/542/521 651/502/484 684/540/519
f 685/542/521 638/506/473 653/504/486
f 695/543/522 688/544/523 694/545/524
f 686/546/525 691/547/526 687/548/527
f 696/549/528 693/550/529 692/551/530
f 699/552/531 701/553/532 698/554/533
f 698/555/533 703/556/534 699/557/531
f 703/556/534 704/558/535 705/559/536
f 699/560/531 706/561/537 700/562/538
f 699/560/531 703/563/534 706/561/537
f 703/563/534 705/564/536 706/561/537
f 706/561/537 708/565/539 700/562/538
f 706/561/537 709/566/540 707/567/541
f 708/565/539 707/567/541 710/568/542
f 707/567/541 711/569/543 710/568/542
f 707/567/541 709/566/540 711/569/543
f 710/570/542 713/571/544 708/572/539
f 711/573/543 712/574/545 710/575/542
f 711/573/543 715/576/546 714/577/547
f 715/576/546 705/559/536 704/558/535
f 713/571/544 700/578/538 708/572/539
f 717/579/92 716/580/92 721/581/92
f 716/580/92 718/582/92 721/581/92
f 718/582/92 719/583/92 721/581/92
f 719/583/92 720/584/92 721/581/92
f 720/584/92 717/579/92 721/581/92
f 723/579/132 722/580/132 727/581/132
f 722/580/132 724/582/132 727/581/132
f 724/582/132 725/583/132 727/581/132
f 725/583/132 726/584/132 727/581/132
f 726/584/132 723/579/132 727/581/132
f 729/579/92 728/580/92 733/581/92
f 728/580/92 730/582/92 733/581/92
f 730/582/92 731/583/92 733/581/92
f 731/583/92 732/584/92 733/581/92
f 732/584/92 729/579/92 733/581/92
f 735/579/92 734/580/92 739/581/92
f 734/580/92 736/582/92 739/581/92
f 736/582/92 737/583/92 739/581/92
f 737/583/92 738/584/92 739/581/92
f 738/584/92 735/579/92 739/581/92
f 741/585/548 743/586/549 740/587/550
f 740/587/550 745/588/551 744/589/552
f 744/589/552 747/590/553 746/591/554
f 749/592/555 740/587/550 748/593/556
f 750/594/557 743/595/549 742/596/558
f 748/593/556 744/589/552 752/597/559
f 751/598/560 745/599/551 743/595/549
f 754/600/561 752/597/559 755/601/562
f 753/602/563 756/603/564 757/604/565
f 756/605/564 755/601/562 757/606/565
f 741/585/548 758/607/566 759/608/567
f 742/596/558 761/609/568 750/594/557
f 742/610/558 759/608/567 760/611/569
f 763/612/570 765/613/571 762/614/572
f 750/594/557 764/615/573 763/612/570
f 766/616/574 765/617/571 767/618/575
f 749/592/555 767/618/575 758/607/566
f 759/619/567 761/609/568 760/620/569
f 758/621/566 764/615/573 761/609/568
f 764/615/573 767/622/575 765/613/571
f 755/601/562 744/589/552 746/591/554
f 757/606/565 746/591/554 747/623/553
f 757/604/565 745/599/551 753/602/563
f 769/624/576 771/625/577 768/626/578
f 770/627/579 773/628/580 771/629/577
f 772/630/581 775/631/582 773/632/580
f 774/633/583 768/634/578 775/635/582
f 777/636/584 779/637/585 776/638/586
f 769/624/576 781/639/587 770/640/579
f 783/641/588 785/642/589 782/643/590
f 772/630/581 787/644/591 774/645/583
f 789/646/592 791/647/593 788/648/594
f 770/627/579 782/643/590 772/649/581
f 770/640/579 784/650/595 783/651/588
f 778/652/596 793/653/597 779/637/585
f 778/652/596 785/654/589 792/655/598
f 774/633/583 788/648/594 769/656/576
f 787/644/591 789/657/592 774/645/583
f 776/638/586 795/658/599 777/636/584
f 780/659/600 794/660/601 776/638/586
f 797/661/602 799/662/603 796/626/578
f 800/663/604 798/627/605 797/664/602
f 802/631/582 801/630/606 800/632/604
f 796/634/578 803/633/607 802/635/582
f 805/637/608 807/636/609 804/638/610
f 808/639/611 799/662/603 798/640/605
f 811/642/612 813/665/613 810/666/614
f 814/644/615 801/630/606 803/667/607
f 817/647/616 819/646/617 816/648/618
f 797/668/602 768/669/578 771/670/577
f 802/671/582 773/672/580 775/673/582
f 810/666/614 798/627/605 801/674/606
f 798/640/605 812/650/619 808/639/611
f 820/653/620 806/675/621 805/637/608
f 806/675/621 811/676/612 815/677/622
f 816/648/618 803/633/607 799/656/603
f 819/657/617 814/644/615 803/667/607
f 822/658/623 804/638/610 807/636/609
f 823/660/624 809/659/625 804/638/610
f 824/678/626 826/679/627 827/680/628
f 829/681/629 830/682/630 828/683/631
f 766/684/574 832/685/632 762/686/572
f 834/687/633 748/688/556 833/689/634
f 833/689/634 752/690/559 835/691/635
f 835/691/635 754/692/561 829/681/629
f 832/693/632 837/694/636 762/695/572
f 836/696/637 839/697/638 837/694/636
f 824/698/626 841/699/639 825/700/640
f 842/701/641 840/702/642 824/698/626
f 844/703/643 846/704/644 847/705/645
f 848/706/646 847/705/645 849/707/647
f 848/708/646 851/709/648 850/710/649
f 850/710/649 853/711/650 852/712/651
f 852/712/651 843/713/652 842/714/641
f 845/715/653 855/716/654 846/704/644
f 841/699/639 854/717/655 825/700/640
f 771/718/577 856/719/656 797/720/602
f 858/721/657 860/722/658 857/723/578
f 859/724/659 862/725/660 860/726/658
f 861/727/661 864/728/582 862/729/660
f 863/730/662 857/731/578 864/732/582
f 866/733/663 868/734/664 865/735/665
f 859/736/659 865/735/665 868/734/664
f 870/737/666 872/738/667 869/739/668
f 861/727/661 866/733/663 863/740/662
f 874/741/669 876/742/670 873/743/671
f 859/724/659 869/739/668 861/744/661
f 859/736/659 871/745/672 870/746/666
f 867/747/673 871/745/672 868/734/664
f 872/738/667 861/727/661 869/748/668
f 863/730/662 873/743/671 858/749/657
f 863/740/662 875/750/674 874/751/669
f 865/735/665 875/750/674 866/733/663
f 876/742/670 858/721/657 873/752/671
f 878/753/675 880/754/676 877/723/578
f 881/755/677 879/724/678 878/726/675
f 883/728/582 882/727/679 881/729/677
f 877/756/578 884/757/680 883/758/582
f 886/734/681 888/733/682 885/735/683
f 879/736/678 885/735/683 880/754/676
f 890/739/684 892/759/685 889/737/686
f 882/727/679 888/733/682 887/760/687
f 894/743/688 896/750/689 893/761/690
f 878/762/675 857/763/578 860/764/658
f 883/765/582 862/766/660 864/767/582
f 890/739/684 879/724/678 882/744/679
f 889/746/686 886/734/681 879/736/678
f 892/759/685 887/760/687 886/734/681
f 887/760/687 890/748/684 882/727/679
f 894/743/688 884/757/680 880/749/676
f 893/751/690 888/733/682 884/740/680
f 896/750/689 885/735/683 888/733/682
f 885/735/683 894/768/688 880/754/676
f 768/669/578 802/671/582 775/673/582
f 857/763/578 883/765/582 864/767/582
f 897/769/691 862/770/660 881/771/677
f 878/762/675 773/672/580 800/772/604
f 781/639/587 776/638/586 779/637/585
f 784/773/595 792/655/598 785/642/589
f 786/677/692 777/636/584 787/644/591
f 790/774/693 794/660/601 791/647/593
f 784/650/595 779/637/585 793/653/597
f 785/654/589 772/630/581 782/775/590
f 787/644/591 795/658/599 790/776/693
f 780/659/600 788/777/594 791/778/593
f 808/639/611 804/638/610 809/659/625
f 811/642/612 820/653/620 812/779/619
f 815/677/622 807/636/609 806/675/621
f 817/647/616 822/658/623 818/774/694
f 812/650/619 805/637/608 808/639/611
f 811/676/612 801/630/606 815/677/622
f 818/776/694 807/636/609 814/644/615
f 817/778/616 799/662/603 809/659/625
f 839/780/638 828/683/631 830/682/630
f 827/680/628 898/781/695 899/782/696
f 901/783/697 903/784/698 900/785/699
f 900/785/699 905/588/700 904/786/701
f 904/786/701 907/590/702 906/787/703
f 830/682/630 754/692/561 756/788/564
f 766/684/574 834/687/633 831/789/704
f 756/788/564 827/680/628 830/682/630
f 750/790/557 909/791/705 751/792/560
f 751/792/560 910/793/706 753/794/563
f 753/794/563 898/781/695 756/788/564
f 899/782/696 824/678/626 827/680/628
f 912/795/707 850/796/649 911/797/708
f 911/797/708 852/798/651 913/799/709
f 913/799/709 842/800/641 899/782/696
f 914/801/710 854/802/655 845/803/653
f 915/804/711 825/805/640 854/802/655
f 908/806/712 900/785/699 909/807/705
f 912/808/707 903/809/698 902/810/713
f 909/807/705 904/786/701 910/811/706
f 911/598/708 905/812/700 903/809/698
f 898/600/695 910/811/706 916/813/714
f 913/814/709 899/815/696 917/604/715
f 899/816/696 916/813/714 917/817/715
f 918/818/716 845/819/653 844/820/643
f 848/821/646 918/818/716 844/820/643
f 901/783/697 919/822/717 920/823/718
f 902/810/713 922/609/719 912/808/707
f 902/824/713 920/823/718 921/825/720
f 918/826/716 924/613/721 914/827/710
f 912/808/707 923/615/722 918/826/716
f 925/828/723 924/829/721 926/830/724
f 908/806/712 926/830/724 919/822/717
f 920/831/718 922/609/719 921/620/720
f 919/621/717 923/615/722 922/609/719
f 923/615/722 926/622/724 924/613/721
f 841/699/639 856/719/656 771/718/577
f 843/832/652 856/719/656 840/702/642
f 846/704/644 897/769/691 847/705/645
f 849/707/647 897/769/691 881/833/677
f 849/834/647 878/835/675 851/709/648
f 851/709/648 800/836/604 853/711/650
f 843/713/652 800/836/604 797/837/602
f 846/704/644 860/838/658 862/770/660
f 855/716/654 773/839/580 860/838/658
f 841/699/639 771/718/577 773/839/580
f 916/813/714 904/786/701 906/787/703
f 917/817/715 906/787/703 907/840/702
f 917/604/715 905/812/700 913/814/709
f 830/682/630 826/679/627 839/780/638
f 837/694/636 826/841/627 915/804/711
f 762/695/572 915/804/711 914/801/710
f 763/842/570 914/843/710 925/844/723
f 925/844/723 750/790/557 763/842/570
f 838/845/725 928/846/726 828/683/631
f 828/683/631 929/847/727 829/681/629
f 831/789/704 931/848/728 832/685/632
f 831/789/704 932/849/729 930/850/730
f 832/693/632 933/851/731 836/696/637
f 834/687/633 934/852/732 932/849/729
f 833/689/634 935/853/733 934/852/732
f 838/854/725 933/851/731 927/855/734
f 829/681/629 935/853/733 835/691/635
f 937/586/735 939/585/736 936/587/737
f 941/588/738 936/587/737 940/589/739
f 943/590/740 940/589/739 942/591/741
f 936/587/737 945/592/742 944/593/743
f 946/594/744 937/595/735 947/598/745
f 940/589/739 944/593/743 948/597/746
f 947/598/745 941/599/738 949/602/747
f 950/600/748 951/601/749 948/597/746
f 949/602/747 952/604/750 953/603/751
f 953/605/751 951/601/749 950/600/748
f 939/585/736 955/607/752 945/592/742
f 956/609/753 938/596/754 946/594/744
f 938/610/754 954/608/755 939/585/736
f 959/613/756 961/612/757 958/614/758
f 960/615/759 946/594/744 961/612/757
f 962/616/760 959/617/756 958/856/758
f 945/592/742 963/618/761 962/616/760
f 954/619/755 956/609/753 955/621/752
f 955/621/752 960/615/759 963/622/761
f 960/615/759 959/613/756 963/622/761
f 951/601/749 940/589/739 948/597/746
f 952/606/750 942/591/741 951/601/749
f 941/599/738 952/604/750 949/602/747
f 965/625/762 967/624/763 964/626/578
f 968/628/764 966/627/765 965/629/762
f 970/631/582 969/630/766 968/632/764
f 964/634/578 971/633/767 970/635/582
f 973/637/768 975/636/769 972/638/770
f 976/639/771 967/624/763 966/640/765
f 979/642/772 981/641/773 978/643/774
f 982/644/775 969/630/766 971/645/767
f 985/647/776 987/646/777 984/648/778
f 978/643/774 966/627/765 969/649/766
f 966/640/765 980/650/779 976/639/771
f 988/653/780 974/652/781 973/637/768
f 974/652/781 979/654/772 983/677/782
f 984/648/778 971/633/767 967/656/763
f 987/657/777 982/644/775 971/645/767
f 990/658/783 972/638/770 975/636/769
f 991/660/784 977/659/785 972/638/770
f 993/662/786 995/661/787 992/626/578
f 994/627/788 997/663/789 995/664/787
f 996/630/790 999/631/582 997/632/789
f 998/633/791 992/634/578 999/635/582
f 1001/636/792 1003/637/793 1000/638/794
f 993/662/786 1005/639/795 994/640/788
f 1007/665/796 1009/642/797 1006/666/798
f 996/630/790 1011/644/799 998/667/791
f 1013/646/800 1015/647/801 1012/648/802
f 964/669/578 995/668/787 965/670/762
f 968/672/764 999/671/582 970/673/582
f 994/627/788 1006/666/798 996/674/790
f 994/640/788 1008/650/803 1007/651/796
f 1002/675/804 1017/653/805 1003/637/793
f 1002/675/804 1009/676/797 1016/857/806
f 998/633/791 1012/648/802 993/656/786
f 1011/644/799 1013/657/800 998/667/791
f 1000/638/794 1019/658/807 1001/636/792
f 1004/659/808 1018/660/809 1000/638/794
f 1020/678/810 1022/679/811 1023/858/812
f 1025/682/813 1026/681/814 1024/683/815
f 962/684/760 1027/685/816 1028/789/817
f 944/688/743 1030/687/818 1029/689/819
f 948/690/746 1029/689/819 1031/691/820
f 950/692/748 1031/691/820 1026/681/814
f 1027/693/816 1032/694/821 1033/696/822
f 1033/696/822 1034/697/823 1035/854/824
f 1036/699/825 1020/698/810 1023/700/812
f 1037/702/826 1039/701/827 1020/698/810
f 1040/703/828 1042/704/829 1043/715/830
f 1044/706/831 1041/705/832 1040/703/828
f 1047/709/833 1044/708/831 1046/710/834
f 1049/711/835 1046/710/834 1048/712/836
f 1038/713/837 1048/712/836 1039/714/827
f 1043/715/830 1050/716/838 1051/717/839
f 1036/699/825 1051/717/839 1050/716/838
f 965/718/762 995/720/787 1052/719/840
f 1054/722/841 1056/721/676 1053/723/578
f 1057/725/842 1055/724/678 1054/726/841
f 1059/728/582 1058/727/679 1057/729/842
f 1053/731/578 1060/730/680 1059/732/582
f 1062/734/843 1064/733/844 1061/735/845
f 1055/736/678 1061/735/845 1056/721/676
f 1066/738/846 1068/737/672 1065/739/847
f 1064/733/844 1058/727/679 1060/740/680
f 1070/742/848 1072/741/849 1069/743/688
f 1065/739/847 1055/724/678 1058/744/679
f 1067/745/666 1055/736/678 1068/746/672
f 1067/745/666 1063/747/850 1062/734/843
f 1058/727/679 1066/738/846 1065/748/847
f 1069/743/688 1060/730/680 1056/749/676
f 1071/750/689 1060/740/680 1072/751/849
f 1071/750/689 1061/735/845 1064/733/844
f 1056/721/676 1070/742/848 1069/752/688
f 1074/754/657 1076/753/851 1073/723/578
f 1075/724/659 1078/755/852 1076/726/851
f 1077/727/661 1080/728/582 1078/729/852
f 1079/757/662 1073/756/578 1080/758/582
f 1082/733/853 1084/734/854 1081/735/855
f 1081/735/855 1075/736/659 1074/754/657
f 1085/737/856 1087/738/684 1088/739/668
f 1077/727/661 1082/733/853 1079/740/662
f 1090/750/674 1092/743/671 1089/761/857
f 1053/763/578 1076/762/851 1054/764/841
f 1057/766/842 1080/765/582 1059/767/582
f 1075/724/659 1088/739/668 1077/744/661
f 1084/734/854 1085/746/856 1075/736/659
f 1083/760/673 1086/759/858 1084/734/854
f 1077/727/661 1087/738/684 1083/760/673
f 1079/757/662 1092/743/671 1074/749/657
f 1082/733/853 1089/751/857 1079/740/662
f 1081/735/855 1090/750/674 1082/733/853
f 1092/768/671 1081/735/855 1074/754/657
f 999/671/582 964/669/578 970/673/582
f 1080/765/582 1053/763/578 1059/767/582
f 1093/769/859 1078/771/852 1057/770/842
f 968/672/764 1076/762/851 997/772/789
f 976/639/771 972/638/770 977/659/785
f 989/655/860 980/773/779 979/642/772
f 975/636/769 983/677/782 982/644/775
f 991/660/784 986/774/861 985/647/776
f 980/650/779 973/637/768 976/639/771
f 979/654/772 969/630/766 983/677/782
f 990/658/783 982/644/775 986/776/861
f 984/777/778 977/659/785 985/778/776
f 1000/638/794 1005/639/795 1004/659/808
f 1017/653/805 1009/642/797 1008/779/803
f 1010/677/862 1001/636/792 1011/644/799
f 1019/658/807 1015/647/801 1014/774/863
f 1003/637/793 1008/650/803 1005/639/795
f 996/630/790 1009/676/797 1010/677/862
f 1001/636/792 1014/776/863 1011/644/799
f 993/662/786 1015/778/801 1004/659/808
f 1024/683/815 1034/780/823 1025/682/813
f 1021/680/864 1094/782/865 1095/781/866
f 1097/784/867 1099/783/868 1096/785/869
f 1101/588/870 1096/785/869 1100/786/871
f 1103/590/872 1100/786/871 1102/787/873
f 1025/682/813 953/788/751 950/692/748
f 962/684/760 1030/687/818 945/859/742
f 1021/680/864 953/788/751 1025/682/813
f 1104/791/874 946/790/744 947/792/745
f 1106/793/875 947/792/745 949/794/747
f 1095/781/866 949/794/747 953/788/751
f 1020/678/810 1094/782/865 1021/680/864
f 1046/796/834 1108/795/876 1107/797/877
f 1048/798/836 1107/797/877 1109/799/878
f 1039/800/827 1109/799/878 1094/782/865
f 1110/801/879 1051/802/839 1111/804/880
f 1023/805/812 1111/804/880 1051/802/839
f 1096/785/869 1105/806/881 1104/807/874
f 1108/808/876 1097/809/867 1107/598/877
f 1100/786/871 1104/807/874 1106/811/875
f 1107/598/877 1101/812/870 1109/814/878
f 1095/600/866 1112/813/882 1106/811/875
f 1109/814/878 1113/604/883 1094/815/865
f 1094/816/865 1112/813/882 1095/600/866
f 1043/819/830 1114/818/884 1040/820/828
f 1114/818/884 1044/821/831 1040/820/828
f 1099/783/868 1116/822/885 1105/806/881
f 1117/609/886 1098/810/887 1108/808/876
f 1098/824/887 1115/823/888 1099/783/868
f 1119/613/889 1114/826/884 1110/827/879
f 1120/615/890 1108/808/876 1114/826/884
f 1121/828/891 1119/829/889 1110/860/879
f 1105/806/881 1122/830/892 1121/828/891
f 1115/831/888 1117/609/886 1116/621/885
f 1116/621/885 1120/615/890 1122/622/892
f 1120/615/890 1119/613/889 1122/622/892
f 1036/699/825 1052/719/840 1037/702/826
f 1052/719/840 1038/832/837 1037/702/826
f 1093/769/859 1042/704/829 1041/705/832
f 1045/707/893 1093/769/859 1041/705/832
f 1076/835/851 1045/834/893 1047/709/833
f 997/836/789 1047/709/833 1049/711/835
f 1038/713/837 997/836/789 1049/711/835
f 1042/704/829 1054/838/841 1050/716/838
f 1050/716/838 968/839/764 1036/699/825
f 1036/699/825 968/839/764 965/718/762
f 1112/813/882 1100/786/871 1106/811/875
f 1113/817/883 1102/787/873 1112/813/882
f 1101/812/870 1113/604/883 1109/814/878
f 1025/682/813 1022/679/811 1021/680/864
f 1032/694/821 1022/841/811 1034/697/823
f 958/695/758 1111/804/880 1032/694/821
f 961/842/757 1110/843/879 958/861/758
f 1121/844/891 946/790/744 1105/862/881
f 1123/846/894 1035/845/824 1024/683/815
f 1125/847/895 1024/683/815 1026/681/814
f 1126/848/896 1028/789/817 1027/685/816
f 1028/789/817 1128/849/897 1030/687/818
f 1129/851/898 1027/693/816 1033/696/822
f 1030/687/818 1130/852/899 1029/689/819
f 1029/689/819 1131/853/900 1031/691/820
f 1035/854/824 1129/851/898 1033/696/822
f 1131/853/900 1026/681/814 1031/691/820
f 1132/863/901 1133/864/902 1134/865/903
f 1135/866/904 1137/867/905 1138/868/906
f 1136/869/907 1140/870/908 1137/867/905
f 1139/871/909 1142/872/910 1140/870/908
f 1143/873/911 1141/874/912 1139/871/909
f 1145/875/913 1146/876/914 1133/864/902
f 1145/875/913 1132/863/901 1147/877/915
f 1144/878/916 1149/879/917 1148/880/918
f 1150/881/919 1148/880/918 1149/879/917
f 1145/875/913 1153/882/920 1152/883/921
f 1146/876/914 1139/871/909 1136/869/907
f 1152/883/921 1143/873/911 1146/876/914
f 1136/869/907 1133/864/902 1146/876/914
f 1146/876/914 1145/875/913 1152/883/921
f 1153/882/920 1155/884/922 1152/883/921
f 1152/883/921 1150/881/919 1149/879/917
f 1156/885/923 1150/881/919 1157/886/924
f 1157/886/924 1155/884/922 1158/887/925
f 1158/887/925 1154/888/926 1159/889/927
f 1156/885/923 1161/890/928 1160/891/929
f 1161/890/928 1158/887/925 1162/892/930
f 1161/890/928 1162/892/930 1163/893/931
f 1164/894/932 1158/887/925 1159/889/927
f 1165/895/933 1162/892/930 1164/894/932
f 1166/896/934 1163/893/931 1165/895/933
f 1160/891/929 1169/897/935 1168/898/936
f 1161/890/928 1167/899/937 1169/897/935
f 1169/897/935 1166/896/934 1170/900/938
f 1171/901/939 1166/896/934 1165/895/933
f 1172/902/940 1166/896/934 1171/901/939
f 1132/863/901 1173/903/941 1174/904/942
f 1175/905/943 1169/897/935 1170/900/938
f 1176/906/944 1172/902/940 1177/907/945
f 1179/908/946 1181/909/947 1178/910/948
f 1178/910/948 1182/911/949 1183/912/950
f 1185/913/951 1178/910/948 1184/914/952
f 1178/910/948 1186/915/953 1184/914/952
f 1184/916/952 1188/917/954 1187/918/955
f 1189/919/956 1190/920/957 1191/921/958
f 1192/922/959 1190/920/957 1189/919/956
f 1189/919/956 1191/921/958 1187/918/955
f 1187/918/955 1192/922/959 1189/919/956
f 1194/923/960 1195/924/961 1190/920/957
f 1194/923/960 1193/925/962 1196/926/963
f 1198/927/964 1194/923/960 1197/928/965
f 1194/923/960 1199/929/966 1197/928/965
f 1198/927/964 1201/930/967 1202/931/968
f 1197/928/965 1204/932/969 1203/933/970
f 1205/934/971 1180/935/972 1206/936/973
f 1207/937/974 1181/909/947 1205/934/971
f 1201/930/967 1206/936/973 1208/938/975
f 1205/934/971 1204/932/969 1207/937/974
f 1147/877/915 1174/904/942 1209/939/976
f 1210/940/977 1159/889/927 1211/941/978
f 1212/942/979 1209/943/976 1213/944/980
f 1214/945/981 1159/889/927 1154/888/926
f 1215/946/982 1217/947/983 1218/948/984
f 1153/882/920 1209/939/976 1212/949/979
f 1212/949/979 1154/888/926 1153/882/920
f 1213/944/980 1214/950/981 1212/942/979
f 1217/947/983 1211/951/978 1218/948/984
f 1218/948/984 1211/951/978 1214/950/981
f 1165/895/933 1210/940/977 1219/952/985
f 1172/902/940 1220/953/986 1221/954/987
f 1177/907/945 1221/954/987 1222/955/988
f 1171/901/939 1219/952/985 1220/953/986
f 1220/956/986 1219/957/985 1223/958/989
f 1223/958/989 1221/959/987 1220/956/986
f 1219/957/985 1217/947/983 1223/958/989
f 1223/958/989 1216/960/990 1224/961/991
f 1224/961/991 1226/962/992 1223/958/989
f 1226/962/992 1221/959/987 1223/958/989
f 1215/946/982 1213/944/980 1227/963/993
f 1213/964/980 1228/965/994 1227/966/993
f 1209/967/976 1229/968/995 1228/965/994
f 1174/969/942 1230/970/996 1229/968/995
f 1173/971/941 1231/972/997 1230/970/996
f 1138/973/906 1232/974/998 1231/972/997
f 1140/975/908 1233/976/999 1234/977/1000
f 1137/978/905 1234/977/1000 1232/974/998
f 1235/979/1001 1225/980/1002 1224/961/991
f 1215/946/982 1237/981/1003 1216/960/990
f 1235/979/1001 1216/960/990 1237/981/1003
f 1233/976/999 1239/982/1004 1234/977/1000
f 1239/983/1004 1240/984/1005 1241/985/1006
f 1234/977/1000 1242/986/1007 1232/974/998
f 1227/966/993 1243/987/1008 1244/988/1009
f 1245/989/1010 1228/965/994 1229/968/995
f 1247/990/1011 1245/989/1010 1246/991/1012
f 1248/992/1013 1229/968/995 1230/970/996
f 1231/972/997 1242/986/1007 1249/993/1014
f 1249/993/1014 1230/970/996 1231/972/997
f 1246/991/1012 1248/992/1013 1250/994/1015
f 1248/992/1013 1251/995/1016 1250/994/1015
f 1170/900/938 1252/996/1017 1175/905/943
f 1177/907/945 1254/997/1018 1176/906/944
f 1176/906/944 1255/998/1019 1252/996/1017
f 1254/999/1018 1185/913/951 1184/914/952
f 1187/918/955 1255/1000/1019 1254/1001/1018
f 1254/1001/1018 1184/916/952 1187/918/955
f 1249/993/1014 1256/1002/1020 1251/995/1016
f 1258/1003/1021 1260/1004/1022 1257/1005/1023
f 1208/938/975 1180/935/972 1261/1006/1024
f 1179/908/946 1263/1007/1025 1262/1008/1026
f 1261/1006/1024 1179/908/946 1262/1008/1026
f 1264/1009/1027 1198/927/964 1202/931/968
f 1263/1010/1025 1253/1011/1028 1265/1012/1029
f 1253/1013/1028 1222/955/988 1266/1014/1030
f 1265/1012/1029 1266/1015/1030 1267/1016/1031
f 1222/1017/988 1268/1018/1032 1266/1019/1030
f 1226/962/992 1269/1020/1033 1268/1018/1032
f 1267/1016/1031 1268/1021/1032 1270/1022/1034
f 1225/980/1002 1271/1023/1035 1269/1020/1033
f 1270/1022/1034 1269/1024/1033 1272/1025/1036
f 1273/1026/1037 1269/1024/1033 1271/1027/1035
f 1274/1028/1038 1270/1022/1034 1272/1025/1036
f 1272/1025/1036 1275/1029/1039 1274/1028/1038
f 1276/1030/1040 1264/1031/1027 1202/1032/968
f 1202/1032/968 1277/1033/1041 1276/1030/1040
f 1278/1034/1042 1276/1030/1040 1277/1033/1041
f 1201/1035/967 1280/1036/1043 1277/1033/1041
f 1281/1037/1044 1277/1033/1041 1280/1036/1043
f 1208/1038/975 1282/1039/1045 1280/1036/1043
f 1283/1040/1046 1280/1036/1043 1282/1039/1045
f 1282/1039/1045 1262/1041/1026 1284/1042/1047
f 1262/1041/1026 1265/1012/1029 1284/1042/1047
f 1284/1042/1047 1267/1016/1031 1285/1043/1048
f 1285/1043/1048 1270/1022/1034 1274/1028/1038
f 1286/1044/1049 1284/1042/1047 1285/1043/1048
f 1283/1040/1046 1284/1042/1047 1286/1044/1049
f 1287/1045/1050 1279/1046/1051 1278/1034/1042
f 1289/1047/1052 1291/1048/1053 1287/1049/1050
f 1287/1045/1050 1281/1037/1044 1292/1050/1054
f 1289/1047/1052 1287/1049/1050 1292/1051/1054
f 1292/1050/1054 1283/1040/1046 1293/1052/1055
f 1293/1052/1055 1286/1044/1049 1294/1053/1056
f 1294/1053/1056 1285/1043/1048 1295/1054/1057
f 1295/1054/1057 1274/1028/1038 1296/1055/1058
f 1296/1055/1058 1275/1029/1039 1297/1056/1059
f 1290/1057/1060 1299/1058/1061 1291/1048/1053
f 1301/1059/1062 1303/1060/1063 1300/1061/1064
f 1300/1061/1064 1305/1062/1065 1301/1059/1062
f 1306/1063/1066 1307/1064/1067 1308/1065/1068
f 1308/1065/1068 1310/1066/1069 1306/1063/1066
f 1308/1065/1068 1312/1067/1070 1309/1068/1071
f 1313/1069/1072 1297/1056/1059 1314/1070/1073
f 1315/1071/1074 1296/1055/1058 1313/1069/1072
f 1295/1054/1057 1316/1072/1075 1294/1053/1056
f 1294/1053/1056 1317/1073/1076 1293/1052/1055
f 1292/1050/1054 1318/1074/1077 1289/1075/1052
f 1293/1052/1055 1319/1076/1078 1292/1050/1054
f 1314/1070/1073 1321/1077/1079 1313/1069/1072
f 1313/1069/1072 1322/1078/1080 1315/1071/1074
f 1315/1071/1074 1323/1079/1081 1316/1072/1075
f 1316/1072/1075 1324/1080/1082 1317/1073/1076
f 1325/1081/1083 1311/1082/1084 1319/1076/1078
f 1319/1076/1078 1324/1080/1082 1325/1081/1083
f 1327/1083/1085 1309/1068/1071 1326/1084/1086
f 1326/1084/1086 1312/1067/1070 1328/1085/1087
f 1327/1083/1085 1330/1086/1088 1329/1087/1089
f 1331/1088/1090 1333/1089/1091 1334/1090/1092
f 1334/1090/1092 1329/1087/1089 1330/1086/1088
f 1334/1090/1092 1330/1086/1088 1335/1091/1093
f 1336/1092/1094 1331/1088/1090 1334/1090/1092
f 1338/1093/1095 1336/1092/1094 1339/1094/1096
f 1340/1095/1097 1338/1093/1095 1339/1094/1096
f 1342/1096/1098 1341/1097/1099 1340/1095/1097
f 1344/1098/1100 1335/1091/1093 1345/1099/1101
f 1334/1090/1092 1344/1098/1100 1336/1092/1094
f 1346/1100/1102 1336/1092/1094 1344/1098/1100
f 1342/1096/1098 1348/1101/1103 1347/1102/1104
f 1348/1101/1103 1339/1094/1096 1346/1100/1102
f 1349/1103/1105 1348/1101/1103 1350/1104/1106
f 1350/1104/1106 1346/1100/1102 1351/1105/1107
f 1351/1105/1107 1344/1098/1100 1345/1099/1101
f 1353/1106/1108 1320/1107/1109 1352/1108/1110
f 1354/1109/1111 1335/1091/1093 1330/1086/1088
f 1330/1086/1088 1328/1085/1087 1354/1109/1111
f 1351/1105/1107 1345/1099/1101 1355/1110/1112
f 1351/1105/1107 1357/1111/1113 1356/1112/1114
f 1358/1113/1115 1321/1077/1079 1353/1106/1108
f 1356/1112/1114 1357/1111/1113 1359/1114/1116
f 1360/1115/1117 1352/1108/1110 1359/1114/1116
f 1361/1116/1118 1353/1106/1108 1360/1115/1117
f 1360/1115/1117 1357/1111/1113 1361/1116/1118
f 1328/1085/1087 1325/1081/1083 1362/1117/1119
f 1325/1081/1083 1363/1118/1120 1362/1117/1119
f 1345/1099/1101 1364/1119/1121 1355/1110/1112
f 1363/1118/1120 1323/1079/1081 1365/1120/1122
f 1363/1118/1120 1364/1119/1121 1362/1117/1119
f 1323/1079/1081 1358/1113/1115 1365/1120/1122
f 1365/1120/1122 1361/1116/1118 1364/1119/1121
f 1354/1109/1111 1362/1117/1119 1364/1119/1121
f 1361/1116/1118 1355/1110/1112 1364/1119/1121
f 1243/987/1008 1366/1121/1123 1244/988/1009
f 1368/1122/1124 1359/1114/1116 1367/1123/1125
f 1369/1124/1126 1359/1114/1116 1352/1108/1110
f 1370/1125/1127 1367/1123/1125 1371/1126/1128
f 1372/1127/1129 1352/1108/1110 1320/1107/1109
f 1371/1126/1128 1369/1124/1126 1373/1128/1130
f 1320/1107/1109 1374/1129/1131 1372/1127/1129
f 1369/1124/1126 1375/1130/1132 1373/1128/1130
f 1314/1070/1073 1376/1131/1133 1374/1129/1131
f 1372/1127/1129 1377/1132/1134 1375/1130/1132
f 1378/1133/1135 1297/1056/1059 1275/1029/1039
f 1374/1129/1131 1379/1134/1136 1377/1132/1134
f 1275/1029/1039 1380/1135/1137 1378/1133/1135
f 1379/1134/1136 1378/1133/1135 1381/1136/1134
f 1381/1136/1134 1380/1135/1137 1382/1137/1138
f 1273/1026/1037 1383/1138/1139 1380/1135/1137
f 1384/1139/1140 1271/1023/1035 1236/1140/1141
f 1382/1137/1138 1383/1138/1139 1385/1141/1142
f 1386/1142/1143 1236/1140/1141 1235/979/1001
f 1383/1143/1139 1387/1144/1144 1385/1145/1142
f 1227/963/993 1388/1146/1145 1237/981/1003
f 1386/1142/1143 1237/981/1003 1388/1146/1145
f 1387/1144/1144 1386/1142/1143 1389/1147/1146
f 1389/1147/1146 1388/1146/1145 1390/1148/1147
f 1391/1149/1148 1393/1150/1149 1394/1151/1150
f 1395/1152/1151 1396/1153/1152 1397/1154/1153
f 1388/1146/1145 1395/1155/1151 1390/1148/1147
f 1239/983/1004 1398/1156/1154 1242/1157/1007
f 1398/1156/1154 1399/1158/1155 1256/1159/1020
f 1257/1005/1023 1400/1160/1156 1258/1003/1021
f 1368/1161/1124 1402/1162/1157 1356/1163/1114
f 1370/1164/1127 1401/1165/1158 1368/1161/1124
f 1405/1166/1159 1407/1167/1160 1404/1168/1161
f 1408/1169/1162 1410/1170/1163 1411/1171/1164
f 1409/1172/1165 1413/1173/1166 1410/1170/1163
f 1412/1174/1167 1415/1175/1168 1413/1173/1166
f 1416/1176/1169 1415/1175/1168 1414/1177/1170
f 1418/1178/1171 1417/1179/1172 1416/1176/1169
f 1421/1180/1173 1404/1181/1161 1420/1182/1174
f 1408/1169/1162 1405/1166/1159 1421/1180/1173
f 1422/1183/1175 1424/1184/1176 1411/1171/1164
f 1420/1182/1174 1426/1185/1177 1421/1180/1173
f 1427/1186/1178 1426/1185/1177 1428/1187/1179
f 1427/1186/1178 1429/1188/1180 1412/1174/1167
f 1430/1189/1181 1432/1190/1182 1433/1191/1183
f 1414/1177/1170 1434/1192/1184 1416/1176/1169
f 1416/1176/1169 1436/1193/1185 1418/1178/1171
f 1411/1171/1164 1406/1194/1186 1408/1169/1162
f 1421/1180/1173 1409/1172/1165 1408/1169/1162
f 1427/1186/1178 1412/1174/1167 1409/1172/1165
f 1414/1195/1170 1433/1191/1183 1432/1196/1182
f 1429/1197/1180 1433/1191/1183 1412/1198/1167
f 1437/1199/1187 1439/1200/1188 1440/1201/1189
f 1432/1202/1182 1434/1203/1184 1414/1204/1170
f 1190/920/957 1195/924/961 1191/921/958
f 1441/873/1190 1141/874/912 1144/878/916
f 1443/1205/1191 1444/864/1192 1445/876/1193
f 1447/1206/1194 1443/1205/1191 1446/877/1195
f 1448/879/1196 1144/878/916 1148/880/918
f 1148/880/918 1449/881/1197 1448/879/1196
f 1451/882/1198 1443/1205/1191 1450/883/1199
f 1445/876/1193 1442/871/1200 1441/873/1190
f 1450/883/1199 1441/873/1190 1448/879/1196
f 1444/864/1192 1452/869/1201 1445/876/1193
f 1445/876/1193 1450/883/1199 1443/1205/1191
f 1451/882/1198 1454/884/1202 1455/888/1203
f 1450/883/1199 1449/881/1197 1454/884/1202
f 1156/885/923 1449/881/1197 1151/1207/1204
f 1454/884/1202 1456/886/1205 1457/887/1206
f 1457/887/1206 1455/888/1203 1454/884/1202
f 1459/890/1207 1156/885/923 1160/891/929
f 1457/887/1206 1459/890/1207 1460/892/1208
f 1459/890/1207 1461/893/1209 1460/892/1208
f 1462/894/1210 1457/887/1206 1460/892/1208
f 1463/1208/1211 1460/1209/1208 1461/1210/1209
f 1464/1211/1212 1461/1210/1209 1465/1212/1213
f 1466/897/1214 1160/891/929 1168/898/936
f 1465/899/1213 1459/890/1207 1466/897/1214
f 1466/1213/1214 1464/1211/1212 1465/1212/1213
f 1468/1214/1215 1463/1208/1211 1464/1211/1212
f 1469/1215/1216 1464/1211/1212 1467/1216/1217
f 1442/871/1200 1142/872/910 1141/874/912
f 1452/869/1201 1470/870/1218 1442/871/1200
f 1453/866/1219 1471/867/1220 1452/869/1201
f 1473/865/1221 1474/903/1222 1472/868/1223
f 1447/1206/1194 1474/903/1222 1473/865/1221
f 1175/905/943 1466/897/1214 1168/898/936
f 1476/1217/1224 1469/1215/1216 1467/1216/1217
f 1479/909/1225 1481/908/1226 1478/1218/1227
f 1478/1218/1227 1483/911/1228 1479/909/1225
f 1478/1218/1227 1485/913/1229 1484/914/1230
f 1486/915/1231 1478/1218/1227 1484/914/1230
f 1488/917/1232 1484/916/1230 1487/918/1233
f 1489/1219/1234 1191/921/958 1490/920/1235
f 1491/922/1236 1490/920/1235 1492/1220/1237
f 1489/1219/1234 1487/918/1233 1191/921/958
f 1491/922/1236 1487/918/1233 1489/1219/1234
f 1493/923/1238 1490/920/1235 1195/924/961
f 1493/923/1238 1492/1220/1237 1490/920/1235
f 1493/923/1238 1496/927/1239 1495/928/1240
f 1497/929/1241 1493/923/1238 1495/928/1240
f 1498/933/1242 1496/927/1239 1499/1221/1243
f 1500/932/1244 1495/928/1240 1498/933/1242
f 1501/934/1245 1480/1222/1246 1479/909/1225
f 1503/937/1247 1479/909/1225 1483/911/1228
f 1501/934/1245 1499/1221/1243 1502/936/1248
f 1501/934/1245 1500/932/1244 1498/933/1242
f 1475/904/1249 1446/877/1195 1504/939/1250
f 1505/940/1251 1458/889/1252 1462/894/1210
f 1507/942/1253 1508/944/1254 1504/943/1250
f 1509/1223/1255 1458/889/1252 1506/941/1256
f 1510/946/1257 1512/947/1258 1513/960/1259
f 1451/882/1198 1504/939/1250 1446/877/1195
f 1507/949/1253 1455/888/1203 1509/1223/1255
f 1508/944/1254 1509/950/1255 1511/948/1260
f 1506/951/1256 1512/947/1258 1511/948/1260
f 1511/948/1260 1509/950/1255 1506/951/1256
f 1463/1208/1211 1505/1224/1251 1462/1225/1210
f 1469/1215/1216 1516/1226/1261 1468/1214/1215
f 1477/1227/1262 1515/1228/1263 1469/1215/1216
f 1468/1214/1215 1514/1229/1264 1463/1208/1211
f 1516/1226/1261 1518/1230/1265 1514/1229/1264
f 1518/1230/1265 1516/1226/1261 1515/1228/1263
f 1514/1229/1264 1512/1231/1258 1505/1224/1251
f 1518/1230/1265 1513/1232/1259 1512/1231/1258
f 1520/1233/1266 1519/1234/1267 1518/1230/1265
f 1515/1228/1263 1520/1233/1266 1518/1230/1265
f 1510/946/1257 1508/944/1254 1511/948/1260
f 1523/1235/1268 1508/1236/1254 1522/1237/1269
f 1524/1238/1270 1504/1239/1250 1523/1235/1268
f 1525/1240/1271 1475/1241/1249 1524/1238/1270
f 1526/1242/1272 1474/1243/1222 1525/1240/1271
f 1527/1244/1273 1472/1245/1223 1526/1242/1272
f 1470/1246/1218 1233/1247/999 1142/1248/910
f 1528/1249/1274 1471/1250/1220 1527/1244/1273
f 1529/979/1275 1521/980/1276 1530/1140/1277
f 1531/981/1278 1510/946/1257 1513/960/1259
f 1529/979/1275 1513/960/1259 1519/961/1267
f 1532/1251/1279 1233/1247/999 1528/1249/1274
f 1532/1252/1279 1240/1253/1005 1238/1254/1280
f 1534/1255/1281 1528/1249/1274 1527/1244/1273
f 1522/1237/1269 1536/1256/1282 1523/1235/1268
f 1537/1257/1283 1523/1235/1268 1536/1256/1282
f 1537/1257/1283 1539/1258/1284 1538/1259/1285
f 1540/1260/1286 1538/1259/1285 1539/1258/1284
f 1542/1261/1287 1524/1238/1270 1537/1257/1283
f 1526/1242/1272 1534/1255/1281 1527/1244/1273
f 1543/1262/1288 1525/1240/1271 1542/1261/1287
f 1544/1263/1289 1538/1259/1285 1541/1264/1290
f 1542/1261/1287 1538/1259/1285 1545/1265/1291
f 1546/1266/1292 1542/1261/1287 1545/1265/1291
f 1547/1267/1293 1477/1227/1262 1476/1217/1224
f 1476/906/1224 1255/998/1019 1547/1268/1293
f 1252/996/1017 1467/900/1217 1175/905/943
f 1547/1269/1293 1485/913/1229 1548/1270/1294
f 1487/918/1233 1255/1000/1019 1191/921/958
f 1547/1001/1293 1487/918/1233 1484/916/1230
f 1543/1262/1288 1549/1271/1295 1534/1255/1281
f 1545/1265/1291 1550/1272/1296 1546/1266/1292
f 1552/930/1297 1496/927/1239 1551/931/1298
f 1502/936/1248 1552/930/1297 1553/938/1299
f 1480/1222/1246 1553/938/1299 1554/1006/1300
f 1556/1007/1301 1481/908/1226 1555/1008/1302
f 1554/1006/1300 1481/908/1226 1480/1222/1246
f 1264/1009/1027 1496/927/1239 1195/924/961
f 1548/1273/1294 1556/1010/1301 1557/1012/1303
f 1548/1274/1294 1517/1275/1304 1477/1227/1262
f 1558/1015/1305 1557/1012/1303 1559/1276/1306
f 1560/1277/1307 1517/1275/1304 1558/1278/1305
f 1561/1279/1308 1520/1233/1266 1560/1277/1307
f 1560/1021/1307 1559/1276/1306 1562/1022/1309
f 1563/1023/1310 1521/980/1276 1561/1020/1308
f 1562/1022/1309 1561/1024/1308 1560/1021/1307
f 1565/1026/1311 1561/1024/1308 1564/1025/1312
f 1566/1028/1313 1564/1025/1312 1562/1022/1309
f 1567/1029/1314 1564/1025/1312 1566/1028/1313
f 1276/1030/1040 1551/1032/1298 1264/1031/1027
f 1568/1033/1315 1551/1032/1298 1276/1030/1040
f 1569/1034/1316 1276/1030/1040 1279/1046/1051
f 1570/1036/1317 1552/1035/1297 1568/1033/1315
f 1571/1037/1318 1568/1033/1315 1569/1034/1316
f 1572/1039/1319 1553/1038/1299 1570/1036/1317
f 1573/1040/1320 1570/1036/1317 1571/1037/1318
f 1555/1280/1302 1572/1039/1319 1574/1281/1321
f 1555/1280/1302 1557/1012/1303 1556/1010/1301
f 1574/1281/1321 1559/1276/1306 1557/1012/1303
f 1575/1043/1322 1562/1022/1309 1559/1276/1306
f 1576/1044/1323 1575/1043/1322 1574/1281/1321
f 1574/1281/1321 1573/1040/1320 1576/1044/1323
f 1577/1045/1324 1279/1046/1051 1288/1282/1325
f 1578/1283/1326 1579/1284/1327 1580/1285/1328
f 1571/1037/1318 1577/1045/1324 1581/1050/1329
f 1578/1283/1326 1581/1286/1329 1577/1287/1324
f 1573/1040/1320 1581/1050/1329 1582/1052/1330
f 1576/1044/1323 1582/1052/1330 1583/1053/1331
f 1583/1053/1331 1575/1043/1322 1576/1044/1323
f 1566/1028/1313 1584/1054/1332 1585/1055/1333
f 1585/1055/1333 1567/1029/1314 1566/1028/1313
f 1580/1285/1328 1299/1058/1061 1298/1288/1334
f 1588/1060/1335 1590/1059/1336 1587/1061/1337
f 1587/1061/1337 1305/1062/1065 1304/1289/1338
f 1306/1063/1066 1591/1065/1339 1307/1064/1067
f 1591/1065/1339 1310/1066/1069 1592/1068/1340
f 1593/1067/1341 1591/1065/1339 1592/1068/1340
f 1595/1069/1342 1586/1056/1343 1585/1055/1333
f 1597/1071/1344 1585/1055/1333 1584/1054/1332
f 1598/1072/1345 1584/1054/1332 1583/1053/1331
f 1599/1073/1346 1583/1053/1331 1582/1052/1330
f 1600/1074/1347 1581/1050/1329 1578/1075/1326
f 1601/1076/1348 1582/1052/1330 1581/1050/1329
f 1602/1077/1349 1596/1070/1350 1595/1069/1342
f 1604/1078/1351 1595/1069/1342 1597/1071/1344
f 1605/1079/1352 1597/1071/1344 1598/1072/1345
f 1606/1080/1353 1598/1072/1345 1599/1073/1346
f 1607/1081/1354 1594/1082/1355 1593/1067/1341
f 1601/1076/1348 1606/1080/1353 1599/1073/1346
f 1592/1068/1340 1327/1083/1085 1608/1084/1356
f 1608/1084/1356 1593/1067/1341 1592/1068/1340
f 1610/1086/1357 1327/1083/1085 1329/1087/1089
f 1611/1088/1358 1333/1089/1091 1332/1290/1359
f 1612/1090/1360 1329/1087/1089 1333/1089/1091
f 1612/1090/1360 1613/1091/1361 1610/1086/1357
f 1614/1092/1362 1611/1088/1358 1615/1291/1363
f 1616/1093/1364 1614/1092/1362 1615/1291/1363
f 1618/1095/1365 1616/1093/1364 1619/1097/1366
f 1342/1096/1098 1619/1097/1366 1343/1292/1367
f 1620/1098/1368 1621/1099/1369 1613/1091/1361
f 1620/1098/1368 1612/1090/1360 1614/1092/1362
f 1622/1100/1370 1614/1092/1362 1617/1094/1371
f 1623/1101/1372 1342/1096/1098 1347/1102/1104
f 1623/1101/1372 1617/1094/1371 1618/1095/1365
f 1349/1103/1105 1623/1101/1372 1347/1102/1104
f 1624/1104/1373 1622/1100/1370 1623/1101/1372
f 1620/1098/1368 1625/1105/1374 1621/1099/1369
f 1603/1107/1375 1627/1293/1376 1626/1108/1377
f 1628/1109/1378 1613/1091/1361 1621/1099/1369
f 1609/1085/1379 1610/1086/1357 1628/1109/1378
f 1625/1105/1374 1629/1110/1380 1621/1099/1369
f 1631/1111/1381 1625/1105/1374 1630/1112/1382
f 1602/1077/1349 1632/1113/1383 1627/1293/1376
f 1630/1112/1382 1633/1114/1384 1631/1111/1381
f 1634/1116/1385 1627/1293/1376 1632/1113/1383
f 1635/1115/1386 1631/1111/1381 1633/1114/1384
f 1635/1115/1386 1626/1108/1377 1627/1293/1376
f 1607/1081/1354 1609/1085/1379 1636/1117/1387
f 1607/1081/1354 1637/1118/1388 1606/1080/1353
f 1638/1119/1389 1621/1099/1369 1629/1110/1380
f 1605/1079/1352 1637/1118/1388 1639/1120/1390
f 1637/1118/1388 1638/1119/1389 1639/1120/1390
f 1605/1079/1352 1632/1113/1383 1604/1078/1351
f 1639/1120/1390 1634/1116/1385 1632/1113/1383
f 1628/1109/1378 1636/1117/1387 1609/1085/1379
f 1634/1116/1385 1629/1110/1380 1631/1111/1381
f 1633/1114/1384 1641/1122/1391 1640/1123/1392
f 1642/1124/1393 1633/1114/1384 1640/1123/1392
f 1370/1125/1127 1640/1123/1392 1641/1122/1391
f 1643/1127/1394 1626/1108/1377 1642/1124/1393
f 1371/1126/1128 1642/1124/1393 1640/1123/1392
f 1644/1129/1395 1603/1107/1375 1643/1127/1394
f 1375/1130/1132 1642/1124/1393 1373/1128/1130
f 1645/1131/1396 1596/1070/1350 1644/1129/1395
f 1377/1132/1134 1643/1127/1394 1375/1130/1132
f 1646/1133/1397 1586/1056/1343 1645/1131/1396
f 1379/1134/1136 1644/1129/1395 1377/1132/1134
f 1647/1135/1398 1567/1029/1314 1646/1133/1397
f 1379/1134/1136 1646/1133/1397 1645/1131/1396
f 1381/1136/1134 1647/1135/1398 1646/1133/1397
f 1648/1138/1399 1565/1026/1311 1647/1135/1398
f 1649/1139/1400 1563/1023/1310 1648/1294/1399
f 1648/1138/1399 1382/1137/1138 1385/1141/1142
f 1650/1142/1401 1530/1140/1277 1649/1139/1400
f 1387/1144/1144 1648/1294/1399 1385/1145/1142
f 1651/1146/1402 1522/1295/1269 1531/981/1278
f 1531/981/1278 1650/1142/1401 1651/1146/1402
f 1387/1144/1144 1650/1142/1401 1649/1139/1400
f 1389/1147/1146 1651/1146/1402 1650/1142/1401
f 1652/1296/1403 1540/1260/1286 1539/1258/1284
f 1654/1297/1404 1656/1298/1405 1657/1299/1406
f 1390/1148/1147 1658/1300/1407 1659/1155/1408
f 1660/1301/1409 1532/1252/1279 1534/1302/1281
f 1549/1303/1295 1660/1301/1409 1534/1302/1281
f 1660/1301/1409 1662/1304/1410 1663/1305/1411
f 1661/1306/1412 1546/1266/1292 1550/1272/1296
f 1665/1185/1413 1420/1182/1174 1664/1307/1414
f 1666/1186/1415 1665/1185/1413 1664/1307/1414
f 1668/1308/1416 1669/1309/1417 1667/1310/1418
f 1641/1161/1391 1670/1311/1419 1671/1165/1420
f 1370/1164/1127 1671/1165/1420 1403/1312/1421
f 1407/1167/1160 1672/1184/1422 1673/1194/1423
f 1674/1313/1424 1676/1314/1425 1677/1315/1426
f 1677/1315/1426 1678/1173/1427 1679/1316/1428
f 1679/1316/1428 1680/1175/1429 1681/1317/1430
f 1680/1175/1429 1683/1318/1431 1681/1317/1430
f 1682/1179/1432 1418/1178/1171 1683/1318/1431
f 1404/1181/1161 1664/1307/1414 1420/1182/1174
f 1684/1166/1433 1674/1313/1424 1664/1307/1414
f 1672/1184/1422 1422/1183/1175 1675/1171/1434
f 1673/1194/1423 1675/1171/1434 1674/1313/1424
f 1664/1307/1414 1677/1315/1426 1666/1186/1415
f 1666/1186/1415 1677/1315/1426 1679/1316/1428
f 1685/1200/1435 1687/1319/1436 1688/1320/1437
f 1689/1321/1438 1690/1322/1439 1669/1309/1417
f 1683/1318/1431 1436/1193/1185 1690/1322/1439
f 1669/1199/1417 1685/1200/1435 1688/1323/1437
f 1669/1324/1417 1687/1325/1436 1689/1203/1438
f 1686/1189/1440 1668/1201/1416 1691/1197/1441
f 1681/1195/1430 1693/1191/1442 1679/1198/1428
f 1490/920/1235 1191/921/958 1195/924/961
f 1258/1003/1021 1694/1326/1443 1259/1327/1444
f 1241/985/1006 1695/1328/1445 1696/1329/1446
f 1396/1153/1152 1394/1151/1150 1397/1154/1153
f 1696/1329/1446 1697/1330/1447 1698/1331/1448
f 1398/1156/1154 1696/1329/1446 1694/1332/1443
f 1699/1333/1449 1259/1327/1444 1694/1326/1443
f 1393/1150/1149 1699/1333/1449 1394/1151/1150
f 1696/1329/1446 1699/1334/1449 1694/1332/1443
f 1698/1331/1448 1394/1335/1150 1699/1334/1449
f 1366/1121/1123 1396/1153/1152 1244/988/1009
f 1366/1121/1123 1392/1336/1450 1391/1149/1148
f 1701/1337/1451 1247/990/1011 1246/991/1012
f 1260/1004/1022 1246/991/1012 1250/994/1015
f 1257/1005/1023 1250/994/1015 1251/995/1016
f 1399/1338/1155 1251/995/1016 1256/1002/1020
f 1392/1336/1450 1703/1339/1452 1393/1150/1149
f 1701/1337/1451 1702/1340/1453 1392/1336/1450
f 1700/1341/1454 1703/1339/1452 1705/1342/1455
f 1700/1341/1454 1706/1343/1456 1259/1327/1444
f 1701/1337/1451 1707/1344/1457 1704/1345/1458
f 1260/1004/1022 1706/1343/1456 1707/1344/1457
f 1708/1346/1459 1240/1253/1005 1533/1347/1460
f 1660/1301/1409 1708/1346/1459 1533/1347/1460
f 1544/1263/1289 1710/1348/1461 1550/1272/1296
f 1653/1349/1462 1654/1297/1404 1657/1299/1406
f 1711/1350/1463 1713/1351/1464 1714/1352/1465
f 1716/1353/132 1718/1354/1466 1715/1355/1467
f 1714/1352/1465 1716/1353/132 1715/1355/1467
f 1695/1356/1445 1708/1346/1459 1719/1357/1468
f 1697/1358/1447 1719/1357/1468 1720/1359/1469
f 1697/1358/1447 1656/1360/1405 1655/1361/1470
f 1657/1299/1406 1711/1362/1463 1653/1349/1462
f 1720/1363/1469 1722/1364/1471 1656/1298/1405
f 1540/1260/1286 1711/1362/1463 1714/1365/1465
f 1719/1366/1468 1723/1367/1472 1724/1368/1473
f 1709/1369/1474 1718/1370/1466 1717/1371/1475
f 1541/1264/1290 1718/1370/1466 1544/1263/1289
f 1720/1363/1469 1724/1368/1473 1721/1372/1476
f 1540/1260/1286 1715/1373/1467 1541/1264/1290
f 1712/1374/1477 1656/1298/1405 1722/1364/1471
f 1713/1351/1464 1722/1375/1471 1721/1376/1476
f 1716/1353/132 1721/1376/1476 1724/1377/1473
f 1716/1353/132 1723/1378/1472 1717/1379/1475
f 1663/1380/1411 1717/1371/1475 1723/1367/1472
f 1710/1348/1461 1661/1306/1412 1550/1272/1296
f 1709/1369/1474 1662/1381/1410 1710/1348/1461
f 1698/1331/1448 1655/1382/1470 1397/1383/1153
f 1652/1296/1403 1536/1256/1282 1535/1384/1478
f 1652/1296/1403 1659/1385/1408 1654/1297/1404
f 1659/1385/1408 1655/1386/1470 1654/1297/1404
f 1658/1387/1407 1397/1154/1153 1655/1388/1470
f 1659/1155/1408 1651/1146/1402 1390/1148/1147
f 1390/1148/1147 1395/1155/1151 1658/1300/1407
f 1719/1357/1468 1708/1346/1459 1663/1305/1411
f 1422/1183/1175 1676/1314/1425 1675/1171/1434
f 1422/1183/1175 1410/1170/1163 1725/1389/1479
f 1413/1173/1166 1727/1390/1480 1726/1391/1481
f 1678/1173/1427 1727/1390/1480 1680/1175/1429
f 1727/1390/1480 1417/1179/1172 1419/1392/1482
f 1727/1390/1480 1682/1179/1432 1680/1175/1429
f 1331/1393/1090 1729/1394/89 1332/1395/1359
f 1337/1396/1483 1728/1397/1484 1331/1393/1090
f 1337/1396/1483 1731/1398/1485 1730/1399/1486
f 1341/1400/1099 1731/1398/1485 1338/1401/1095
f 1343/1402/1367 1732/1403/1487 1341/1400/1099
f 1611/1404/1358 1729/1394/89 1734/1397/1488
f 1615/1396/1363 1734/1397/1488 1735/1405/1489
f 1615/1396/1363 1736/1398/1490 1616/1406/1364
f 1619/1400/1366 1736/1398/1490 1737/1403/1491
f 1343/1402/1367 1737/1403/1491 1733/1407/81
f 1728/1397/1484 1739/1408/1492 1729/1394/89
f 1730/1399/1486 1738/1409/1493 1728/1397/1484
f 1730/1399/1486 1741/1410/1494 1740/1411/1495
f 1732/1403/1487 1741/1410/1494 1731/1398/1485
f 1733/1407/81 1742/1412/1496 1732/1403/1487
f 1734/1397/1488 1739/1408/1492 1744/1409/1497
f 1735/1405/1489 1744/1409/1497 1745/1413/1498
f 1735/1405/1489 1746/1414/1499 1736/1398/1490
f 1737/1403/1491 1746/1414/1499 1747/1415/1500
f 1733/1407/81 1747/1415/1500 1743/1416/1501
f 1748/1417/1502 1744/1418/1497 1739/1419/1492
f 1738/1418/1493 1748/1417/1502 1739/1419/1492
f 1740/1420/1495 1749/1421/1503 1748/1417/1502
f 1745/1420/1498 1749/1421/1503 1746/1422/1499
f 1749/1421/1503 1742/1423/1496 1743/1424/1501
f 1749/1421/1503 1747/1423/1500 1746/1422/1499
f 1407/1167/1160 1424/1184/1176 1423/1425/1504
f 1407/1167/1160 1684/1166/1433 1404/1168/1161
f 1725/1389/1479 1413/1173/1166 1726/1391/1481
f 1725/1389/1479 1678/1173/1427 1676/1314/1425
f 1579/1284/1327 1288/1426/1325 1299/1058/1061
f 1291/1048/1053 1288/1426/1325 1287/1049/1050
f 1400/1427/1156 1398/1156/1154 1694/1332/1443
f 1398/1156/1154 1256/1159/1020 1242/1157/1007
f 1661/1428/1412 1660/1301/1409 1549/1303/1295
f 1751/1429/1505 1753/1430/1506 1750/1431/1507
f 1751/1429/1505 1755/1432/1508 1752/1433/1509
f 1754/1434/1510 1757/1435/1511 1755/1432/1508
f 1756/1436/1512 1759/1437/1513 1757/1435/1511
f 1760/1438/1514 1759/1437/1513 1758/1439/1515
f 1762/1440/1516 1761/1441/1517 1760/1442/1514
f 1764/1443/1518 1763/1444/1519 1762/1440/1516
f 1764/1443/1518 1767/1445/1520 1765/1446/1521
f 1766/1447/1522 1769/1448/1523 1767/1445/1520
f 1750/1449/1507 1769/1448/1523 1768/1450/1524
f 1753/1430/1506 1770/1451/1525 1771/1452/1526
f 1752/1433/1509 1772/1453/1527 1770/1451/1525
f 1755/1432/1508 1773/1454/1528 1772/1453/1527
f 1757/1435/1511 1774/1455/1529 1773/1454/1528
f 1761/1456/1517 1774/1455/1529 1759/1437/1513
f 1763/1444/1519 1775/1457/1530 1761/1441/1517
f 1765/1446/1521 1776/1458/1531 1763/1444/1519
f 1767/1445/1520 1777/1459/1532 1765/1446/1521
f 1769/1448/1523 1778/1460/1533 1767/1445/1520
f 1769/1448/1523 1771/1461/1526 1779/1462/1534
f 1771/1452/1526 1780/1463/1535 1703/1464/1452
f 1770/1451/1525 1781/1465/1536 1780/1463/1535
f 1772/1453/1527 1782/1466/1537 1781/1465/1536
f 1773/1454/1528 1783/1467/1538 1782/1466/1537
f 1775/1468/1530 1783/1467/1538 1774/1455/1529
f 1776/1458/1531 1784/1469/1539 1775/1457/1530
f 1777/1459/1532 1785/1470/1540 1776/1458/1531
f 1778/1460/1533 1786/1471/1541 1777/1459/1532
f 1779/1462/1534 1787/1472/1542 1778/1460/1533
f 1779/1462/1534 1703/1473/1452 1702/1474/1453
f 1703/1464/1452 1788/1475/1543 1789/1476/1544
f 1780/1463/1535 1790/1477/1545 1788/1475/1543
f 1781/1465/1536 1791/1478/1546 1790/1477/1545
f 1782/1466/1537 1792/1479/1547 1791/1478/1546
f 1784/1480/1539 1792/1479/1547 1783/1467/1538
f 1785/1470/1540 1793/1481/1548 1784/1469/1539
f 1786/1471/1541 1794/1482/1549 1785/1470/1540
f 1787/1472/1542 1795/1483/1550 1786/1471/1541
f 1702/1474/1453 1796/1484/1551 1787/1472/1542
f 1789/1476/1544 1797/1485/1552 1706/1486/1456
f 1788/1475/1543 1798/1487/1553 1797/1485/1552
f 1790/1477/1545 1799/1488/1554 1798/1487/1553
f 1791/1478/1546 1800/1489/1555 1799/1488/1554
f 1793/1490/1548 1800/1489/1555 1792/1479/1547
f 1794/1482/1549 1801/1491/1556 1793/1481/1548
f 1795/1483/1550 1802/1492/1557 1794/1482/1549
f 1796/1484/1551 1803/1493/1558 1795/1483/1550
f 1704/1494/1458 1804/1495/1559 1796/1484/1551
f 1706/1486/1456 1805/1496/1560 1806/1497/1561
f 1797/1485/1552 1807/1498/1562 1805/1496/1560
f 1799/1488/1554 1807/1498/1562 1798/1487/1553
f 1800/1489/1555 1808/1499/1563 1799/1488/1554
f 1800/1489/1555 1810/1500/1564 1809/1501/1565
f 1801/1491/1556 1811/1502/1566 1810/1503/1564
f 1802/1492/1557 1812/1504/1567 1811/1502/1566
f 1804/1495/1559 1812/1504/1567 1803/1493/1558
f 1707/1505/1457 1813/1506/1568 1804/1495/1559
f 1707/1505/1457 1806/1507/1561 1814/1508/1569
f 1806/1497/1561 1815/1509/1570 1816/1510/1571
f 1807/1498/1562 1815/1509/1570 1805/1496/1560
f 1808/1499/1563 1817/1511/1572 1807/1498/1562
f 1809/1501/1565 1818/1512/1573 1808/1499/1563
f 1809/1501/1565 1820/1513/1574 1819/1514/1575
f 1810/1503/1564 1821/1515/1576 1820/1516/1574
f 1812/1504/1567 1821/1515/1576 1811/1502/1566
f 1813/1506/1568 1822/1517/1577 1812/1504/1567
f 1814/1508/1569 1823/1518/1578 1813/1506/1568
f 1814/1508/1569 1816/1519/1571 1824/1520/1579
f 1816/1510/1571 1825/1521/1580 1826/1522/1581
f 1815/1509/1570 1827/1523/1582 1825/1521/1580
f 1818/1512/1573 1827/1523/1582 1817/1511/1572
f 1819/1514/1575 1828/1524/1583 1818/1512/1573
f 1819/1514/1575 1830/1525/1584 1829/1526/1585
f 1820/1516/1574 1831/1527/1586 1830/1528/1584
f 1822/1517/1577 1831/1527/1586 1821/1515/1576
f 1823/1518/1578 1832/1529/1587 1822/1517/1577
f 1824/1520/1579 1833/1530/1588 1823/1518/1578
f 1824/1520/1579 1826/1531/1581 1834/1532/1589
f 1751/1429/1505 1750/1431/1507 1835/1533/1590
f 1754/1434/1510 1751/1429/1505 1835/1533/1590
f 1756/1436/1512 1754/1434/1510 1835/1533/1590
f 1758/1439/1515 1756/1436/1512 1835/1533/1590
f 1760/1438/1514 1758/1439/1515 1835/1533/1590
f 1762/1440/1516 1760/1442/1514 1835/1534/1590
f 1764/1443/1518 1762/1440/1516 1835/1534/1590
f 1766/1447/1522 1764/1443/1518 1835/1534/1590
f 1768/1450/1524 1766/1447/1522 1835/1534/1590
f 1750/1449/1507 1768/1450/1524 1835/1534/1590
f 1826/1522/1581 1825/1521/1580 1836/1535/1591
f 1825/1521/1580 1827/1523/1582 1836/1535/1591
f 1827/1523/1582 1828/1524/1583 1836/1535/1591
f 1828/1524/1583 1829/1526/1585 1836/1535/1591
f 1829/1526/1585 1830/1525/1584 1836/1535/1591
f 1830/1528/1584 1831/1527/1586 1836/1536/1591
f 1831/1527/1586 1832/1529/1587 1836/1536/1591
f 1832/1529/1587 1833/1530/1588 1836/1536/1591
f 1833/1530/1588 1834/1532/1589 1836/1536/1591
f 1834/1532/1589 1826/1531/1581 1836/1536/1591
f 1134/865/903 1138/868/906 1173/903/941
f 1473/865/1221 1453/866/1219 1444/864/1192
f 1134/865/903 1135/866/904 1138/868/906
f 1447/1206/1194 1473/865/1221 1444/864/1192
f 1425/1537/1592 1838/1538/1593 1426/1539/1177
f 1426/1539/1177 1839/1540/1594 1428/1541/1179
f 1428/1541/1179 1402/1162/1157 1437/1542/1187
f 1425/1537/1592 1840/1538/1595 1837/1543/1596
f 1665/1539/1413 1841/1540/1597 1840/1538/1595
f 1667/1541/1418 1670/1311/1419 1841/1540/1597
f 1440/1308/1189 1428/1187/1179 1437/1544/1187
f 1668/1308/1416 1666/1186/1415 1691/1188/1441
f 1402/1162/1157 1435/1545/1598 1437/1542/1187
f 1403/1546/1421 1435/1545/1598 1401/1165/1158
f 1670/1311/1419 1690/1545/1439 1671/1165/1420
f 1403/1312/1421 1690/1545/1439 1436/1547/1185
f 1837/1543/1596 1350/1548/1106 1838/1538/1593
f 1838/1538/1593 1351/1549/1107 1839/1540/1594
f 1839/1540/1594 1356/1163/1114 1402/1162/1157
f 1837/1543/1596 1624/1548/1373 1349/1550/1105
f 1840/1538/1595 1625/1549/1374 1624/1548/1373
f 1841/1540/1597 1630/1551/1382 1625/1549/1374
f 1319/1076/1078 1318/1074/1077 1292/1050/1054
f 1842/1552/1599 1311/1082/1084 1308/1065/1068
f 1307/1064/1067 1842/1552/1599 1308/1065/1068
f 1844/1552/1600 1307/1064/1067 1591/1065/1339
f 1594/1082/1355 1844/1552/1600 1591/1065/1339
f 1601/1076/1348 1600/1074/1347 1594/1082/1355
f 1290/1057/1060 1302/1553/1601 1301/1554/1062
f 1289/1075/1052 1303/1060/1063 1302/1555/1601
f 1842/1552/1599 1303/1060/1063 1318/1074/1077
f 1843/1556/1602 1300/1061/1064 1842/1552/1599
f 1298/1288/1334 1301/1554/1062 1305/1557/1065
f 1844/1552/1600 1588/1060/1335 1587/1061/1337
f 1578/1075/1326 1588/1060/1335 1600/1074/1347
f 1580/1285/1328 1589/1558/1603 1578/1283/1326
f 1298/1288/1334 1590/1559/1336 1580/1285/1328
f 1843/1556/1602 1587/1061/1337 1304/1289/1338
f 1427/1186/1178 1440/1308/1189 1429/1188/1180
f 1430/1189/1181 1440/1201/1189 1439/1200/1188
f 1439/1200/1188 1431/1319/1604 1430/1189/1181
f 1431/1325/1604 1437/1324/1187 1434/1203/1184
f 1434/1192/1184 1435/1322/1598 1416/1176/1169
f 1691/1188/1441 1666/1186/1415 1679/1316/1428
f 1693/1191/1442 1691/1197/1441 1679/1198/1428
f 1686/1189/1440 1692/1190/1605 1687/1319/1436
f 1689/1203/1438 1692/1202/1605 1681/1204/1430
f 1681/1317/1430 1683/1318/1431 1689/1321/1438
f 1203/933/970 1198/927/964 1197/928/965
f 1205/934/971 1200/1221/1606 1203/933/970
f 1845/1560/1607 1846/1561/1608 1847/1562/63
f 1846/1561/1608 1848/1563/1609 1847/1562/63
f 1848/1563/1609 1849/1564/1610 1847/1562/63
f 1849/1564/1610 1850/1565/1611 1847/1562/63
f 1850/1565/1611 1851/1566/1612 1847/1562/63
f 1851/1566/1612 1852/1567/1613 1847/1562/63
f 1852/1567/1613 1853/1568/1614 1847/1562/63
f 1853/1568/1614 1854/1569/1615 1847/1562/63
f 1854/1569/1615 1855/1570/1616 1847/1562/63
f 1855/1570/1616 1845/1560/1607 1847/1562/63
f 1856/1571/1617 1846/1572/1608 1845/1573/1607
f 1857/1574/1618 1848/1575/1609 1846/1572/1608
f 1858/1576/1619 1849/1577/1610 1848/1575/1609
f 1859/1578/1620 1850/1579/1611 1849/1577/1610
f 1861/1580/1621 1850/1579/1611 1860/1581/1622
f 1862/1582/1623 1851/1583/1612 1861/1580/1621
f 1863/1584/1624 1852/1585/1613 1862/1582/1623
f 1864/1586/1625 1853/1587/1614 1863/1584/1624
f 1865/1588/1626 1854/1589/1615 1864/1590/1625
f 1865/1588/1626 1845/1573/1607 1855/1591/1616
f 1857/1592/1618 1866/1593/1627 1867/1594/1628
f 1857/1592/1618 1868/1595/1629 1858/1596/1619
f 1858/1596/1619 1869/1597/1630 1859/1598/1620
f 1859/1598/1620 1870/1599/1631 1860/1600/1622
f 1860/1600/1622 1871/1601/1632 1861/1602/1621
f 1861/1602/1621 1872/1603/1633 1862/1604/1623
f 1863/1605/1624 1872/1603/1633 1873/1606/1634
f 1864/1607/1625 1873/1606/1634 1874/1608/1635
f 1865/1609/1626 1874/1608/1635 1875/1610/1636
f 1856/1611/1617 1875/1610/1636 1866/1593/1627
f 1867/1612/1628 1876/1613/1637 1877/1614/1638
f 1867/1612/1628 1878/1615/1639 1868/1616/1629
f 1868/1616/1629 1879/1617/1640 1869/1618/1630
f 1869/1618/1630 1880/1619/1641 1870/1620/1631
f 1870/1620/1631 1881/1621/1642 1871/1622/1632
f 1871/1622/1632 1882/1623/1643 1872/1624/1633
f 1873/1625/1634 1882/1623/1643 1883/1626/1644
f 1874/1627/1635 1883/1628/1644 1884/1629/1645
f 1875/1630/1636 1884/1629/1645 1885/1631/1646
f 1866/1632/1627 1885/1631/1646 1876/1613/1637
f 1876/1633/1637 1887/1634/1647 1877/1635/1638
f 1878/1636/1639 1887/1634/1647 1888/1637/1648
f 1879/1638/1640 1888/1637/1648 1889/1639/1649
f 1880/1640/1641 1889/1639/1649 1890/1641/1650
f 1880/1640/1641 1891/1642/1651 1881/1643/1642
f 1881/1643/1642 1892/1644/1652 1882/1645/1643
f 1883/1646/1644 1892/1644/1652 1893/1647/1653
f 1884/1648/1645 1893/1647/1653 1894/1649/1654
f 1885/1650/1646 1894/1649/1654 1895/1651/1655
f 1885/1650/1646 1886/1652/1656 1876/1633/1637
f 1886/1653/1656 1897/1654/1657 1887/1655/1647
f 1888/1656/1648 1897/1654/1657 1898/1657/1658
f 1889/1658/1649 1898/1659/1658 1899/1660/1659
f 1890/1661/1650 1899/1660/1659 1900/1662/1660
f 1891/1663/1651 1900/1662/1660 1901/1664/1661
f 1892/1665/1652 1901/1664/1661 1902/1666/1662
f 1892/1665/1652 1903/1667/1663 1893/1668/1653
f 1893/1668/1653 1904/1669/1664 1894/1670/1654
f 1894/1670/1654 1905/1671/1665 1895/1672/1655
f 1895/1672/1655 1896/1673/1666 1886/1653/1656
f 1896/1673/1666 1907/1674/1667 1897/1654/1657
f 1898/1657/1658 1907/1674/1667 1908/1675/1668
f 1899/1660/1659 1908/1676/1668 1909/1677/1669
f 1900/1662/1660 1899/1660/1659 1909/1677/1669
f 1901/1664/1661 1909/1677/1669 1910/1678/1670
f 1902/1666/1662 1910/1678/1670 1911/1679/1671
f 1902/1666/1662 1912/1680/1672 1903/1667/1663
f 1903/1667/1663 1913/1681/1673 1904/1669/1664
f 1904/1669/1664 1906/1682/1674 1905/1671/1665
f 1896/1673/1666 1905/1671/1665 1906/1682/1674
f 1907/1683/1675 1915/1684/1676 1906/1685/1677
f 1907/1683/1675 1908/1686/1678 1914/1687/1679
f 1908/1686/1678 1916/1688/1680 1914/1687/1679
f 1918/1689/1681 1920/1690/1682 1917/1691/1683
f 1915/1684/1676 1922/1692/1684 1906/1685/1677
f 1919/1693/1685 1924/1694/1686 1920/1690/1682
f 1922/1692/1684 1925/1695/1687 1926/1696/1688
f 1915/1684/1676 1927/1697/1689 1928/1698/1690
f 1916/1688/1680 1927/1697/1689 1914/1687/1679
f 1929/1699/1691 1909/1700/1692 1930/1701/1693
f 1921/1702/1694 1928/1698/1690 1931/1703/1695
f 1932/1704/1696 1930/1701/1693 1933/1705/1697
f 1925/1695/1687 1931/1703/1695 1934/1706/1698
f 1918/1689/1681 1929/1699/1691 1919/1693/1685
f 1919/1693/1685 1932/1704/1696 1923/1707/1699
f 1928/1698/1690 1935/1708/1700 1936/1709/1701
f 1918/1689/1681 1935/1708/1700 1927/1697/1689
f 1928/1698/1690 1937/1710/1702 1931/1703/1695
f 1931/1703/1695 1938/1711/1703 1934/1706/1698
f 1940/1712/1704 1942/1713/1705 1939/1714/1706
f 1943/1715/1707 1941/1716/1704 1940/1717/1704
f 1943/1715/1707 1946/1718/1708 1944/1719/1707
f 1947/1720/1709 1946/1718/1708 1945/1721/1708
f 1949/1722/1710 1948/1723/1709 1947/1720/1709
f 1949/1722/1710 1942/1713/1705 1950/1724/1710
f 1951/1560/1711 1952/1562/92 1953/1561/1712
f 1953/1561/1712 1952/1562/92 1954/1563/1713
f 1954/1563/1713 1952/1562/92 1955/1564/1714
f 1955/1564/1714 1952/1562/92 1956/1565/1715
f 1956/1565/1715 1952/1562/92 1957/1566/1716
f 1957/1566/1716 1952/1562/92 1958/1567/1717
f 1958/1567/1717 1952/1562/92 1959/1568/1718
f 1959/1568/1718 1952/1562/92 1960/1569/1719
f 1960/1569/1719 1952/1562/92 1961/1570/1720
f 1961/1570/1720 1952/1562/92 1951/1560/1711
f 1962/1571/1721 1953/1572/1712 1963/1574/1722
f 1963/1574/1722 1954/1575/1713 1964/1576/1723
f 1964/1576/1723 1955/1577/1714 1965/1578/1724
f 1965/1578/1724 1956/1579/1715 1966/1581/1725
f 1956/1579/1715 1967/1580/1726 1966/1581/1725
f 1957/1583/1716 1968/1582/1727 1967/1580/1726
f 1958/1585/1717 1969/1584/1728 1968/1582/1727
f 1959/1587/1718 1970/1586/1729 1969/1584/1728
f 1960/1589/1719 1971/1588/1730 1970/1590/1729
f 1971/1588/1730 1951/1573/1711 1962/1571/1721
f 1963/1592/1722 1973/1593/1731 1962/1611/1721
f 1974/1595/1732 1963/1592/1722 1964/1596/1723
f 1975/1597/1733 1964/1596/1723 1965/1598/1724
f 1976/1599/1734 1965/1598/1724 1966/1600/1725
f 1977/1601/1735 1966/1600/1725 1967/1602/1726
f 1978/1603/1736 1967/1602/1726 1968/1604/1727
f 1969/1605/1728 1978/1603/1736 1968/1604/1727
f 1970/1607/1729 1979/1606/1737 1969/1605/1728
f 1971/1609/1730 1980/1608/1738 1970/1607/1729
f 1962/1611/1721 1981/1610/1739 1971/1609/1730
f 1972/1612/1740 1983/1613/1741 1973/1632/1731
f 1984/1615/1742 1972/1612/1740 1974/1616/1732
f 1985/1617/1743 1974/1616/1732 1975/1618/1733
f 1986/1619/1744 1975/1618/1733 1976/1620/1734
f 1987/1621/1745 1976/1620/1734 1977/1622/1735
f 1988/1623/1746 1977/1622/1735 1978/1624/1736
f 1979/1625/1737 1988/1623/1746 1978/1624/1736
f 1980/1627/1738 1989/1628/1747 1979/1725/1737
f 1981/1630/1739 1990/1629/1748 1980/1627/1738
f 1973/1632/1731 1991/1631/1749 1981/1630/1739
f 1992/1634/1750 1983/1633/1741 1982/1635/1751
f 1984/1636/1742 1992/1634/1750 1982/1635/1751
f 1985/1638/1743 1994/1637/1752 1984/1636/1742
f 1986/1640/1744 1995/1639/1753 1985/1638/1743
f 1997/1642/1754 1986/1640/1744 1987/1643/1745
f 1998/1644/1755 1987/1643/1745 1988/1645/1746
f 1989/1646/1747 1998/1644/1755 1988/1645/1746
f 1990/1648/1748 1999/1647/1756 1989/1646/1747
f 1991/1650/1749 2000/1649/1757 1990/1648/1748
f 1993/1652/1758 1991/1650/1749 1983/1633/1741
f 2002/1654/1759 1993/1653/1758 1992/1655/1750
f 1994/1656/1752 2002/1654/1759 1992/1655/1750
f 1995/1658/1753 2004/1659/1760 1994/1726/1752
f 1996/1661/1761 2005/1660/1762 1995/1658/1753
f 1997/1663/1754 2006/1662/1763 1996/1661/1761
f 1998/1665/1755 2007/1664/1764 1997/1663/1754
f 2009/1667/1765 1998/1665/1755 1999/1668/1756
f 2010/1669/1766 1999/1668/1756 2000/1670/1757
f 2011/1671/1767 2000/1670/1757 2001/1672/1768
f 2003/1673/1769 2001/1672/1768 1993/1653/1758
f 2012/1674/1770 2003/1673/1769 2002/1654/1759
f 2004/1657/1760 2012/1674/1770 2002/1654/1759
f 2005/1660/1762 2014/1676/1771 2004/1659/1760
f 2006/1662/1763 2015/1677/1772 2005/1660/1762
f 2007/1664/1764 2015/1677/1772 2006/1662/1763
f 2008/1666/1773 2016/1678/1774 2007/1664/1764
f 2018/1680/1775 2008/1666/1773 2009/1667/1765
f 2019/1681/1776 2009/1667/1765 2010/1669/1766
f 2013/1682/1777 2010/1669/1766 2011/1671/1767
f 2003/1673/1769 2013/1682/1777 2011/1671/1767
f 2020/1684/1778 2012/1683/1779 2013/1685/1780
f 2012/1683/1779 2021/1687/1781 2014/1686/1782
f 2014/1686/1782 2022/1688/1783 2015/1700/1784
f 2024/1690/1785 2026/1689/1786 2023/1691/1787
f 2027/1692/1788 2020/1684/1778 2013/1685/1780
f 2029/1694/1789 2025/1693/1790 2024/1690/1785
f 2027/1692/1788 2032/1695/1791 2028/1702/1792
f 2020/1684/1778 2034/1697/1793 2021/1687/1781
f 2034/1697/1793 2022/1688/1783 2021/1687/1781
f 2035/1699/1794 2015/1700/1784 2022/1688/1783
f 2028/1702/1792 2033/1698/1795 2020/1684/1778
f 2038/1704/1796 2036/1701/1797 2035/1699/1794
f 2032/1695/1791 2037/1703/1798 2028/1702/1792
f 2035/1699/1794 2026/1689/1786 2025/1693/1790
f 2038/1704/1796 2025/1693/1790 2030/1707/1799
f 2033/1698/1795 2042/1708/1800 2034/1697/1793
f 2042/1708/1800 2026/1689/1786 2034/1697/1793
f 2043/1710/1801 2033/1698/1795 2037/1703/1798
f 2044/1711/1802 2037/1703/1798 2040/1706/1803
f 2045/1714/1804 2047/1727/1805 2048/1712/1806
f 2048/1717/1806 2049/1719/1807 2050/1715/1807
f 2049/1719/1807 2052/1721/1808 2050/1715/1807
f 2051/1718/1808 2054/1720/1809 2052/1721/1808
f 2054/1720/1809 2055/1724/1810 2056/1722/1810
f 2055/1724/1810 2045/1714/1804 2056/1722/1810
f 2058/1728/1811 2060/1729/856 2057/1730/1812
f 2059/1731/1813 2062/1732/1814 2060/1729/856
f 2063/1733/1815 2065/1734/1816 2066/1735/686
f 2057/1733/1812 2062/1734/1814 2067/1736/92
f 2069/1737/1817 2071/1738/459 2068/1739/1818
f 2065/1734/1816 2064/1740/63 2072/1741/63
f 2067/1736/92 2062/1734/1814 2073/1741/92
f 2061/1742/1819 2068/1739/1818 2062/1732/1814
f 2072/1743/63 2075/1744/1820 2065/1745/1816
f 2073/1743/92 2068/1744/1818 2071/1746/459
f 2077/1747/1821 2079/1748/1822 2076/1749/1823
f 2076/1749/1823 2081/1750/1824 2080/1751/1825
f 2083/1752/1826 2085/1753/1827 2082/1754/1828
f 2080/1751/1825 2084/1755/1829 2083/1752/1826
f 2087/1756/1830 2066/1757/686 2086/1758/1831
f 2086/1758/1831 2065/1759/1816 2088/1760/1832
f 2090/1761/1833 2074/1762/1834 2089/1763/1835
f 2088/1760/1832 2075/1764/1820 2090/1761/1833
f 2059/1731/1813 2077/1747/1821 2076/1749/1823
f 2087/1756/1830 2077/1747/1821 2058/1728/1811
f 2086/1758/1831 2078/1765/1836 2087/1756/1830
f 2061/1742/1819 2076/1749/1823 2080/1751/1825
f 2088/1760/1832 2079/1748/1822 2086/1758/1831
f 2070/1766/1837 2083/1752/1826 2082/1754/1828
f 2089/1763/1835 2084/1755/1829 2090/1761/1833
f 2061/1742/1819 2083/1752/1826 2069/1737/1817
f 2088/1760/1832 2084/1755/1829 2081/1750/1824
f 2067/1767/1838 2092/1768/1839 2057/1769/1840
f 2064/1770/1841 2093/1771/1842 2094/1772/1843
f 2057/1730/89 2095/1773/89 2058/1728/89
f 2058/1728/1811 2096/1774/1844 2087/1756/1830
f 2087/1756/89 2096/1774/89 2063/1775/89
f 2095/1776/1845 2098/1777/1846 2096/1778/1844
f 2064/1779/1841 2099/1780/1847 2072/1781/1848
f 2100/1782/1849 2067/1783/1838 2073/1781/1850
f 2072/1781/1851 2101/1784/1852 2074/1785/1853
f 2073/1781/1854 2102/1784/1855 2100/1782/1856
f 2100/1786/1849 2092/1768/1839 2091/1772/1857
f 2093/1771/1842 2099/1786/1858 2094/1772/1843
f 2057/1769/1840 2092/1768/1839 2095/1787/1859
f 2096/1788/89 2093/1771/89 2063/1769/89
f 2092/1768/1839 2097/1789/1860 2095/1787/1859
f 2098/1789/1861 2093/1771/1862 2096/1788/1863
f 2107/1790/1864 2093/1771/1862 2106/1791/1865
f 2098/1789/1861 2107/1792/1864 2106/1791/1865
f 2092/1768/1839 2109/1790/1866 2105/1791/1867
f 2109/1793/1866 2097/1789/1868 2105/1791/1867
f 2111/1794/1869 2112/1795/1870 2113/1796/1871
f 2114/1797/1872 2113/1796/1873 2115/1798/1874
f 2114/1797/1875 2115/1798/1876 2116/1799/1877
f 2112/1800/1870 2118/1801/1878 2113/1802/1871
f 2113/1803/1873 2119/1804/1879 2115/1805/1874
f 2119/1806/1880 2116/1807/1877 2115/1808/1876
f 2117/1809/1881 2122/1810/1882 2118/1801/1878
f 2119/1804/1879 2122/1811/89 2123/1812/89
f 2123/1813/1883 2120/1814/1884 2119/1806/1880
f 2116/1807/63 2124/1815/1885 2114/1816/63
f 2121/1817/1886 2112/1800/92 2111/1818/92
f 2126/1728/1887 2128/1729/856 2125/1730/1812
f 2127/1731/1888 2130/1732/1889 2128/1729/856
f 2131/1733/1815 2133/1734/1816 2134/1735/686
f 2125/1733/1812 2130/1734/1889 2135/1736/92
f 2137/1737/1890 2139/1738/459 2136/1739/1891
f 2133/1734/1816 2132/1740/63 2140/1741/63
f 2135/1736/92 2130/1734/1889 2141/1741/92
f 2129/1742/1892 2136/1739/1891 2130/1732/1889
f 2140/1743/63 2143/1744/1820 2133/1745/1816
f 2141/1743/92 2136/1744/1891 2139/1746/459
f 2145/1747/1893 2147/1748/1894 2144/1749/1895
f 2144/1749/1895 2149/1750/1896 2148/1751/1897
f 2151/1752/1898 2153/1753/1899 2150/1754/1900
f 2148/1751/1897 2152/1755/1901 2151/1752/1898
f 2155/1756/1902 2134/1757/686 2154/1758/1903
f 2154/1758/1903 2133/1759/1816 2156/1760/1904
f 2158/1761/1905 2142/1762/1906 2157/1763/1907
f 2156/1760/1904 2143/1764/1820 2158/1761/1905
f 2127/1731/1888 2145/1747/1893 2144/1749/1895
f 2155/1756/1902 2145/1747/1893 2126/1728/1887
f 2154/1758/1903 2146/1765/1908 2155/1756/1902
f 2129/1742/1892 2144/1749/1895 2148/1751/1897
f 2156/1760/1904 2147/1748/1894 2154/1758/1903
f 2138/1766/1909 2151/1752/1898 2150/1754/1900
f 2157/1763/1907 2152/1755/1901 2158/1761/1905
f 2129/1742/1892 2151/1752/1898 2137/1737/1890
f 2156/1760/1904 2152/1755/1901 2149/1750/1896
f 2135/1767/1910 2160/1768/1911 2125/1769/1912
f 2132/1770/1913 2161/1771/1914 2162/1772/1915
f 2125/1730/89 2163/1773/89 2126/1728/89
f 2126/1728/1887 2164/1774/1916 2155/1756/1902
f 2155/1756/89 2164/1774/89 2131/1775/89
f 2163/1776/1917 2166/1777/1846 2164/1778/1916
f 2132/1779/1913 2167/1780/1918 2140/1781/1919
f 2168/1782/1920 2135/1783/1910 2141/1781/1921
f 2140/1781/1922 2169/1784/1923 2142/1785/1924
f 2141/1781/1925 2170/1784/1926 2168/1782/1927
f 2168/1786/1920 2160/1768/1911 2159/1772/1928
f 2161/1771/1914 2167/1786/1929 2162/1772/1915
f 2125/1769/1912 2160/1768/1911 2163/1787/1930
f 2164/1788/89 2161/1771/89 2131/1769/89
f 2160/1768/1911 2165/1789/1931 2163/1787/1930
f 2166/1789/1932 2161/1771/1933 2164/1788/1934
f 2175/1790/1935 2161/1771/1933 2174/1791/1936
f 2166/1789/1932 2175/1792/1935 2174/1791/1936
f 2160/1768/1911 2177/1790/1937 2173/1791/1938
f 2177/1793/1937 2165/1789/1939 2173/1791/1938
f 2179/1794/1940 2180/1795/1941 2181/1796/1942
f 2182/1797/1872 2181/1796/1943 2183/1798/1874
f 2182/1797/1944 2183/1798/1945 2184/1799/1946
f 2180/1800/1941 2186/1801/1947 2181/1802/1942
f 2181/1803/1943 2187/1804/1948 2183/1805/1874
f 2187/1806/1949 2184/1807/1946 2183/1808/1945
f 2185/1809/1950 2190/1810/1951 2186/1801/1947
f 2186/1819/1879 2191/1812/89 2187/1804/1948
f 2191/1813/1952 2188/1814/1953 2187/1806/1949
f 2184/1807/63 2192/1815/1954 2182/1816/63
f 2189/1817/1955 2180/1800/92 2179/1818/92
f 2193/1820/1956 2195/1821/1957 2196/1822/1958
f 2197/1823/1959 2195/1821/1957 2194/1824/1960
f 2197/1823/1959 2200/1825/1961 2198/1826/1962
f 2201/1827/1963 2200/1825/1961 2199/1828/1964
f 2201/1827/1963 2204/1829/1965 2202/1830/1966
f 2203/1831/1967 2206/1832/1968 2204/1829/1965
f 2207/1833/1969 2206/1832/1968 2205/1834/1970
f 2193/1820/1956 2208/1835/1971 2207/1833/1969
f 2196/1836/1958 2209/1837/1972 2210/1838/1973
f 2198/1839/1962 2209/1837/1972 2195/1840/1957
f 2198/1839/1962 2212/1841/1974 2211/1842/1975
f 2202/1843/1966 2212/1841/1974 2200/1844/1961
f 2202/1843/1966 2214/1845/1976 2213/1846/1977
f 2204/1847/1965 2215/1848/1978 2214/1845/1976
f 2208/1849/1971 2215/1848/1978 2206/1850/1968
f 2196/1851/1958 2216/1852/1979 2208/1849/1971
f 2217/1853/1980 2210/1854/1973 2209/1855/1972
f 2219/1856/1981 2209/1855/1972 2211/1857/1975
f 2220/1858/1982 2211/1857/1975 2212/1859/1974
f 2221/1860/1983 2212/1859/1974 2213/1861/1977
f 2222/1862/1984 2213/1861/1977 2214/1863/1976
f 2223/1860/1985 2214/1863/1976 2215/1861/1978
f 2224/1858/1986 2215/1861/1978 2216/1859/1979
f 2218/1864/1987 2216/1859/1979 2210/1854/1973
f 2218/1865/1987 2225/1866/1988 2226/1867/1989
f 2217/1868/1980 2227/1869/1990 2225/1866/1988
f 2220/1870/1982 2227/1869/1990 2219/1871/1981
f 2221/1872/1983 2228/1873/1991 2220/1870/1982
f 2222/1874/1984 2229/1875/1992 2221/1872/1983
f 2223/1876/1985 2230/1877/1993 2222/1874/1984
f 2223/1876/1985 2232/1878/1994 2231/1879/1995
f 2224/1880/1986 2226/1867/1989 2232/1878/1994
f 2226/1867/1989 2233/1881/1996 2234/1882/1997
f 2227/1869/1990 2233/1881/1996 2225/1866/1988
f 2228/1873/1991 2235/1883/1998 2227/1869/1990
f 2229/1875/1992 2236/1884/1999 2228/1873/1991
f 2230/1877/1993 2237/1885/2000 2229/1875/1992
f 2231/1879/1995 2238/1886/2001 2230/1877/1993
f 2231/1879/1995 2240/1887/2002 2239/1888/2003
f 2232/1878/1994 2234/1882/1997 2240/1887/2002
f 2194/1824/1960 2193/1820/1956 2241/1889/81
f 2197/1823/1959 2194/1824/1960 2241/1889/81
f 2199/1828/1964 2197/1823/1959 2241/1889/81
f 2201/1827/1963 2199/1828/1964 2241/1889/81
f 2203/1831/1967 2201/1827/1963 2241/1889/81
f 2205/1834/1970 2203/1831/1967 2241/1889/81
f 2207/1833/1969 2205/1834/1970 2241/1889/81
f 2193/1820/1956 2207/1833/1969 2241/1889/81
f 2234/1882/1997 2233/1881/1996 2242/1890/89
f 2233/1881/1996 2235/1883/1998 2242/1890/89
f 2235/1883/1998 2236/1884/1999 2242/1890/89
f 2236/1884/1999 2237/1885/2000 2242/1890/89
f 2237/1885/2000 2238/1886/2001 2242/1890/89
f 2238/1886/2001 2239/1888/2003 2242/1890/89
f 2239/1888/2003 2240/1887/2002 2242/1890/89
f 2240/1887/2002 2234/1882/1997 2242/1890/89
f 2243/1891/458 2245/1892/458 2246/1893/458
f 2247/1891/2004 2249/1892/2004 2250/1893/2004
f 2251/1891/2005 2253/1892/2005 2254/1893/2005
f 2256/403/438 2258/404/439 2255/405/440
f 2259/406/441 2257/407/442 2256/403/438
f 2261/408/443 2260/409/444 2259/410/441
f 2263/411/445 2262/412/2006 2261/408/443
f 2265/413/447 2264/414/448 2263/411/445
f 2267/415/449 2266/416/450 2265/413/447
f 2269/406/451 2268/417/452 2267/415/449
f 2271/408/453 2270/409/454 2269/410/451
f 2273/418/455 2272/419/2007 2271/408/453
f 2255/405/440 2274/414/457 2273/418/455
f 2256/420/438 2255/421/440 2275/422/81
f 2259/423/441 2256/420/438 2275/422/81
f 2261/424/443 2259/423/441 2275/422/81
f 2263/425/445 2261/424/443 2275/422/81
f 2265/426/447 2263/425/445 2275/422/81
f 2267/427/449 2265/426/447 2275/422/81
f 2269/428/451 2267/427/449 2275/422/81
f 2271/429/453 2269/428/451 2275/422/81
f 2273/430/455 2271/429/453 2275/422/81
f 2255/421/440 2273/430/455 2275/422/81
f 2258/431/439 2257/432/442 2276/433/89
f 2257/432/442 2260/434/444 2276/433/89
f 2260/434/444 2262/435/2006 2276/433/89
f 2262/435/2006 2264/436/448 2276/433/89
f 2264/436/448 2266/437/450 2276/433/89
f 2266/437/450 2268/438/452 2276/433/89
f 2268/438/452 2270/439/454 2276/433/89
f 2270/439/454 2272/440/2007 2276/433/89
f 2272/440/2007 2274/441/457 2276/433/89
f 2274/441/457 2258/431/439 2276/433/89
f 2277/489/471 2279/490/472 2280/491/473
f 2282/492/2008 2277/489/471 2281/493/2009
f 2284/511/2010 2281/493/2009 2283/494/2011
f 2286/495/477 2283/494/2011 2285/496/478
f 2288/497/2012 2285/496/478 2287/498/2013
f 2289/500/2014 2288/497/2012 2287/498/2013
f 2292/503/2015 2289/500/2014 2291/501/2016
f 2293/502/2017 2292/503/2015 2291/501/2016
f 2295/504/2018 2294/505/487 2293/502/2017
f 2280/506/473 2296/507/488 2295/504/2018
f 2279/490/472 2297/508/2019 2298/509/2020
f 2282/492/2008 2297/508/2019 2278/510/491
f 2284/511/2010 2299/512/493 2282/492/2008
f 2284/511/2010 2301/513/2021 2300/514/495
f 2288/497/2012 2301/513/2021 2286/495/477
f 2288/497/2012 2303/515/496 2302/516/2022
f 2292/503/2015 2303/515/496 2290/499/2023
f 2292/503/2015 2305/517/498 2304/518/499
f 2296/507/488 2305/517/498 2294/505/487
f 2296/507/488 2298/519/2020 2306/520/500
f 2298/509/2020 2307/521/501 2308/522/502
f 2299/512/493 2307/521/501 2297/508/2019
f 2300/514/495 2309/523/503 2299/512/493
f 2301/513/2021 2310/524/504 2300/514/495
f 2302/516/2022 2311/525/505 2301/513/2021
f 2302/516/2022 2313/526/506 2312/527/507
f 2304/518/499 2313/526/506 2303/515/496
f 2304/518/499 2315/528/508 2314/529/509
f 2305/517/498 2316/530/2024 2315/528/508
f 2306/520/500 2308/531/502 2316/530/2024
f 2308/522/502 2307/521/501 2317/532/511
f 2307/521/501 2309/523/503 2317/532/511
f 2309/523/503 2310/524/504 2317/532/511
f 2310/524/504 2311/525/505 2317/532/511
f 2311/525/505 2312/527/507 2317/532/511
f 2312/527/507 2313/526/506 2317/532/511
f 2313/526/506 2314/529/509 2317/532/511
f 2314/529/509 2315/528/508 2317/532/511
f 2315/528/508 2316/530/2024 2317/532/511
f 2316/530/2024 2308/531/502 2317/532/511
f 2319/533/512 2280/491/473 2318/534/513
f 2320/535/514 2277/489/471 2319/533/512
f 2321/537/516 2281/493/2009 2320/535/514
f 2322/536/515 2283/494/2011 2321/537/516
f 2323/538/517 2285/496/478 2322/536/515
f 2323/538/517 2289/500/2014 2287/498/2013
f 2324/539/518 2291/501/2016 2289/500/2014
f 2326/540/519 2291/501/2016 2325/541/520
f 2326/540/519 2295/504/2018 2293/502/2017
f 2327/542/521 2280/506/473 2295/504/2018
f 2329/403/438 2331/404/439 2328/405/440
f 2332/406/441 2330/407/442 2329/403/438
f 2334/408/443 2333/409/444 2332/410/441
f 2336/411/2025 2335/412/2026 2334/408/443
f 2338/413/2027 2337/414/448 2336/411/2025
f 2340/415/449 2339/416/450 2338/413/2027
f 2342/406/451 2341/417/2028 2340/415/449
f 2344/408/453 2343/409/454 2342/410/451
f 2346/418/2029 2345/419/456 2344/408/453
f 2328/405/440 2347/414/457 2346/418/2029
f 2329/420/438 2328/421/440 2348/422/81
f 2332/423/441 2329/420/438 2348/422/81
f 2334/424/443 2332/423/441 2348/422/81
f 2336/425/2025 2334/424/443 2348/422/81
f 2338/426/2027 2336/425/2025 2348/422/81
f 2340/427/449 2338/426/2027 2348/422/81
f 2342/428/451 2340/427/449 2348/422/81
f 2344/429/453 2342/428/451 2348/422/81
f 2346/430/2029 2344/429/453 2348/422/81
f 2328/421/440 2346/430/2029 2348/422/81
f 2331/431/439 2330/432/442 2349/433/89
f 2330/432/442 2333/434/444 2349/433/89
f 2333/434/444 2335/435/2026 2349/433/89
f 2335/435/2026 2337/436/448 2349/433/89
f 2337/436/448 2339/437/450 2349/433/89
f 2339/437/450 2341/438/2028 2349/433/89
f 2341/438/2028 2343/439/454 2349/433/89
f 2343/439/454 2345/440/456 2349/433/89
f 2345/440/456 2347/441/457 2349/433/89
f 2347/441/457 2331/431/439 2349/433/89
f 2351/403/2030 2353/404/439 2350/405/440
f 2354/406/441 2352/407/442 2351/403/2030
f 2356/408/443 2355/409/444 2354/410/441
f 2358/411/445 2357/412/2006 2356/408/443
f 2360/413/2027 2359/414/448 2358/411/445
f 2362/415/449 2361/416/450 2360/413/2027
f 2364/406/451 2363/417/452 2362/415/449
f 2366/408/453 2365/409/454 2364/410/451
f 2368/418/2029 2367/419/456 2366/408/453
f 2350/405/440 2369/414/457 2368/418/2029
f 2351/420/2030 2350/421/440 2370/422/81
f 2354/423/441 2351/420/2030 2370/422/81
f 2356/424/443 2354/423/441 2370/422/81
f 2358/425/445 2356/424/443 2370/422/81
f 2360/426/2027 2358/425/445 2370/422/81
f 2362/427/449 2360/426/2027 2370/422/81
f 2364/428/451 2362/427/449 2370/422/81
f 2366/429/453 2364/428/451 2370/422/81
f 2368/430/2029 2366/429/453 2370/422/81
f 2350/421/440 2368/430/2029 2370/422/81
f 2353/431/439 2352/432/442 2371/433/89
f 2352/432/442 2355/434/444 2371/433/89
f 2355/434/444 2357/435/2006 2371/433/89
f 2357/435/2006 2359/436/448 2371/433/89
f 2359/436/448 2361/437/450 2371/433/89
f 2361/437/450 2363/438/452 2371/433/89
f 2363/438/452 2365/439/454 2371/433/89
f 2365/439/454 2367/440/456 2371/433/89
f 2367/440/456 2369/441/457 2371/433/89
f 2369/441/457 2353/431/439 2371/433/89
f 2373/1894/2031 2375/1895/2032 2372/1896/2033
f 2376/1897/2034 2374/1898/2035 2373/1894/2031
f 2378/1899/2036 2377/1900/2037 2376/1897/2034
f 2380/1901/2038 2379/1902/2039 2378/1899/2036
f 2382/1896/2040 2381/1903/2041 2380/1904/2038
f 2384/1905/2042 2383/1895/2043 2382/1896/2040
f 2386/1897/2044 2385/1898/2045 2384/1905/2042
f 2388/1899/2046 2387/1906/2047 2386/1897/2044
f 2390/1901/2048 2389/1907/2049 2388/1899/2046
f 2372/1896/2033 2391/1903/2050 2390/1904/2048
f 2373/1908/2031 2372/1909/2033 2392/1910/81
f 2376/1911/2034 2373/1908/2031 2392/1910/81
f 2378/1912/2036 2376/1911/2034 2392/1910/81
f 2380/1913/2038 2378/1912/2036 2392/1910/81
f 2382/1914/2040 2380/1913/2038 2392/1910/81
f 2384/1915/2042 2382/1914/2040 2392/1910/81
f 2386/1916/2044 2384/1915/2042 2392/1910/81
f 2388/1917/2046 2386/1916/2044 2392/1910/81
f 2390/1918/2048 2388/1917/2046 2392/1910/81
f 2372/1909/2033 2390/1918/2048 2392/1910/81
f 2375/1919/2032 2374/1920/2035 2393/1921/89
f 2374/1920/2035 2377/1922/2037 2393/1921/89
f 2377/1922/2037 2379/1923/2039 2393/1921/89
f 2379/1923/2039 2381/1924/2041 2393/1921/89
f 2381/1924/2041 2383/1925/2043 2393/1921/89
f 2383/1925/2043 2385/1926/2045 2393/1921/89
f 2385/1926/2045 2387/1927/2047 2393/1921/89
f 2387/1927/2047 2389/1928/2049 2393/1921/89
f 2389/1928/2049 2391/1929/2050 2393/1921/89
f 2391/1929/2050 2375/1919/2032 2393/1921/89
f 2395/1930/2051 2397/1931/2052 2394/1932/2052
f 2398/1933/2053 2396/1934/2051 2395/1930/2051
f 2400/1935/2054 2399/1936/2053 2398/1933/2053
f 2402/1937/2055 2401/1938/2054 2400/1935/2054
f 2404/1939/2056 2403/1940/2055 2402/1937/2055
f 2406/1941/63 2405/1942/2056 2404/1943/2056
f 2394/1932/2052 2407/1944/63 2406/1941/63
f 2409/1930/2051 2411/1931/2052 2408/1932/2052
f 2412/1933/2053 2410/1934/2051 2409/1930/2051
f 2414/1935/2054 2413/1936/2053 2412/1933/2053
f 2416/1937/2055 2415/1938/2054 2414/1935/2054
f 2418/1939/2056 2417/1940/2055 2416/1937/2055
f 2420/1941/63 2419/1942/2056 2418/1943/2056
f 2408/1932/2052 2421/1944/63 2420/1941/63
f 2423/1930/2051 2425/1931/2052 2422/1932/2052
f 2426/1933/2053 2424/1934/2051 2423/1930/2051
f 2428/1935/2054 2427/1936/2053 2426/1933/2053
f 2430/1937/2055 2429/1938/2054 2428/1935/2054
f 2432/1939/2056 2431/1940/2055 2430/1937/2055
f 2434/1941/63 2433/1942/2056 2432/1943/2056
f 2422/1932/2052 2435/1944/63 2434/1941/63
f 2437/1930/2051 2439/1931/2052 2436/1932/2052
f 2440/1933/2053 2438/1934/2051 2437/1930/2051
f 2442/1935/2054 2441/1936/2053 2440/1933/2053
f 2444/1937/2055 2443/1938/2054 2442/1935/2054
f 2446/1939/2056 2445/1940/2055 2444/1937/2055
f 2448/1941/63 2447/1942/2056 2446/1943/2056
f 2436/1932/2052 2449/1944/63 2448/1941/63
f 2451/1930/2051 2453/1931/2052 2450/1932/2052
f 2454/1933/2053 2452/1934/2051 2451/1930/2051
f 2456/1935/2054 2455/1936/2053 2454/1933/2053
f 2458/1937/2055 2457/1938/2054 2456/1935/2054
f 2460/1939/2056 2459/1940/2055 2458/1937/2055
f 2462/1941/63 2461/1942/2056 2460/1943/2056
f 2450/1932/2052 2463/1944/63 2462/1941/63
f 2465/1930/2051 2467/1931/2052 2464/1932/2052
f 2468/1933/2053 2466/1934/2051 2465/1930/2051
f 2470/1935/2054 2469/1936/2053 2468/1933/2053
f 2472/1937/2055 2471/1938/2054 2470/1935/2054
f 2474/1939/2056 2473/1940/2055 2472/1937/2055
f 2476/1941/63 2475/1942/2056 2474/1943/2056
f 2464/1932/2052 2477/1944/63 2476/1941/63
f 2479/1930/2051 2481/1931/2052 2478/1932/2052
f 2482/1933/2053 2480/1934/2051 2479/1930/2051
f 2484/1935/2054 2483/1936/2053 2482/1933/2053
f 2486/1937/2055 2485/1938/2054 2484/1935/2054
f 2488/1939/2056 2487/1940/2055 2486/1937/2055
f 2490/1941/63 2489/1942/2056 2488/1943/2056
f 2478/1932/2052 2491/1944/63 2490/1941/63
f 2493/1930/2051 2495/1931/2052 2492/1932/2052
f 2496/1933/2053 2494/1934/2051 2493/1930/2051
f 2498/1935/2054 2497/1936/2053 2496/1933/2053
f 2500/1937/2055 2499/1938/2054 2498/1935/2054
f 2502/1939/2056 2501/1940/2055 2500/1937/2055
f 2504/1941/63 2503/1942/2056 2502/1943/2056
f 2492/1932/2052 2505/1944/63 2504/1941/63
f 2507/1930/2051 2509/1931/2052 2506/1932/2052
f 2510/1933/2053 2508/1934/2051 2507/1930/2051
f 2512/1935/2054 2511/1936/2053 2510/1933/2053
f 2514/1937/2055 2513/1938/2054 2512/1935/2054
f 2516/1939/2056 2515/1940/2055 2514/1937/2055
f 2518/1941/63 2517/1942/2056 2516/1943/2056
f 2506/1932/2052 2519/1944/63 2518/1941/63
f 2521/1930/2051 2523/1931/2052 2520/1932/2052
f 2524/1933/2053 2522/1934/2051 2521/1930/2051
f 2526/1935/2054 2525/1936/2053 2524/1933/2053
f 2528/1937/2055 2527/1938/2054 2526/1935/2054
f 2530/1939/2056 2529/1940/2055 2528/1937/2055
f 2532/1941/63 2531/1942/2056 2530/1943/2056
f 2520/1932/2052 2533/1944/63 2532/1941/63
f 2535/1930/2051 2537/1931/2052 2534/1932/2052
f 2538/1933/2053 2536/1934/2051 2535/1930/2051
f 2540/1935/2054 2539/1936/2053 2538/1933/2053
f 2542/1937/2055 2541/1938/2054 2540/1935/2054
f 2544/1939/2056 2543/1940/2055 2542/1937/2055
f 2546/1941/63 2545/1942/2056 2544/1943/2056
f 2534/1932/2052 2547/1944/63 2546/1941/63
f 2549/1930/2051 2551/1931/2052 2548/1932/2052
f 2552/1933/2053 2550/1934/2051 2549/1930/2051
f 2554/1935/2054 2553/1936/2053 2552/1933/2053
f 2556/1937/2055 2555/1938/2054 2554/1935/2054
f 2558/1939/2056 2557/1940/2055 2556/1937/2055
f 2560/1941/63 2559/1942/2056 2558/1943/2056
f 2548/1932/2052 2561/1944/63 2560/1941/63
f 2563/1930/2051 2565/1931/2052 2562/1932/2052
f 2566/1933/2053 2564/1934/2051 2563/1930/2051
f 2568/1935/2054 2567/1936/2053 2566/1933/2053
f 2570/1937/2055 2569/1938/2054 2568/1935/2054
f 2572/1939/2056 2571/1940/2055 2570/1937/2055
f 2574/1941/63 2573/1942/2056 2572/1943/2056
f 2562/1932/2052 2575/1944/63 2574/1941/63
f 2577/1930/2051 2579/1931/2052 2576/1932/2052
f 2580/1933/2053 2578/1934/2051 2577/1930/2051
f 2582/1935/2054 2581/1936/2053 2580/1933/2053
f 2584/1937/2055 2583/1938/2054 2582/1935/2054
f 2586/1939/2056 2585/1940/2055 2584/1937/2055
f 2588/1941/63 2587/1942/2056 2586/1943/2056
f 2576/1932/2052 2589/1944/63 2588/1941/63
f 2591/1930/2051 2593/1931/2052 2590/1932/2052
f 2594/1933/2053 2592/1934/2051 2591/1930/2051
f 2596/1935/2054 2595/1936/2053 2594/1933/2053
f 2598/1937/2055 2597/1938/2054 2596/1935/2054
f 2600/1939/2056 2599/1940/2055 2598/1937/2055
f 2602/1941/63 2601/1942/2056 2600/1943/2056
f 2590/1932/2052 2603/1944/63 2602/1941/63
f 2605/1930/2051 2607/1931/2052 2604/1932/2052
f 2608/1933/2053 2606/1934/2051 2605/1930/2051
f 2610/1935/2054 2609/1936/2053 2608/1933/2053
f 2612/1937/2055 2611/1938/2054 2610/1935/2054
f 2614/1939/2056 2613/1940/2055 2612/1937/2055
f 2616/1941/63 2615/1942/2056 2614/1943/2056
f 2604/1932/2052 2617/1944/63 2616/1941/63
f 2619/1930/2051 2621/1931/2052 2618/1932/2052
f 2622/1933/2053 2620/1934/2051 2619/1930/2051
f 2624/1935/2054 2623/1936/2053 2622/1933/2053
f 2626/1937/2055 2625/1938/2054 2624/1935/2054
f 2628/1939/2056 2627/1940/2055 2626/1937/2055
f 2630/1941/63 2629/1942/2056 2628/1943/2056
f 2618/1932/2052 2631/1944/63 2630/1941/63
f 2633/1930/2051 2635/1931/2052 2632/1932/2052
f 2636/1933/2053 2634/1934/2051 2633/1930/2051
f 2638/1935/2054 2637/1936/2053 2636/1933/2053
f 2640/1937/2055 2639/1938/2054 2638/1935/2054
f 2642/1939/2056 2641/1940/2055 2640/1937/2055
f 2644/1941/63 2643/1942/2056 2642/1943/2056
f 2632/1932/2052 2645/1944/63 2644/1941/63
f 2647/1930/2051 2649/1931/2052 2646/1932/2052
f 2650/1933/2053 2648/1934/2051 2647/1930/2051
f 2652/1935/2054 2651/1936/2053 2650/1933/2053
f 2654/1937/2055 2653/1938/2054 2652/1935/2054
f 2656/1939/2056 2655/1940/2055 2654/1937/2055
f 2658/1941/63 2657/1942/2056 2656/1943/2056
f 2646/1932/2052 2659/1944/63 2658/1941/63
f 2661/1930/2051 2663/1931/2052 2660/1932/2052
f 2664/1933/2053 2662/1934/2051 2661/1930/2051
f 2666/1935/2054 2665/1936/2053 2664/1933/2053
f 2668/1937/2055 2667/1938/2054 2666/1935/2054
f 2670/1939/2056 2669/1940/2055 2668/1937/2055
f 2672/1941/63 2671/1942/2056 2670/1943/2056
f 2660/1932/2052 2673/1944/63 2672/1941/63
f 2675/1930/2051 2677/1931/2052 2674/1932/2052
f 2678/1933/2053 2676/1934/2051 2675/1930/2051
f 2680/1935/2054 2679/1936/2053 2678/1933/2053
f 2682/1937/2055 2681/1938/2054 2680/1935/2054
f 2684/1939/2056 2683/1940/2055 2682/1937/2055
f 2686/1941/63 2685/1942/2056 2684/1943/2056
f 2674/1932/2052 2687/1944/63 2686/1941/63
f 2689/1894/2031 2691/1895/2032 2688/1896/2033
f 2692/1897/2057 2690/1898/2035 2689/1894/2031
f 2694/1899/2036 2693/1900/2037 2692/1897/2057
f 2696/1901/2038 2695/1902/2039 2694/1899/2036
f 2698/1896/2040 2697/1903/2058 2696/1904/2038
f 2700/1905/2042 2699/1895/2059 2698/1896/2040
f 2702/1897/2044 2701/1898/2045 2700/1905/2042
f 2704/1899/2046 2703/1906/2047 2702/1897/2044
f 2706/1901/2060 2705/1907/2049 2704/1899/2046
f 2688/1896/2033 2707/1903/2050 2706/1904/2060
f 2689/1908/2031 2688/1909/2033 2708/1910/81
f 2692/1911/2057 2689/1908/2031 2708/1910/81
f 2694/1912/2036 2692/1911/2057 2708/1910/81
f 2696/1913/2038 2694/1912/2036 2708/1910/81
f 2698/1914/2040 2696/1913/2038 2708/1910/81
f 2700/1915/2042 2698/1914/2040 2708/1910/81
f 2702/1916/2044 2700/1915/2042 2708/1910/81
f 2704/1917/2046 2702/1916/2044 2708/1910/81
f 2706/1918/2060 2704/1917/2046 2708/1910/81
f 2688/1909/2033 2706/1918/2060 2708/1910/81
f 2691/1919/2032 2690/1920/2035 2709/1921/89
f 2690/1920/2035 2693/1922/2037 2709/1921/89
f 2693/1922/2037 2695/1923/2039 2709/1921/89
f 2695/1923/2039 2697/1924/2058 2709/1921/89
f 2697/1924/2058 2699/1925/2059 2709/1921/89
f 2699/1925/2059 2701/1926/2045 2709/1921/89
f 2701/1926/2045 2703/1927/2047 2709/1921/89
f 2703/1927/2047 2705/1928/2049 2709/1921/89
f 2705/1928/2049 2707/1929/2050 2709/1921/89
f 2707/1929/2050 2691/1919/2032 2709/1921/89
f 2711/1930/2051 2713/1931/2052 2710/1932/2052
f 2714/1933/2053 2712/1934/2051 2711/1930/2051
f 2716/1935/2054 2715/1936/2053 2714/1933/2053
f 2718/1937/2055 2717/1938/2054 2716/1935/2054
f 2720/1939/2056 2719/1940/2055 2718/1937/2055
f 2722/1941/63 2721/1942/2056 2720/1943/2056
f 2710/1932/2052 2723/1944/63 2722/1941/63
f 2725/1930/2051 2727/1931/2052 2724/1932/2052
f 2728/1933/2053 2726/1934/2051 2725/1930/2051
f 2730/1935/2054 2729/1936/2053 2728/1933/2053
f 2732/1937/2055 2731/1938/2054 2730/1935/2054
f 2734/1939/2056 2733/1940/2055 2732/1937/2055
f 2736/1941/63 2735/1942/2056 2734/1943/2056
f 2724/1932/2052 2737/1944/63 2736/1941/63
f 2739/1930/2051 2741/1931/2052 2738/1932/2052
f 2742/1933/2053 2740/1934/2051 2739/1930/2051
f 2744/1935/2054 2743/1936/2053 2742/1933/2053
f 2746/1937/2055 2745/1938/2054 2744/1935/2054
f 2748/1939/2056 2747/1940/2055 2746/1937/2055
f 2750/1941/63 2749/1942/2056 2748/1943/2056
f 2738/1932/2052 2751/1944/63 2750/1941/63
f 2753/1930/2051 2755/1931/2052 2752/1932/2052
f 2756/1933/2053 2754/1934/2051 2753/1930/2051
f 2758/1935/2054 2757/1936/2053 2756/1933/2053
f 2760/1937/2055 2759/1938/2054 2758/1935/2054
f 2762/1939/2056 2761/1940/2055 2760/1937/2055
f 2764/1941/63 2763/1942/2056 2762/1943/2056
f 2752/1932/2052 2765/1944/63 2764/1941/63
f 2767/1930/2051 2769/1931/2052 2766/1932/2052
f 2770/1933/2053 2768/1934/2051 2767/1930/2051
f 2772/1935/2054 2771/1936/2053 2770/1933/2053
f 2774/1937/2055 2773/1938/2054 2772/1935/2054
f 2776/1939/2056 2775/1940/2055 2774/1937/2055
f 2778/1941/63 2777/1942/2056 2776/1943/2056
f 2766/1932/2052 2779/1944/63 2778/1941/63
f 2781/1930/2051 2783/1931/2052 2780/1932/2052
f 2784/1933/2053 2782/1934/2051 2781/1930/2051
f 2786/1935/2054 2785/1936/2053 2784/1933/2053
f 2788/1937/2055 2787/1938/2054 2786/1935/2054
f 2790/1939/2056 2789/1940/2055 2788/1937/2055
f 2792/1941/63 2791/1942/2056 2790/1943/2056
f 2780/1932/2052 2793/1944/63 2792/1941/63
f 2795/1930/2051 2797/1931/2052 2794/1932/2052
f 2798/1933/2053 2796/1934/2051 2795/1930/2051
f 2800/1935/2054 2799/1936/2053 2798/1933/2053
f 2802/1937/2055 2801/1938/2054 2800/1935/2054
f 2804/1939/2056 2803/1940/2055 2802/1937/2055
f 2806/1941/63 2805/1942/2056 2804/1943/2056
f 2794/1932/2052 2807/1944/63 2806/1941/63
f 2809/1930/2051 2811/1931/2052 2808/1932/2052
f 2812/1933/2053 2810/1934/2051 2809/1930/2051
f 2814/1935/2054 2813/1936/2053 2812/1933/2053
f 2816/1937/2055 2815/1938/2054 2814/1935/2054
f 2818/1939/2056 2817/1940/2055 2816/1937/2055
f 2820/1941/63 2819/1942/2056 2818/1943/2056
f 2808/1932/2052 2821/1944/63 2820/1941/63
f 2823/1930/2051 2825/1931/2052 2822/1932/2052
f 2826/1933/2053 2824/1934/2051 2823/1930/2051
f 2828/1935/2054 2827/1936/2053 2826/1933/2053
f 2830/1937/2055 2829/1938/2054 2828/1935/2054
f 2832/1939/2056 2831/1940/2055 2830/1937/2055
f 2834/1941/63 2833/1942/2056 2832/1943/2056
f 2822/1932/2052 2835/1944/63 2834/1941/63
f 2837/1930/2051 2839/1931/2052 2836/1932/2052
f 2840/1933/2053 2838/1934/2051 2837/1930/2051
f 2842/1935/2054 2841/1936/2053 2840/1933/2053
f 2844/1937/2055 2843/1938/2054 2842/1935/2054
f 2846/1939/2056 2845/1940/2055 2844/1937/2055
f 2848/1941/63 2847/1942/2056 2846/1943/2056
f 2836/1932/2052 2849/1944/63 2848/1941/63
f 2851/1930/2051 2853/1931/2052 2850/1932/2052
f 2854/1933/2053 2852/1934/2051 2851/1930/2051
f 2856/1935/2054 2855/1936/2053 2854/1933/2053
f 2858/1937/2055 2857/1938/2054 2856/1935/2054
f 2860/1939/2056 2859/1940/2055 2858/1937/2055
f 2862/1941/63 2861/1942/2056 2860/1943/2056
f 2850/1932/2052 2863/1944/63 2862/1941/63
f 2865/1930/2051 2867/1931/2052 2864/1932/2052
f 2868/1933/2053 2866/1934/2051 2865/1930/2051
f 2870/1935/2054 2869/1936/2053 2868/1933/2053
f 2872/1937/2055 2871/1938/2054 2870/1935/2054
f 2874/1939/2056 2873/1940/2055 2872/1937/2055
f 2876/1941/63 2875/1942/2056 2874/1943/2056
f 2864/1932/2052 2877/1944/63 2876/1941/63
f 2879/1930/2051 2881/1931/2052 2878/1932/2052
f 2882/1933/2053 2880/1934/2051 2879/1930/2051
f 2884/1935/2054 2883/1936/2053 2882/1933/2053
f 2886/1937/2055 2885/1938/2054 2884/1935/2054
f 2888/1939/2056 2887/1940/2055 2886/1937/2055
f 2890/1941/63 2889/1942/2056 2888/1943/2056
f 2878/1932/2052 2891/1944/63 2890/1941/63
f 2893/1930/2051 2895/1931/2052 2892/1932/2052
f 2896/1933/2053 2894/1934/2051 2893/1930/2051
f 2898/1935/2054 2897/1936/2053 2896/1933/2053
f 2900/1937/2055 2899/1938/2054 2898/1935/2054
f 2902/1939/2056 2901/1940/2055 2900/1937/2055
f 2904/1941/63 2903/1942/2056 2902/1943/2056
f 2892/1932/2052 2905/1944/63 2904/1941/63
f 2907/1930/2051 2909/1931/2052 2906/1932/2052
f 2910/1933/2053 2908/1934/2051 2907/1930/2051
f 2912/1935/2054 2911/1936/2053 2910/1933/2053
f 2914/1937/2055 2913/1938/2054 2912/1935/2054
f 2916/1939/2056 2915/1940/2055 2914/1937/2055
f 2918/1941/63 2917/1942/2056 2916/1943/2056
f 2906/1932/2052 2919/1944/63 2918/1941/63
f 2921/1930/2051 2923/1931/2052 2920/1932/2052
f 2924/1933/2053 2922/1934/2051 2921/1930/2051
f 2926/1935/2054 2925/1936/2053 2924/1933/2053
f 2928/1937/2055 2927/1938/2054 2926/1935/2054
f 2930/1939/2056 2929/1940/2055 2928/1937/2055
f 2932/1941/63 2931/1942/2056 2930/1943/2056
f 2920/1932/2052 2933/1944/63 2932/1941/63
f 2935/1930/2051 2937/1931/2052 2934/1932/2052
f 2938/1933/2053 2936/1934/2051 2935/1930/2051
f 2940/1935/2054 2939/1936/2053 2938/1933/2053
f 2942/1937/2055 2941/1938/2054 2940/1935/2054
f 2944/1939/2056 2943/1940/2055 2942/1937/2055
f 2946/1941/63 2945/1942/2056 2944/1943/2056
f 2934/1932/2052 2947/1944/63 2946/1941/63
f 2949/1930/2051 2951/1931/2052 2948/1932/2052
f 2952/1933/2053 2950/1934/2051 2949/1930/2051
f 2954/1935/2054 2953/1936/2053 2952/1933/2053
f 2956/1937/2055 2955/1938/2054 2954/1935/2054
f 2958/1939/2056 2957/1940/2055 2956/1937/2055
f 2960/1941/63 2959/1942/2056 2958/1943/2056
f 2948/1932/2052 2961/1944/63 2960/1941/63
f 2963/1930/2051 2965/1931/2052 2962/1932/2052
f 2966/1933/2053 2964/1934/2051 2963/1930/2051
f 2968/1935/2054 2967/1936/2053 2966/1933/2053
f 2970/1937/2055 2969/1938/2054 2968/1935/2054
f 2972/1939/2056 2971/1940/2055 2970/1937/2055
f 2974/1941/63 2973/1942/2056 2972/1943/2056
f 2962/1932/2052 2975/1944/63 2974/1941/63
f 2977/1930/2051 2979/1931/2052 2976/1932/2052
f 2980/1933/2053 2978/1934/2051 2977/1930/2051
f 2982/1935/2054 2981/1936/2053 2980/1933/2053
f 2984/1937/2055 2983/1938/2054 2982/1935/2054
f 2986/1939/2056 2985/1940/2055 2984/1937/2055
f 2988/1941/63 2987/1942/2056 2986/1943/2056
f 2976/1932/2052 2989/1944/63 2988/1941/63
f 2991/1930/2051 2993/1931/2052 2990/1932/2052
f 2994/1933/2053 2992/1934/2051 2991/1930/2051
f 2996/1935/2054 2995/1936/2053 2994/1933/2053
f 2998/1937/2055 2997/1938/2054 2996/1935/2054
f 3000/1939/2056 2999/1940/2055 2998/1937/2055
f 3002/1941/63 3001/1942/2056 3000/1943/2056
f 2990/1932/2052 3003/1944/63 3002/1941/63
f 3004/1820/1956 3006/1821/1957 3007/1822/1958
f 3008/1823/2061 3006/1821/1957 3005/1824/1960
f 3008/1823/2061 3011/1825/2062 3009/1826/1962
f 3010/1828/2063 3013/1830/2064 3011/1825/2062
f 3014/1831/2065 3013/1830/2064 3012/1827/2066
f 3014/1831/2065 3017/1832/2067 3015/1829/2068
f 3018/1833/2069 3017/1832/2067 3016/1834/1970
f 3004/1820/1956 3019/1835/1971 3018/1833/2069
f 3007/1836/1958 3020/1837/1972 3021/1838/2070
f 3009/1839/1962 3020/1837/1972 3006/1840/1957
f 3009/1839/1962 3023/1841/1974 3022/1842/1975
f 3013/1843/2064 3023/1841/1974 3011/1844/2062
f 3015/1847/2068 3024/1846/1977 3013/1843/2064
f 3017/1850/2067 3025/1845/2071 3015/1847/2068
f 3019/1849/1971 3026/1848/2072 3017/1850/2067
f 3007/1851/1958 3027/1852/1979 3019/1849/1971
f 3028/1853/2073 3021/1854/2070 3020/1855/1972
f 3030/1856/2074 3020/1855/1972 3022/1857/1975
f 3031/1858/2075 3022/1857/1975 3023/1859/1974
f 3032/1860/1983 3023/1859/1974 3024/1861/1977
f 3033/1862/2076 3024/1861/1977 3025/1863/2071
f 3034/1860/2077 3025/1863/2071 3026/1861/2072
f 3035/1858/2078 3026/1861/2072 3027/1859/1979
f 3029/1864/1987 3027/1859/1979 3021/1854/2070
f 3029/1865/1987 3036/1866/2079 3037/1867/2080
f 3030/1871/2074 3036/1866/2079 3028/1868/2073
f 3031/1870/2075 3038/1869/2081 3030/1871/2074
f 3031/1870/2075 3040/1875/2082 3039/1873/2083
f 3032/1872/1983 3041/1877/2084 3040/1875/2082
f 3034/1876/2077 3041/1877/2084 3033/1874/2076
f 3035/1880/2078 3042/1879/2085 3034/1876/2077
f 3035/1880/2078 3037/1867/2080 3043/1878/2086
f 3037/1867/2080 3044/1881/1996 3045/1882/2087
f 3038/1869/2081 3044/1881/1996 3036/1866/2079
f 3039/1873/2083 3046/1883/1998 3038/1869/2081
f 3040/1875/2082 3047/1884/1999 3039/1873/2083
f 3041/1877/2084 3048/1885/2000 3040/1875/2082
f 3041/1877/2084 3050/1888/2088 3049/1886/2089
f 3042/1879/2085 3051/1887/2090 3050/1888/2088
f 3037/1867/2080 3051/1887/2090 3043/1878/2086
f 3005/1824/1960 3004/1820/1956 3052/1889/81
f 3008/1823/2061 3005/1824/1960 3052/1889/81
f 3010/1828/2063 3008/1823/2061 3052/1889/81
f 3012/1827/2066 3010/1828/2063 3052/1889/81
f 3014/1831/2065 3012/1827/2066 3052/1889/81
f 3016/1834/1970 3014/1831/2065 3052/1889/81
f 3018/1833/2069 3016/1834/1970 3052/1889/81
f 3004/1820/1956 3018/1833/2069 3052/1889/81
f 3045/1882/2087 3044/1881/1996 3053/1890/89
f 3044/1881/1996 3046/1883/1998 3053/1890/89
f 3046/1883/1998 3047/1884/1999 3053/1890/89
f 3047/1884/1999 3048/1885/2000 3053/1890/89
f 3048/1885/2000 3049/1886/2089 3053/1890/89
f 3049/1886/2089 3050/1888/2088 3053/1890/89
f 3050/1888/2088 3051/1887/2090 3053/1890/89
f 3051/1887/2090 3045/1882/2087 3053/1890/89
f 3054/1891/458 3056/1892/458 3057/1893/458
f 3058/1891/2004 3060/1892/2004 3061/1893/2004
f 3062/1891/2005 3064/1892/2005 3065/1893/2005
f 1/1/1 2/5/5 3/2/2
f 5/4/4 6/7/7 3/2/2
f 7/6/6 8/9/9 6/7/7
f 9/8/8 10/11/11 8/9/9
f 9/8/8 11/12/12 12/10/10
f 11/12/12 13/15/15 14/13/13
f 15/14/14 16/17/17 14/13/13
f 17/16/16 18/19/19 16/17/17
f 19/18/18 20/20/20 18/19/19
f 19/18/18 1/1/1 4/3/3
f 3/21/2 21/25/22 22/22/21
f 6/24/7 23/27/23 21/25/22
f 8/26/9 24/29/24 23/27/23
f 10/28/11 25/30/25 24/29/24
f 12/29/10 26/26/26 25/28/25
f 14/27/13 27/24/27 26/26/26
f 16/25/17 28/21/28 27/24/27
f 18/22/19 29/32/29 28/21/28
f 20/31/20 30/1945/30 29/32/29
f 4/23/3 22/22/21 30/33/30
f 21/35/22 31/38/32 32/16/31
f 23/37/23 33/40/34 31/38/32
f 23/37/23 24/41/24 34/39/33
f 24/41/24 25/44/25 35/42/35
f 26/43/26 36/46/36 35/42/35
f 27/45/27 37/4/37 36/46/36
f 28/47/28 38/5/39 37/4/37
f 28/47/28 29/3/29 39/48/38
f 29/3/29 30/20/30 40/49/40
f 22/36/21 32/16/31 40/49/40
f 41/50/41 42/51/42 2/5/5
f 42/51/42 43/53/44 5/4/4
f 44/52/43 7/6/6 5/4/4
f 45/54/45 9/8/8 7/6/6
f 45/54/45 46/55/46 11/12/12
f 46/55/46 47/57/48 13/15/15
f 48/56/47 15/14/14 13/15/15
f 49/58/49 17/16/16 15/14/14
f 50/59/50 19/18/18 17/16/16
f 50/59/50 41/50/41 1/1/1
f 52/60/51 32/16/31 31/38/32
f 51/61/52 31/38/32 33/40/34
f 54/55/54 53/62/53 33/40/34
f 55/63/55 54/55/54 34/39/33
f 55/63/55 35/42/35 36/46/36
f 56/52/56 36/46/36 37/4/37
f 58/64/58 57/53/57 37/4/37
f 59/65/59 58/64/58 38/5/39
f 60/66/60 59/65/59 39/48/38
f 60/66/60 40/49/40 32/16/31
f 72/78/72 73/81/73 62/79/62
f 73/81/73 74/83/74 64/82/64
f 74/83/74 75/85/75 65/84/65
f 75/85/75 76/119/77 66/86/66
f 77/87/76 67/91/67 66/88/66
f 78/90/78 68/93/68 67/91/67
f 79/92/79 69/95/69 68/93/68
f 80/94/80 70/97/70 69/95/69
f 81/96/81 71/98/71 70/97/70
f 81/96/81 72/78/72 61/80/61
f 75/99/75 82/103/84 83/100/82
f 84/102/83 85/1946/87 82/103/84
f 76/101/77 83/100/82 86/104/85
f 87/106/86 88/107/73 73/81/73
f 88/107/73 89/108/74 74/83/74
f 89/108/74 84/120/83 75/85/75
f 85/109/87 90/111/89 83/100/82
f 91/110/88 86/104/85 83/100/82
f 93/112/78 78/90/78 77/87/76
f 94/114/79 79/92/79 78/90/78
f 95/115/80 80/94/80 79/92/79
f 96/116/81 81/96/81 80/94/80
f 96/116/81 87/106/86 72/78/72
f 92/117/90 77/105/76 86/104/85
f 108/78/72 97/80/91 99/79/93
f 109/81/73 99/79/93 100/82/94
f 110/83/74 100/82/94 101/84/95
f 111/85/102 101/84/95 102/86/96
f 102/88/96 103/91/97 113/87/104
f 103/91/97 104/93/98 114/90/78
f 104/93/98 105/95/99 115/92/79
f 105/95/99 106/97/100 116/94/80
f 106/97/100 107/98/101 117/96/81
f 117/96/81 107/98/101 97/80/91
f 118/100/105 119/103/106 111/99/102
f 119/103/106 120/1946/87 121/102/83
f 122/104/107 118/100/105 112/101/103
f 123/106/86 108/78/72 109/81/73
f 124/107/73 109/81/73 110/83/74
f 125/108/74 110/83/74 111/85/102
f 120/109/87 119/103/106 118/100/105
f 118/100/105 122/104/107 127/110/88
f 113/87/104 114/90/78 129/112/78
f 114/90/78 115/92/79 130/114/79
f 115/92/79 116/94/80 131/115/80
f 116/94/80 117/96/81 132/116/81
f 132/116/81 117/96/81 108/78/72
f 122/104/107 113/105/104 128/117/90
f 134/121/108 135/125/108 136/122/108
f 137/124/92 138/127/92 135/125/92
f 139/126/109 140/129/109 138/127/109
f 141/128/110 142/131/110 140/129/110
f 141/128/111 143/132/111 144/130/111
f 143/132/112 145/135/112 146/133/112
f 147/134/63 148/137/63 146/133/63
f 149/136/113 150/139/113 148/137/113
f 151/138/114 152/140/114 150/139/114
f 133/123/115 136/122/115 152/140/115
f 133/123/116 153/150/116 154/141/116
f 134/121/118 154/141/118 155/142/118
f 137/124/119 155/142/2091 156/143/119
f 141/128/120 139/126/120 156/143/120
f 141/128/122 157/144/122 158/145/122
f 143/132/124 158/145/124 159/146/124
f 147/134/126 145/135/126 159/146/126
f 149/136/127 147/134/2092 160/147/127
f 151/138/128 149/136/128 161/148/128
f 133/123/129 151/138/129 162/149/129
f 153/150/108 163/160/108 164/151/108
f 154/141/92 164/151/92 165/152/92
f 155/142/109 165/152/109 166/153/109
f 156/143/110 166/153/110 167/154/110
f 157/144/111 167/154/111 168/155/111
f 158/145/112 168/155/112 169/156/112
f 159/146/63 169/156/63 170/157/63
f 160/147/113 170/157/113 171/158/113
f 161/148/130 171/158/130 172/159/130
f 162/149/131 172/159/131 163/160/131
f 135/125/108 173/1947/108 174/161/108
f 176/162/92 177/1948/92 178/163/92
f 140/129/109 179/166/109 180/165/109
f 142/131/110 181/167/110 179/166/110
f 142/131/111 144/130/111 182/166/111
f 144/130/112 146/133/112 183/165/112
f 185/168/63 186/1949/63 187/169/63
f 150/139/113 188/172/113 189/171/113
f 152/140/114 190/173/114 188/172/114
f 136/122/115 174/161/115 190/173/115
f 148/174/132 185/168/132 184/170/132
f 189/176/81 186/1950/81 185/168/81
f 146/175/89 184/170/89 187/177/89
f 138/179/132 176/162/132 175/164/132
f 180/181/89 177/1951/89 176/162/89
f 135/180/81 175/164/81 178/182/81
f 191/184/133 192/190/138 193/185/134
f 195/187/136 191/184/133 194/186/135
f 197/189/137 198/1952/137 193/185/134
f 199/184/139 200/186/143 201/185/140
f 203/187/142 204/188/142 200/186/143
f 201/185/140 205/1952/137 206/189/137
f 207/191/144 208/194/147 209/192/145
f 208/194/147 211/196/149 212/195/148
f 211/196/149 213/198/151 214/197/150
f 213/198/151 215/200/153 216/199/152
f 215/200/153 217/203/156 218/201/154
f 219/202/155 220/1953/158 218/201/154
f 221/204/157 222/208/160 220/205/158
f 223/207/159 224/210/162 222/208/160
f 225/209/161 226/212/164 224/210/162
f 227/211/163 228/214/166 226/212/164
f 229/213/165 230/216/167 228/214/166
f 229/213/165 207/217/144 210/215/146
f 231/191/168 232/193/190 233/192/169
f 234/194/170 233/192/169 235/195/171
f 236/196/172 235/195/171 237/197/173
f 238/198/174 237/197/173 239/199/175
f 240/200/176 239/199/175 241/201/177
f 241/201/177 243/1953/180 244/202/179
f 243/205/180 245/208/182 246/204/181
f 245/208/182 247/210/184 248/207/183
f 247/210/184 249/212/186 250/209/185
f 249/212/186 251/214/188 252/211/187
f 251/214/188 253/216/2093 254/213/189
f 254/213/189 253/216/2093 232/215/190
f 255/1/1 256/5/5 257/2/2
f 259/4/4 260/7/191 257/2/2
f 261/6/6 262/9/9 260/7/191
f 263/8/8 264/11/11 262/9/9
f 263/8/8 265/12/12 266/10/10
f 265/12/12 267/15/193 268/13/192
f 267/15/193 269/14/195 270/17/194
f 271/16/16 272/19/19 270/17/194
f 273/18/18 274/20/20 272/19/19
f 273/18/18 255/1/1 258/3/3
f 257/21/2 275/25/22 276/22/21
f 260/24/191 277/27/23 275/25/22
f 262/26/9 278/29/196 277/27/23
f 264/28/11 279/30/25 278/29/196
f 266/29/10 280/26/26 279/28/25
f 268/27/192 281/24/27 280/26/26
f 270/25/194 282/21/28 281/24/27
f 272/22/19 283/32/29 282/21/28
f 274/31/20 284/1945/30 283/32/29
f 258/23/3 276/22/21 284/33/30
f 275/35/22 285/38/32 286/16/31
f 277/37/23 287/40/34 285/38/32
f 277/37/23 278/41/196 288/39/33
f 278/41/196 279/44/25 289/42/35
f 280/43/26 290/46/36 289/42/35
f 281/45/27 291/4/37 290/46/36
f 282/47/28 292/5/39 291/4/37
f 282/47/28 283/3/29 293/48/38
f 283/3/29 284/20/30 294/49/40
f 276/36/21 286/16/31 294/49/40
f 295/50/197 296/51/198 256/5/5
f 296/51/198 297/53/44 259/4/4
f 298/52/199 261/6/6 259/4/4
f 299/54/45 263/8/8 261/6/6
f 299/54/45 300/55/200 265/12/12
f 300/55/200 301/57/201 267/15/193
f 302/56/47 269/14/195 267/15/193
f 303/58/202 271/16/16 269/14/195
f 304/59/50 273/18/18 271/16/16
f 304/59/50 295/50/197 255/1/1
f 306/60/203 286/16/31 285/38/32
f 305/61/204 285/38/32 287/40/34
f 308/55/206 307/62/205 287/40/34
f 309/63/55 308/55/206 288/39/33
f 309/63/55 289/42/35 290/46/36
f 310/52/56 290/46/36 291/4/37
f 312/64/58 311/53/57 291/4/37
f 313/65/207 312/64/58 292/5/39
f 314/66/60 313/65/207 293/48/38
f 314/66/60 294/49/40 286/16/31
f 315/1/208 316/5/212 317/2/209
f 319/4/211 320/7/214 317/2/209
f 321/6/213 322/9/216 320/7/214
f 323/8/215 324/11/218 322/9/216
f 323/8/215 325/12/219 326/10/217
f 325/12/219 327/15/221 328/13/220
f 327/15/221 329/14/224 330/17/222
f 331/16/223 332/19/226 330/17/222
f 333/18/225 334/20/227 332/19/226
f 333/18/225 315/1/208 318/3/210
f 317/21/209 335/25/229 336/22/228
f 320/24/214 337/27/230 335/25/229
f 322/26/216 338/29/231 337/27/230
f 324/28/218 339/30/232 338/29/231
f 326/29/217 340/26/233 339/28/232
f 328/27/220 341/24/234 340/26/233
f 330/25/222 342/21/235 341/24/234
f 332/22/226 343/32/236 342/21/235
f 334/31/227 344/1945/237 343/32/236
f 318/23/210 336/22/228 344/33/237
f 335/35/229 345/38/240 346/16/238
f 335/35/229 337/37/230 347/40/239
f 337/37/230 338/41/231 348/39/241
f 338/41/231 339/44/232 349/42/242
f 340/43/233 350/46/243 349/42/242
f 341/45/234 351/4/244 350/46/243
f 342/47/235 352/5/246 351/4/244
f 342/47/235 343/3/236 353/48/245
f 343/3/236 344/20/237 354/49/247
f 336/36/228 346/16/238 354/49/247
f 355/50/248 356/51/249 316/5/212
f 356/51/249 357/53/251 319/4/211
f 358/52/250 321/6/213 319/4/211
f 359/54/252 323/8/215 321/6/213
f 359/54/252 360/55/253 325/12/219
f 360/55/253 361/57/255 327/15/221
f 362/56/254 329/14/224 327/15/221
f 363/58/256 331/16/223 329/14/224
f 364/59/257 333/18/225 331/16/223
f 364/59/257 355/50/248 315/1/208
f 366/60/258 346/16/238 345/38/240
f 365/61/259 345/38/240 347/40/239
f 368/55/261 367/62/260 347/40/239
f 369/63/262 368/55/261 348/39/241
f 369/63/262 349/42/242 350/46/243
f 370/52/263 350/46/243 351/4/244
f 372/64/265 371/53/264 351/4/244
f 373/65/266 372/64/265 352/5/246
f 374/66/267 373/65/266 353/48/245
f 374/66/267 354/49/247 346/16/238
f 375/1/268 376/3/285 377/2/269
f 377/2/269 379/7/272 380/4/271
f 379/7/272 381/9/274 382/6/273
f 381/9/274 383/11/290 384/8/275
f 384/8/275 383/11/290 385/10/276
f 386/12/277 385/10/276 387/13/278
f 388/15/279 387/13/278 389/17/280
f 389/17/280 391/19/283 392/16/282
f 391/19/283 393/20/296 394/18/284
f 394/18/284 393/20/296 376/3/285
f 395/22/286 396/25/287 377/21/269
f 396/25/287 397/27/288 379/24/272
f 397/27/288 398/29/289 381/26/274
f 398/29/289 399/30/291 383/28/290
f 399/28/291 400/26/292 385/29/276
f 400/26/292 401/24/293 387/27/278
f 401/24/293 402/21/294 389/25/280
f 402/21/294 403/32/295 391/22/283
f 403/32/295 404/1945/297 393/31/296
f 404/33/297 395/22/286 376/23/285
f 405/16/298 406/38/316 396/35/287
f 396/35/287 406/38/316 407/40/299
f 397/37/288 407/40/299 408/39/300
f 398/41/289 408/39/300 409/42/301
f 409/42/301 410/46/302 400/43/292
f 410/46/302 411/4/303 401/45/293
f 411/4/303 412/5/326 402/47/294
f 402/47/294 412/5/326 413/48/304
f 403/3/295 413/48/304 414/49/305
f 414/49/305 405/16/298 395/36/286
f 415/50/306 375/1/268 378/5/270
f 416/51/307 378/5/270 380/4/271
f 380/4/271 382/6/273 418/52/309
f 382/6/273 384/8/275 419/54/310
f 419/54/310 384/8/275 386/12/277
f 420/55/311 386/12/277 388/15/279
f 388/15/279 390/14/281 422/56/313
f 390/14/281 392/16/282 423/58/314
f 392/16/282 394/18/284 424/59/315
f 424/59/315 394/18/284 375/1/268
f 406/38/316 405/16/298 426/60/317
f 407/40/299 406/38/316 425/61/318
f 428/55/320 408/39/300 407/40/299
f 429/63/321 409/42/301 408/39/300
f 410/46/302 409/42/301 429/63/321
f 411/4/303 410/46/302 430/52/322
f 432/64/324 412/5/326 411/4/303
f 433/65/325 413/48/304 412/5/326
f 434/66/327 414/49/305 413/48/304
f 405/16/298 414/49/305 434/66/327
f 436/218/328 437/222/328 438/219/328
f 439/221/329 440/1954/329 437/222/329
f 439/223/330 441/227/330 442/224/330
f 443/226/331 444/228/331 442/224/331
f 445/220/332 446/230/332 444/228/332
f 445/220/333 447/218/333 448/229/333
f 449/221/334 450/1955/334 448/229/334
f 451/231/335 452/224/335 450/232/335
f 451/231/336 453/233/336 454/228/336
f 453/233/337 435/220/337 438/219/337
f 457/245/349 458/1956/349 459/246/349
f 461/248/350 462/251/350 463/249/350
f 461/248/351 456/247/351 459/246/351
f 465/252/352 466/256/352 467/253/352
f 468/255/353 469/258/353 466/256/353
f 468/255/354 460/1957/354 463/257/354
f 471/259/355 458/1956/355 457/245/356
f 473/261/357 474/1958/357 475/262/357
f 475/262/358 474/1958/358 471/259/358
f 476/264/340 462/279/340 459/265/340
f 467/253/360 477/268/360 478/267/360
f 477/268/361 479/1959/361 480/269/361
f 480/269/362 479/1959/362 473/270/362
f 482/272/340 469/282/340 463/273/363
f 476/264/340 458/266/359 471/275/340
f 482/272/340 481/274/363 473/277/363
f 473/277/363 481/274/363 476/264/340
f 476/264/340 481/274/363 463/273/363
f 477/280/340 467/1960/340 482/272/340
f 482/272/340 467/1960/340 466/281/340
f 484/283/92 485/287/92 486/284/92
f 487/286/92 488/289/92 485/287/92
f 488/289/92 490/309/92 489/288/92
f 489/290/364 491/1961/364 492/291/364
f 491/297/366 495/302/366 496/300/366
f 495/305/364 499/1962/364 500/306/364
f 498/309/63 502/289/63 501/287/63
f 501/287/63 503/283/63 504/285/63
f 502/289/63 505/286/63 503/283/63
f 506/310/368 507/1963/368 504/311/368
f 503/312/368 484/316/368 509/315/368
f 483/318/368 510/1964/368 509/315/368
f 505/319/81 502/324/81 511/320/81
f 508/321/81 511/320/81 488/322/81
f 502/324/81 498/1965/81 494/325/81
f 511/320/81 494/325/81 490/326/81
f 507/327/89 497/307/89 500/306/89
f 506/329/369 496/300/2094 497/303/370
f 509/331/372 493/298/372 496/300/372
f 509/331/373 510/1966/2095 492/296/374
f 483/332/89 486/292/89 492/291/89
f 513/334/376 514/378/376 515/335/377
f 516/337/379 517/343/385 518/338/380
f 518/338/380 520/341/383 521/340/382
f 520/341/383 522/346/388 523/342/384
f 517/343/385 524/347/389 525/344/386
f 518/338/380 525/344/386 526/345/387
f 526/345/387 527/350/392 522/346/388
f 524/347/389 528/352/394 529/348/390
f 529/348/390 530/349/391 526/345/387
f 530/349/391 531/355/397 527/350/392
f 532/351/393 533/353/395 529/348/390
f 533/353/395 534/354/396 530/349/391
f 534/354/396 515/359/377 531/355/397
f 535/356/398 536/357/399 533/353/395
f 536/357/399 537/389/2096 534/354/396
f 534/354/396 537/389/2096 512/358/378
f 523/360/384 522/363/388 539/361/400
f 522/363/388 527/365/392 540/364/402
f 527/365/392 531/367/397 541/366/403
f 531/367/397 515/1967/377 542/368/404
f 521/340/382 538/369/401 543/370/405
f 516/372/379 543/371/405 539/361/400
f 517/373/385 539/361/400 540/364/402
f 524/374/389 540/364/402 541/366/403
f 528/375/394 541/366/403 542/368/404
f 544/377/406 542/380/404 515/335/377
f 545/379/132 532/1968/393 542/380/404
f 547/381/408 514/378/376 513/334/376
f 548/337/410 549/339/414 550/338/411
f 552/340/413 553/341/416 550/338/411
f 554/342/415 555/386/420 553/341/416
f 551/343/412 550/338/411 556/383/417
f 550/338/411 553/341/416 558/385/419
f 555/386/420 559/350/423 558/385/419
f 557/384/418 556/383/417 560/387/421
f 558/385/419 562/349/424 560/387/421
f 559/350/423 563/355/427 562/349/424
f 560/387/421 564/353/426 565/351/425
f 562/349/424 566/388/428 564/353/426
f 563/355/427 547/359/408 566/388/428
f 564/353/426 567/390/431 568/356/429
f 564/353/426 566/388/428 569/389/430
f 566/388/428 547/359/408 546/358/409
f 571/391/432 555/394/420 554/392/415
f 572/364/434 559/365/423 555/394/420
f 573/395/435 563/397/427 559/365/423
f 574/396/436 547/1969/408 563/397/427
f 575/370/437 570/369/433 552/340/413
f 548/399/410 551/400/412 571/391/432
f 551/400/412 557/374/418 572/364/434
f 557/374/418 561/401/422 573/395/435
f 561/401/422 565/1970/425 574/396/436
f 547/381/408 574/402/436 544/377/406
f 574/402/436 565/1971/425 545/379/132
f 577/403/438 578/407/442 579/404/439
f 580/406/441 581/1972/444 578/407/442
f 582/408/443 583/412/446 581/409/444
f 584/411/445 585/414/448 583/412/446
f 586/413/447 587/416/450 585/414/448
f 588/415/449 589/417/452 587/416/450
f 590/406/451 591/1972/454 589/417/452
f 592/408/453 593/419/456 591/409/454
f 594/418/455 595/414/457 593/419/456
f 576/405/440 579/404/439 595/414/457
f 599/442/368 600/446/368 601/443/458
f 602/445/459 603/448/459 600/446/368
f 604/447/92 605/450/92 603/448/459
f 606/449/460 607/452/460 605/450/92
f 608/451/132 609/454/132 607/452/460
f 610/453/461 611/456/461 609/454/132
f 612/455/63 613/485/63 611/456/461
f 598/444/458 601/443/458 613/457/63
f 624/468/368 615/472/463 614/469/462
f 625/471/459 617/474/464 615/472/463
f 626/473/92 618/476/465 617/474/464
f 627/475/460 619/478/466 618/476/465
f 628/477/132 620/480/467 619/478/466
f 629/479/461 621/482/468 620/480/467
f 630/481/63 622/1973/469 621/482/468
f 623/470/458 614/469/462 622/483/469
f 600/446/368 624/468/368 623/470/458
f 603/448/459 625/471/459 624/468/368
f 605/450/92 626/473/92 625/471/459
f 607/452/460 627/475/460 626/473/92
f 609/454/132 628/477/132 627/475/460
f 611/456/461 629/479/461 628/477/132
f 613/485/63 630/481/63 629/479/461
f 601/443/458 623/470/458 630/484/63
f 631/486/470 632/1974/470 633/487/470
f 635/489/471 636/510/491 637/490/472
f 640/492/474 636/510/491 635/489/471
f 641/494/476 642/511/492 640/492/474
f 644/495/477 642/511/492 641/494/476
f 646/497/479 644/495/477 643/496/478
f 648/499/481 646/497/479 645/498/480
f 649/501/483 650/503/485 648/499/481
f 651/502/484 652/505/487 650/503/485
f 653/504/486 654/507/488 652/505/487
f 638/506/473 637/1975/472 654/507/488
f 637/490/472 636/510/491 655/508/489
f 640/492/474 657/512/493 655/508/489
f 642/511/492 658/514/495 657/512/493
f 642/511/492 644/495/477 659/513/494
f 646/497/479 660/516/497 659/513/494
f 646/497/479 648/499/481 661/515/496
f 650/503/485 662/518/499 661/515/496
f 650/503/485 652/505/487 663/517/498
f 654/507/488 664/520/500 663/517/498
f 654/507/488 637/1975/472 656/519/490
f 656/509/490 655/508/489 665/521/501
f 657/512/493 667/523/503 665/521/501
f 658/514/495 668/524/504 667/523/503
f 659/513/494 669/525/505 668/524/504
f 660/516/497 670/527/507 669/525/505
f 660/516/497 661/515/496 671/526/506
f 662/518/499 672/529/509 671/526/506
f 662/518/499 663/517/498 673/528/508
f 663/517/498 664/520/500 674/530/510
f 664/520/500 656/519/490 666/531/502
f 677/533/512 635/489/471 638/491/473
f 678/535/514 639/493/475 635/489/471
f 678/535/514 679/537/516 641/494/476
f 680/536/515 643/496/478 641/494/476
f 681/538/517 645/498/480 643/496/478
f 681/538/517 682/539/518 647/500/482
f 682/539/518 683/541/520 649/501/483
f 684/540/519 651/502/484 649/501/483
f 685/542/521 653/504/486 651/502/484
f 685/542/521 676/1976/513 638/506/473
f 695/543/522 689/1977/2097 688/544/523
f 686/546/525 690/1978/2098 691/547/526
f 696/549/528 697/1979/2099 693/550/529
f 699/552/531 700/578/538 701/553/532
f 698/555/533 702/1980/2100 703/556/534
f 703/556/534 702/1980/2100 704/558/535
f 706/561/537 707/567/541 708/565/539
f 706/561/537 705/564/536 709/566/540
f 710/570/542 712/1981/545 713/571/544
f 711/573/543 714/577/547 712/574/545
f 711/573/543 709/1982/540 715/576/546
f 715/576/546 709/1982/540 705/559/536
f 713/571/544 701/553/532 700/578/538
f 741/585/548 742/610/558 743/586/549
f 740/587/550 743/586/549 745/588/551
f 744/589/552 745/588/551 747/590/553
f 749/592/555 741/585/548 740/587/550
f 750/594/557 751/598/560 743/595/549
f 748/593/556 740/587/550 744/589/552
f 751/598/560 753/602/563 745/599/551
f 756/605/564 754/600/561 755/601/562
f 741/585/548 749/592/555 758/607/566
f 742/596/558 760/620/569 761/609/568
f 742/610/558 741/585/548 759/608/567
f 763/612/570 764/615/573 765/613/571
f 750/594/557 761/609/568 764/615/573
f 766/616/574 762/856/572 765/617/571
f 749/592/555 766/616/574 767/618/575
f 759/619/567 758/621/566 761/609/568
f 758/621/566 767/622/575 764/615/573
f 755/601/562 752/597/559 744/589/552
f 757/606/565 755/601/562 746/591/554
f 757/604/565 747/1983/553 745/599/551
f 769/624/576 770/640/579 771/625/577
f 770/627/579 772/649/581 773/628/580
f 772/630/581 774/645/583 775/631/582
f 774/633/583 769/656/576 768/634/578
f 777/636/584 778/652/596 779/637/585
f 769/624/576 780/659/600 781/639/587
f 783/641/588 784/773/595 785/642/589
f 772/630/581 786/677/692 787/644/591
f 789/646/592 790/774/693 791/647/593
f 770/627/579 783/641/588 782/643/590
f 770/640/579 781/639/587 784/650/595
f 778/652/596 792/655/598 793/653/597
f 778/652/596 786/677/692 785/654/589
f 774/633/583 789/646/592 788/648/594
f 787/644/591 790/776/693 789/657/592
f 776/638/586 794/660/601 795/658/599
f 780/659/600 791/778/593 794/660/601
f 797/661/602 798/640/605 799/662/603
f 800/663/604 801/674/606 798/627/605
f 802/631/582 803/667/607 801/630/606
f 796/634/578 799/656/603 803/633/607
f 805/637/608 806/675/621 807/636/609
f 808/639/611 809/659/625 799/662/603
f 811/642/612 812/779/619 813/665/613
f 814/644/615 815/677/622 801/630/606
f 817/647/616 818/774/694 819/646/617
f 797/668/602 796/1984/578 768/669/578
f 802/671/582 800/772/604 773/672/580
f 810/666/614 813/665/613 798/627/605
f 798/640/605 813/651/613 812/650/619
f 820/653/620 821/857/2101 806/675/621
f 806/675/621 821/857/2101 811/676/612
f 816/648/618 819/646/617 803/633/607
f 819/657/617 818/776/694 814/644/615
f 822/658/623 823/660/624 804/638/610
f 823/660/624 817/778/616 809/659/625
f 824/678/626 825/858/640 826/679/627
f 829/681/629 754/692/561 830/682/630
f 766/684/574 831/789/704 832/685/632
f 834/687/633 749/859/555 748/688/556
f 833/689/634 748/688/556 752/690/559
f 835/691/635 752/690/559 754/692/561
f 832/693/632 836/696/637 837/694/636
f 836/696/637 838/854/725 839/697/638
f 824/698/626 840/702/642 841/699/639
f 842/701/641 843/832/652 840/702/642
f 844/703/643 845/715/653 846/704/644
f 848/706/646 844/703/643 847/705/645
f 848/708/646 849/834/647 851/709/648
f 850/710/649 851/709/648 853/711/650
f 852/712/651 853/711/650 843/713/652
f 845/715/653 854/717/655 855/716/654
f 841/699/639 855/716/654 854/717/655
f 858/721/657 859/736/659 860/722/658
f 859/724/659 861/744/661 862/725/660
f 861/727/661 863/740/662 864/728/582
f 863/730/662 858/749/657 857/731/578
f 866/733/663 867/747/673 868/734/664
f 859/736/659 858/721/657 865/735/665
f 870/737/666 871/745/672 872/738/667
f 861/727/661 867/747/673 866/733/663
f 874/741/669 875/750/674 876/742/670
f 859/724/659 870/737/666 869/739/668
f 859/736/659 868/734/664 871/745/672
f 867/747/673 872/738/667 871/745/672
f 872/738/667 867/747/673 861/727/661
f 863/730/662 874/741/669 873/743/671
f 863/740/662 866/733/663 875/750/674
f 865/735/665 876/742/670 875/750/674
f 876/742/670 865/735/665 858/721/657
f 878/753/675 879/736/678 880/754/676
f 881/755/677 882/744/679 879/724/678
f 883/728/582 884/740/680 882/727/679
f 877/756/578 880/749/676 884/757/680
f 886/734/681 887/760/687 888/733/682
f 879/736/678 886/734/681 885/735/683
f 890/739/684 891/738/2102 892/759/685
f 882/727/679 884/740/680 888/733/682
f 894/743/688 895/1985/2103 896/750/689
f 878/762/675 877/1986/578 857/763/578
f 883/765/582 881/1987/677 862/766/660
f 890/739/684 889/737/686 879/724/678
f 889/746/686 892/759/685 886/734/681
f 892/759/685 891/738/2102 887/760/687
f 887/760/687 891/738/2102 890/748/684
f 894/743/688 893/761/690 884/757/680
f 893/751/690 896/750/689 888/733/682
f 896/750/689 895/1985/2103 885/735/683
f 885/735/683 895/1985/2103 894/768/688
f 768/669/578 796/1984/578 802/671/582
f 857/763/578 877/1986/578 883/765/582
f 878/762/675 860/764/658 773/672/580
f 781/639/587 780/659/600 776/638/586
f 784/773/595 793/653/597 792/655/598
f 786/677/692 778/652/596 777/636/584
f 790/774/693 795/658/599 794/660/601
f 784/650/595 781/639/587 779/637/585
f 785/654/589 786/677/692 772/630/581
f 787/644/591 777/636/584 795/658/599
f 780/659/600 769/624/576 788/777/594
f 808/639/611 805/637/608 804/638/610
f 811/642/612 821/857/2101 820/653/620
f 815/677/622 814/644/615 807/636/609
f 817/647/616 823/660/624 822/658/623
f 812/650/619 820/653/620 805/637/608
f 811/676/612 810/775/614 801/630/606
f 818/776/694 822/658/623 807/636/609
f 817/778/616 816/777/618 799/662/603
f 839/780/638 838/845/725 828/683/631
f 901/783/697 902/824/713 903/784/698
f 900/785/699 903/784/698 905/588/700
f 904/786/701 905/588/700 907/590/702
f 766/684/574 749/859/555 834/687/633
f 756/788/564 898/781/695 827/680/628
f 750/790/557 908/862/712 909/791/705
f 751/792/560 909/791/705 910/793/706
f 753/794/563 910/793/706 898/781/695
f 899/782/696 842/800/641 824/678/626
f 912/795/707 848/821/646 850/796/649
f 911/797/708 850/796/649 852/798/651
f 913/799/709 852/798/651 842/800/641
f 914/801/710 915/804/711 854/802/655
f 915/804/711 826/841/627 825/805/640
f 908/806/712 901/783/697 900/785/699
f 912/808/707 911/598/708 903/809/698
f 909/807/705 900/785/699 904/786/701
f 911/598/708 913/814/709 905/812/700
f 899/816/696 898/600/695 916/813/714
f 918/818/716 914/1988/710 845/819/653
f 848/821/646 912/795/707 918/818/716
f 901/783/697 908/806/712 919/822/717
f 902/810/713 921/620/720 922/609/719
f 902/824/713 901/783/697 920/823/718
f 918/826/716 923/615/722 924/613/721
f 912/808/707 922/609/719 923/615/722
f 925/828/723 914/860/710 924/829/721
f 908/806/712 925/828/723 926/830/724
f 920/831/718 919/621/717 922/609/719
f 919/621/717 926/622/724 923/615/722
f 841/699/639 840/702/642 856/719/656
f 843/832/652 797/1989/602 856/719/656
f 846/704/644 862/770/660 897/769/691
f 849/707/647 847/705/645 897/769/691
f 849/834/647 881/1990/677 878/835/675
f 851/709/648 878/835/675 800/836/604
f 843/713/652 853/711/650 800/836/604
f 846/704/644 855/716/654 860/838/658
f 855/716/654 841/699/639 773/839/580
f 916/813/714 910/811/706 904/786/701
f 917/817/715 916/813/714 906/787/703
f 917/604/715 907/1991/702 905/812/700
f 830/682/630 827/680/628 826/679/627
f 837/694/636 839/697/638 826/841/627
f 762/695/572 837/694/636 915/804/711
f 763/842/570 762/861/572 914/843/710
f 925/844/723 908/862/712 750/790/557
f 838/845/725 927/1992/734 928/846/726
f 828/683/631 928/846/726 929/847/727
f 831/789/704 930/850/730 931/848/728
f 831/789/704 834/687/633 932/849/729
f 832/693/632 931/1993/728 933/851/731
f 834/687/633 833/689/634 934/852/732
f 833/689/634 835/691/635 935/853/733
f 838/854/725 836/696/637 933/851/731
f 829/681/629 929/847/727 935/853/733
f 937/586/735 938/610/754 939/585/736
f 941/588/738 937/586/735 936/587/737
f 943/590/740 941/588/738 940/589/739
f 936/587/737 939/585/736 945/592/742
f 946/594/744 938/596/754 937/595/735
f 940/589/739 936/587/737 944/593/743
f 947/598/745 937/595/735 941/599/738
f 953/605/751 952/606/750 951/601/749
f 939/585/736 954/608/755 955/607/752
f 956/609/753 957/620/2104 938/596/754
f 938/610/754 957/611/2104 954/608/755
f 959/613/756 960/615/759 961/612/757
f 960/615/759 956/609/753 946/594/744
f 962/616/760 963/618/761 959/617/756
f 945/592/742 955/607/752 963/618/761
f 954/619/755 957/620/2104 956/609/753
f 955/621/752 956/609/753 960/615/759
f 951/601/749 942/591/741 940/589/739
f 952/606/750 943/623/740 942/591/741
f 941/599/738 943/1983/740 952/604/750
f 965/625/762 966/640/765 967/624/763
f 968/628/764 969/649/766 966/627/765
f 970/631/582 971/645/767 969/630/766
f 964/634/578 967/656/763 971/633/767
f 973/637/768 974/652/781 975/636/769
f 976/639/771 977/659/785 967/624/763
f 979/642/772 980/773/779 981/641/773
f 982/644/775 983/677/782 969/630/766
f 985/647/776 986/774/861 987/646/777
f 978/643/774 981/641/773 966/627/765
f 966/640/765 981/651/773 980/650/779
f 988/653/780 989/655/860 974/652/781
f 974/652/781 989/655/860 979/654/772
f 984/648/778 987/646/777 971/633/767
f 987/657/777 986/776/861 982/644/775
f 990/658/783 991/660/784 972/638/770
f 991/660/784 985/778/776 977/659/785
f 993/662/786 994/640/788 995/661/787
f 994/627/788 996/674/790 997/663/789
f 996/630/790 998/667/791 999/631/582
f 998/633/791 993/656/786 992/634/578
f 1001/636/792 1002/675/804 1003/637/793
f 993/662/786 1004/659/808 1005/639/795
f 1007/665/796 1008/779/803 1009/642/797
f 996/630/790 1010/677/862 1011/644/799
f 1013/646/800 1014/774/863 1015/647/801
f 964/669/578 992/1984/578 995/668/787
f 968/672/764 997/772/789 999/671/582
f 994/627/788 1007/665/796 1006/666/798
f 994/640/788 1005/639/795 1008/650/803
f 1002/675/804 1016/857/806 1017/653/805
f 1002/675/804 1010/677/862 1009/676/797
f 998/633/791 1013/646/800 1012/648/802
f 1011/644/799 1014/776/863 1013/657/800
f 1000/638/794 1018/660/809 1019/658/807
f 1004/659/808 1015/778/801 1018/660/809
f 1020/678/810 1021/680/864 1022/679/811
f 1025/682/813 950/692/748 1026/681/814
f 962/684/760 958/686/758 1027/685/816
f 944/688/743 945/859/742 1030/687/818
f 948/690/746 944/688/743 1029/689/819
f 950/692/748 948/690/746 1031/691/820
f 1027/693/816 958/695/758 1032/694/821
f 1033/696/822 1032/694/821 1034/697/823
f 1036/699/825 1037/702/826 1020/698/810
f 1037/702/826 1038/832/837 1039/701/827
f 1040/703/828 1041/705/832 1042/704/829
f 1044/706/831 1045/707/893 1041/705/832
f 1047/709/833 1045/834/893 1044/708/831
f 1049/711/835 1047/709/833 1046/710/834
f 1038/713/837 1049/711/835 1048/712/836
f 1043/715/830 1042/704/829 1050/716/838
f 1036/699/825 1023/700/812 1051/717/839
f 1054/722/841 1055/736/678 1056/721/676
f 1057/725/842 1058/744/679 1055/724/678
f 1059/728/582 1060/740/680 1058/727/679
f 1053/731/578 1056/749/676 1060/730/680
f 1062/734/843 1063/747/850 1064/733/844
f 1055/736/678 1062/734/843 1061/735/845
f 1066/738/846 1067/745/666 1068/737/672
f 1064/733/844 1063/747/850 1058/727/679
f 1070/742/848 1071/750/689 1072/741/849
f 1065/739/847 1068/737/672 1055/724/678
f 1067/745/666 1062/734/843 1055/736/678
f 1067/745/666 1066/738/846 1063/747/850
f 1058/727/679 1063/747/850 1066/738/846
f 1069/743/688 1072/741/849 1060/730/680
f 1071/750/689 1064/733/844 1060/740/680
f 1071/750/689 1070/742/848 1061/735/845
f 1056/721/676 1061/735/845 1070/742/848
f 1074/754/657 1075/736/659 1076/753/851
f 1075/724/659 1077/744/661 1078/755/852
f 1077/727/661 1079/740/662 1080/728/582
f 1079/757/662 1074/749/657 1073/756/578
f 1082/733/853 1083/760/673 1084/734/854
f 1081/735/855 1084/734/854 1075/736/659
f 1085/737/856 1086/759/858 1087/738/684
f 1077/727/661 1083/760/673 1082/733/853
f 1090/750/674 1091/1985/2105 1092/743/671
f 1053/763/578 1073/1986/578 1076/762/851
f 1057/766/842 1078/1987/852 1080/765/582
f 1075/724/659 1085/737/856 1088/739/668
f 1084/734/854 1086/759/858 1085/746/856
f 1083/760/673 1087/738/684 1086/759/858
f 1077/727/661 1088/748/668 1087/738/684
f 1079/757/662 1089/761/857 1092/743/671
f 1082/733/853 1090/750/674 1089/751/857
f 1081/735/855 1091/1985/2105 1090/750/674
f 1092/768/671 1091/1985/2105 1081/735/855
f 999/671/582 992/1984/578 964/669/578
f 1080/765/582 1073/1986/578 1053/763/578
f 968/672/764 1054/764/841 1076/762/851
f 976/639/771 973/637/768 972/638/770
f 989/655/860 988/653/780 980/773/779
f 975/636/769 974/652/781 983/677/782
f 991/660/784 990/658/783 986/774/861
f 980/650/779 988/653/780 973/637/768
f 979/654/772 978/775/774 969/630/766
f 990/658/783 975/636/769 982/644/775
f 984/777/778 967/624/763 977/659/785
f 1000/638/794 1003/637/793 1005/639/795
f 1017/653/805 1016/857/806 1009/642/797
f 1010/677/862 1002/675/804 1001/636/792
f 1019/658/807 1018/660/809 1015/647/801
f 1003/637/793 1017/653/805 1008/650/803
f 996/630/790 1006/775/798 1009/676/797
f 1001/636/792 1019/658/807 1014/776/863
f 993/662/786 1012/777/802 1015/778/801
f 1024/683/815 1035/845/824 1034/780/823
f 1097/784/867 1098/824/887 1099/783/868
f 1101/588/870 1097/784/867 1096/785/869
f 1103/590/872 1101/588/870 1100/786/871
f 962/684/760 1028/789/817 1030/687/818
f 1021/680/864 1095/781/866 953/788/751
f 1104/791/874 1105/862/881 946/790/744
f 1106/793/875 1104/791/874 947/792/745
f 1095/781/866 1106/793/875 949/794/747
f 1020/678/810 1039/800/827 1094/782/865
f 1046/796/834 1044/821/831 1108/795/876
f 1048/798/836 1046/796/834 1107/797/877
f 1039/800/827 1048/798/836 1109/799/878
f 1110/801/879 1043/803/830 1051/802/839
f 1023/805/812 1022/841/811 1111/804/880
f 1096/785/869 1099/783/868 1105/806/881
f 1108/808/876 1098/810/887 1097/809/867
f 1100/786/871 1096/785/869 1104/807/874
f 1107/598/877 1097/809/867 1101/812/870
f 1094/816/865 1113/817/883 1112/813/882
f 1043/819/830 1110/1988/879 1114/818/884
f 1114/818/884 1108/795/876 1044/821/831
f 1099/783/868 1115/823/888 1116/822/885
f 1117/609/886 1118/620/2106 1098/810/887
f 1098/824/887 1118/825/2106 1115/823/888
f 1119/613/889 1120/615/890 1114/826/884
f 1120/615/890 1117/609/886 1108/808/876
f 1121/828/891 1122/830/892 1119/829/889
f 1105/806/881 1116/822/885 1122/830/892
f 1115/831/888 1118/620/2106 1117/609/886
f 1116/621/885 1117/609/886 1120/615/890
f 1036/699/825 965/718/762 1052/719/840
f 1052/719/840 995/1989/787 1038/832/837
f 1093/769/859 1057/770/842 1042/704/829
f 1045/707/893 1078/833/852 1093/769/859
f 1076/835/851 1078/1990/852 1045/834/893
f 997/836/789 1076/835/851 1047/709/833
f 1038/713/837 995/837/787 997/836/789
f 1042/704/829 1057/770/842 1054/838/841
f 1050/716/838 1054/838/841 968/839/764
f 1112/813/882 1102/787/873 1100/786/871
f 1113/817/883 1103/840/872 1102/787/873
f 1101/812/870 1103/1991/872 1113/604/883
f 1025/682/813 1034/780/823 1022/679/811
f 1032/694/821 1111/804/880 1022/841/811
f 958/695/758 1110/801/879 1111/804/880
f 961/842/757 1121/844/891 1110/843/879
f 1121/844/891 961/842/757 946/790/744
f 1123/846/894 1124/1992/2107 1035/845/824
f 1125/847/895 1123/846/894 1024/683/815
f 1126/848/896 1127/850/2108 1028/789/817
f 1028/789/817 1127/850/2108 1128/849/897
f 1129/851/898 1126/1993/896 1027/693/816
f 1030/687/818 1128/849/897 1130/852/899
f 1029/689/819 1130/852/899 1131/853/900
f 1035/854/824 1124/855/2107 1129/851/898
f 1131/853/900 1125/847/895 1026/681/814
f 1135/866/904 1136/869/907 1137/867/905
f 1136/869/907 1139/871/909 1140/870/908
f 1139/871/909 1141/874/912 1142/872/910
f 1143/873/911 1144/878/916 1141/874/912
f 1145/875/913 1133/864/902 1132/863/901
f 1144/878/916 1143/873/911 1149/879/917
f 1150/881/919 1151/1207/1204 1148/880/918
f 1145/875/913 1147/877/915 1153/882/920
f 1146/876/914 1143/873/911 1139/871/909
f 1152/883/921 1149/879/917 1143/873/911
f 1136/869/907 1135/866/904 1133/864/902
f 1153/882/920 1154/888/926 1155/884/922
f 1152/883/921 1155/884/922 1150/881/919
f 1156/885/923 1151/1207/1204 1150/881/919
f 1157/886/924 1150/881/919 1155/884/922
f 1158/887/925 1155/884/922 1154/888/926
f 1156/885/923 1157/886/924 1161/890/928
f 1161/890/928 1157/886/924 1158/887/925
f 1164/894/932 1162/892/930 1158/887/925
f 1165/895/933 1163/893/931 1162/892/930
f 1166/896/934 1167/899/937 1163/893/931
f 1160/891/929 1161/890/928 1169/897/935
f 1161/890/928 1163/893/931 1167/899/937
f 1169/897/935 1167/899/937 1166/896/934
f 1172/902/940 1170/900/938 1166/896/934
f 1132/863/901 1134/865/903 1173/903/941
f 1175/905/943 1168/898/936 1169/897/935
f 1176/906/944 1170/900/938 1172/902/940
f 1179/908/946 1180/935/972 1181/909/947
f 1178/910/948 1181/909/947 1182/911/949
f 1185/913/951 1179/908/946 1178/910/948
f 1178/910/948 1183/912/950 1186/915/953
f 1184/916/952 1186/1994/953 1188/917/954
f 1192/922/959 1193/925/962 1190/920/957
f 1187/918/955 1188/917/954 1192/922/959
f 1194/923/960 1190/920/957 1193/925/962
f 1198/927/964 1195/924/961 1194/923/960
f 1194/923/960 1196/926/963 1199/929/966
f 1198/927/964 1200/1221/1606 1201/930/967
f 1197/928/965 1199/929/966 1204/932/969
f 1205/934/971 1181/909/947 1180/935/972
f 1207/937/974 1182/911/949 1181/909/947
f 1201/930/967 1200/1221/1606 1206/936/973
f 1205/934/971 1203/933/970 1204/932/969
f 1147/877/915 1132/863/901 1174/904/942
f 1210/940/977 1164/894/932 1159/889/927
f 1214/945/981 1211/941/978 1159/889/927
f 1215/946/982 1216/960/990 1217/947/983
f 1153/882/920 1147/877/915 1209/939/976
f 1212/949/979 1214/945/981 1154/888/926
f 1213/944/980 1218/948/984 1214/950/981
f 1217/947/983 1210/1995/977 1211/951/978
f 1165/895/933 1164/894/932 1210/940/977
f 1172/902/940 1171/901/939 1220/953/986
f 1177/907/945 1172/902/940 1221/954/987
f 1171/901/939 1165/895/933 1219/952/985
f 1219/957/985 1210/1995/977 1217/947/983
f 1223/958/989 1217/947/983 1216/960/990
f 1224/961/991 1225/980/1002 1226/962/992
f 1226/962/992 1222/1017/988 1221/959/987
f 1215/946/982 1218/948/984 1213/944/980
f 1213/964/980 1209/967/976 1228/965/994
f 1209/967/976 1174/969/942 1229/968/995
f 1174/969/942 1173/971/941 1230/970/996
f 1173/971/941 1138/973/906 1231/972/997
f 1138/973/906 1137/978/905 1232/974/998
f 1140/975/908 1142/1996/910 1233/976/999
f 1137/978/905 1140/975/908 1234/977/1000
f 1235/979/1001 1236/1140/1141 1225/980/1002
f 1215/946/982 1227/963/993 1237/981/1003
f 1235/979/1001 1224/961/991 1216/960/990
f 1233/976/999 1238/1997/1280 1239/982/1004
f 1239/983/1004 1238/1998/1280 1240/984/1005
f 1234/977/1000 1239/982/1004 1242/986/1007
f 1227/966/993 1228/965/994 1243/987/1008
f 1245/989/1010 1243/987/1008 1228/965/994
f 1247/990/1011 1243/987/1008 1245/989/1010
f 1248/992/1013 1245/989/1010 1229/968/995
f 1231/972/997 1232/974/998 1242/986/1007
f 1249/993/1014 1248/992/1013 1230/970/996
f 1246/991/1012 1245/989/1010 1248/992/1013
f 1248/992/1013 1249/993/1014 1251/995/1016
f 1170/900/938 1176/906/944 1252/996/1017
f 1177/907/945 1253/1013/1028 1254/997/1018
f 1176/906/944 1254/997/1018 1255/998/1019
f 1254/999/1018 1253/1270/1028 1185/913/951
f 1187/918/955 1191/921/958 1255/1000/1019
f 1249/993/1014 1242/986/1007 1256/1002/1020
f 1258/1003/1021 1259/1327/1444 1260/1004/1022
f 1208/938/975 1206/936/973 1180/935/972
f 1179/908/946 1185/913/951 1263/1007/1025
f 1261/1006/1024 1180/935/972 1179/908/946
f 1264/1009/1027 1195/924/961 1198/927/964
f 1263/1010/1025 1185/1999/951 1253/1011/1028
f 1253/1013/1028 1177/907/945 1222/955/988
f 1265/1012/1029 1253/1011/1028 1266/1015/1030
f 1222/1017/988 1226/962/992 1268/1018/1032
f 1226/962/992 1225/980/1002 1269/1020/1033
f 1267/1016/1031 1266/1015/1030 1268/1021/1032
f 1225/980/1002 1236/1140/1141 1271/1023/1035
f 1270/1022/1034 1268/1021/1032 1269/1024/1033
f 1273/1026/1037 1272/1025/1036 1269/1024/1033
f 1272/1025/1036 1273/1026/1037 1275/1029/1039
f 1202/1032/968 1201/1035/967 1277/1033/1041
f 1278/1034/1042 1279/1046/1051 1276/1030/1040
f 1201/1035/967 1208/1038/975 1280/1036/1043
f 1281/1037/1044 1278/1034/1042 1277/1033/1041
f 1208/1038/975 1261/2000/1024 1282/1039/1045
f 1283/1040/1046 1281/1037/1044 1280/1036/1043
f 1282/1039/1045 1261/2000/1024 1262/1041/1026
f 1262/1041/1026 1263/1010/1025 1265/1012/1029
f 1284/1042/1047 1265/1012/1029 1267/1016/1031
f 1285/1043/1048 1267/1016/1031 1270/1022/1034
f 1283/1040/1046 1282/1039/1045 1284/1042/1047
f 1287/1045/1050 1288/1282/1325 1279/1046/1051
f 1289/1047/1052 1290/1057/1060 1291/1048/1053
f 1287/1045/1050 1278/1034/1042 1281/1037/1044
f 1292/1050/1054 1281/1037/1044 1283/1040/1046
f 1293/1052/1055 1283/1040/1046 1286/1044/1049
f 1294/1053/1056 1286/1044/1049 1285/1043/1048
f 1295/1054/1057 1285/1043/1048 1274/1028/1038
f 1296/1055/1058 1274/1028/1038 1275/1029/1039
f 1290/1057/1060 1298/1288/1334 1299/1058/1061
f 1301/1059/1062 1302/1555/1601 1303/1060/1063
f 1300/1061/1064 1304/1289/1338 1305/1062/1065
f 1308/1065/1068 1309/1068/1071 1310/1066/1069
f 1308/1065/1068 1311/1082/1084 1312/1067/1070
f 1313/1069/1072 1296/1055/1058 1297/1056/1059
f 1315/1071/1074 1295/1054/1057 1296/1055/1058
f 1295/1054/1057 1315/1071/1074 1316/1072/1075
f 1294/1053/1056 1316/1072/1075 1317/1073/1076
f 1293/1052/1055 1317/1073/1076 1319/1076/1078
f 1314/1070/1073 1320/1107/1109 1321/1077/1079
f 1313/1069/1072 1321/1077/1079 1322/1078/1080
f 1315/1071/1074 1322/1078/1080 1323/1079/1081
f 1316/1072/1075 1323/1079/1081 1324/1080/1082
f 1325/1081/1083 1312/1067/1070 1311/1082/1084
f 1319/1076/1078 1317/1073/1076 1324/1080/1082
f 1327/1083/1085 1310/1066/1069 1309/1068/1071
f 1326/1084/1086 1309/1068/1071 1312/1067/1070
f 1327/1083/1085 1326/1084/1086 1330/1086/1088
f 1331/1088/1090 1332/1290/1359 1333/1089/1091
f 1334/1090/1092 1333/1089/1091 1329/1087/1089
f 1336/1092/1094 1337/1291/1483 1331/1088/1090
f 1338/1093/1095 1337/1291/1483 1336/1092/1094
f 1340/1095/1097 1341/1097/1099 1338/1093/1095
f 1342/1096/1098 1343/1292/1367 1341/1097/1099
f 1334/1090/1092 1335/1091/1093 1344/1098/1100
f 1346/1100/1102 1339/1094/1096 1336/1092/1094
f 1342/1096/1098 1340/1095/1097 1348/1101/1103
f 1348/1101/1103 1340/1095/1097 1339/1094/1096
f 1349/1103/1105 1347/1102/1104 1348/1101/1103
f 1350/1104/1106 1348/1101/1103 1346/1100/1102
f 1351/1105/1107 1346/1100/1102 1344/1098/1100
f 1353/1106/1108 1321/1077/1079 1320/1107/1109
f 1354/1109/1111 1345/1099/1101 1335/1091/1093
f 1330/1086/1088 1326/1084/1086 1328/1085/1087
f 1351/1105/1107 1355/1110/1112 1357/1111/1113
f 1358/1113/1115 1322/1078/1080 1321/1077/1079
f 1360/1115/1117 1353/1106/1108 1352/1108/1110
f 1361/1116/1118 1358/1113/1115 1353/1106/1108
f 1360/1115/1117 1359/1114/1116 1357/1111/1113
f 1328/1085/1087 1312/1067/1070 1325/1081/1083
f 1325/1081/1083 1324/1080/1082 1363/1118/1120
f 1345/1099/1101 1354/1109/1111 1364/1119/1121
f 1363/1118/1120 1324/1080/1082 1323/1079/1081
f 1363/1118/1120 1365/1120/1122 1364/1119/1121
f 1323/1079/1081 1322/1078/1080 1358/1113/1115
f 1365/1120/1122 1358/1113/1115 1361/1116/1118
f 1354/1109/1111 1328/1085/1087 1362/1117/1119
f 1361/1116/1118 1357/1111/1113 1355/1110/1112
f 1243/987/1008 1247/990/1011 1366/1121/1123
f 1368/1122/1124 1356/1112/1114 1359/1114/1116
f 1369/1124/1126 1367/1123/1125 1359/1114/1116
f 1370/1125/1127 1368/1122/1124 1367/1123/1125
f 1372/1127/1129 1369/1124/1126 1352/1108/1110
f 1371/1126/1128 1367/1123/1125 1369/1124/1126
f 1320/1107/1109 1314/1070/1073 1374/1129/1131
f 1369/1124/1126 1372/1127/1129 1375/1130/1132
f 1314/1070/1073 1297/1056/1059 1376/1131/1133
f 1372/1127/1129 1374/1129/1131 1377/1132/1134
f 1378/1133/1135 1376/1131/1133 1297/1056/1059
f 1374/1129/1131 1376/1131/1133 1379/1134/1136
f 1275/1029/1039 1273/1026/1037 1380/1135/1137
f 1379/1134/1136 1376/1131/1133 1378/1133/1135
f 1381/1136/1134 1378/1133/1135 1380/1135/1137
f 1273/1026/1037 1271/1027/1035 1383/1138/1139
f 1384/1139/1140 1383/1143/1139 1271/1023/1035
f 1382/1137/1138 1380/1135/1137 1383/1138/1139
f 1386/1142/1143 1384/1139/1140 1236/1140/1141
f 1383/1143/1139 1384/1139/1140 1387/1144/1144
f 1227/963/993 1244/2001/1009 1388/1146/1145
f 1386/1142/1143 1235/979/1001 1237/981/1003
f 1387/1144/1144 1384/1139/1140 1386/1142/1143
f 1389/1147/1146 1386/1142/1143 1388/1146/1145
f 1391/1149/1148 1392/1336/1450 1393/1150/1149
f 1395/1152/1151 1244/988/1009 1396/1153/1152
f 1388/1146/1145 1244/2001/1009 1395/1155/1151
f 1239/983/1004 1241/985/1006 1398/1156/1154
f 1257/1005/1023 1399/1338/1155 1400/1160/1156
f 1368/1161/1124 1401/1165/1158 1402/1162/1157
f 1370/1164/1127 1403/1546/1421 1401/1165/1158
f 1405/1166/1159 1406/1194/1186 1407/1167/1160
f 1408/1169/1162 1409/1172/1165 1410/1170/1163
f 1409/1172/1165 1412/1174/1167 1413/1173/1166
f 1412/1174/1167 1414/1177/1170 1415/1175/1168
f 1416/1176/1169 1417/1179/1172 1415/1175/1168
f 1418/1178/1171 1419/1392/1482 1417/1179/1172
f 1421/1180/1173 1405/1166/1159 1404/1181/1161
f 1408/1169/1162 1406/1194/1186 1405/1166/1159
f 1422/1183/1175 1423/2002/1504 1424/1184/1176
f 1420/1182/1174 1425/2003/1592 1426/1185/1177
f 1427/1186/1178 1421/1180/1173 1426/1185/1177
f 1430/1189/1181 1431/1319/1604 1432/1190/1182
f 1416/1176/1169 1435/1322/1598 1436/1193/1185
f 1411/1171/1164 1424/1184/1176 1406/1194/1186
f 1421/1180/1173 1427/1186/1178 1409/1172/1165
f 1414/1195/1170 1412/1198/1167 1433/1191/1183
f 1429/1197/1180 1430/1189/1181 1433/1191/1183
f 1437/1199/1187 1438/1323/2109 1439/1200/1188
f 1432/1202/1182 1431/1325/1604 1434/1203/1184
f 1441/873/1190 1442/871/1200 1141/874/912
f 1447/1206/1194 1444/864/1192 1443/1205/1191
f 1448/879/1196 1441/873/1190 1144/878/916
f 1148/880/918 1151/1207/1204 1449/881/1197
f 1451/882/1198 1446/877/1195 1443/1205/1191
f 1445/876/1193 1452/869/1201 1442/871/1200
f 1450/883/1199 1445/876/1193 1441/873/1190
f 1444/864/1192 1453/866/1219 1452/869/1201
f 1451/882/1198 1450/883/1199 1454/884/1202
f 1450/883/1199 1448/879/1196 1449/881/1197
f 1156/885/923 1456/886/1205 1449/881/1197
f 1454/884/1202 1449/881/1197 1456/886/1205
f 1457/887/1206 1458/889/1252 1455/888/1203
f 1459/890/1207 1456/886/1205 1156/885/923
f 1457/887/1206 1456/886/1205 1459/890/1207
f 1462/894/1210 1458/889/1252 1457/887/1206
f 1463/1208/1211 1462/1225/1210 1460/1209/1208
f 1464/1211/1212 1463/1208/1211 1461/1210/1209
f 1466/897/1214 1459/890/1207 1160/891/929
f 1465/899/1213 1461/893/1209 1459/890/1207
f 1466/1213/1214 1467/1216/1217 1464/1211/1212
f 1469/1215/1216 1468/1214/1215 1464/1211/1212
f 1442/871/1200 1470/870/1218 1142/872/910
f 1452/869/1201 1471/867/1220 1470/870/1218
f 1453/866/1219 1472/868/1223 1471/867/1220
f 1447/1206/1194 1475/904/1249 1474/903/1222
f 1175/905/943 1467/900/1217 1466/897/1214
f 1476/1217/1224 1477/1227/1262 1469/1215/1216
f 1479/909/1225 1480/1222/1246 1481/908/1226
f 1478/1218/1227 1482/912/2110 1483/911/1228
f 1478/1218/1227 1481/908/1226 1485/913/1229
f 1486/915/1231 1482/912/2110 1478/1218/1227
f 1488/917/1232 1486/1994/1231 1484/916/1230
f 1491/922/1236 1489/1219/1234 1490/920/1235
f 1491/922/1236 1488/917/1232 1487/918/1233
f 1493/923/1238 1494/926/2111 1492/1220/1237
f 1493/923/1238 1195/924/961 1496/927/1239
f 1497/929/1241 1494/926/2111 1493/923/1238
f 1498/933/1242 1495/928/1240 1496/927/1239
f 1500/932/1244 1497/929/1241 1495/928/1240
f 1501/934/1245 1502/936/1248 1480/1222/1246
f 1503/937/1247 1501/934/1245 1479/909/1225
f 1501/934/1245 1498/933/1242 1499/1221/1243
f 1501/934/1245 1503/937/1247 1500/932/1244
f 1475/904/1249 1447/1206/1194 1446/877/1195
f 1505/940/1251 1506/941/1256 1458/889/1252
f 1509/1223/1255 1455/888/1203 1458/889/1252
f 1510/946/1257 1511/948/1260 1512/947/1258
f 1451/882/1198 1507/949/1253 1504/939/1250
f 1507/949/1253 1451/882/1198 1455/888/1203
f 1508/944/1254 1507/942/1253 1509/950/1255
f 1506/951/1256 1505/1995/1251 1512/947/1258
f 1463/1208/1211 1514/1229/1264 1505/1224/1251
f 1469/1215/1216 1515/1228/1263 1516/1226/1261
f 1477/1227/1262 1517/1275/1304 1515/1228/1263
f 1468/1214/1215 1516/1226/1261 1514/1229/1264
f 1514/1229/1264 1518/1230/1265 1512/1231/1258
f 1518/1230/1265 1519/1234/1267 1513/1232/1259
f 1520/1233/1266 1521/2004/1276 1519/1234/1267
f 1515/1228/1263 1517/1275/1304 1520/1233/1266
f 1510/946/1257 1522/1295/1269 1508/944/1254
f 1523/1235/1268 1504/1239/1250 1508/1236/1254
f 1524/1238/1270 1475/1241/1249 1504/1239/1250
f 1525/1240/1271 1474/1243/1222 1475/1241/1249
f 1526/1242/1272 1472/1245/1223 1474/1243/1222
f 1527/1244/1273 1471/1250/1220 1472/1245/1223
f 1470/1246/1218 1528/1249/1274 1233/1247/999
f 1528/1249/1274 1470/1246/1218 1471/1250/1220
f 1529/979/1275 1519/961/1267 1521/980/1276
f 1531/981/1278 1522/1295/1269 1510/946/1257
f 1529/979/1275 1531/981/1278 1513/960/1259
f 1532/1251/1279 1238/2005/1280 1233/1247/999
f 1532/1252/1279 1533/1347/1460 1240/1253/1005
f 1534/1255/1281 1532/1251/1279 1528/1249/1274
f 1522/1237/1269 1535/1384/1478 1536/1256/1282
f 1537/1257/1283 1524/1238/1270 1523/1235/1268
f 1537/1257/1283 1536/1256/1282 1539/1258/1284
f 1540/1260/1286 1541/1264/1290 1538/1259/1285
f 1542/1261/1287 1525/1240/1271 1524/1238/1270
f 1526/1242/1272 1543/1262/1288 1534/1255/1281
f 1543/1262/1288 1526/1242/1272 1525/1240/1271
f 1544/1263/1289 1545/1265/1291 1538/1259/1285
f 1542/1261/1287 1537/1257/1283 1538/1259/1285
f 1546/1266/1292 1543/1262/1288 1542/1261/1287
f 1547/1267/1293 1548/1274/1294 1477/1227/1262
f 1476/906/1224 1252/996/1017 1255/998/1019
f 1252/996/1017 1476/906/1224 1467/900/1217
f 1547/1269/1293 1484/914/1230 1485/913/1229
f 1487/918/1233 1547/1001/1293 1255/1000/1019
f 1543/1262/1288 1546/1266/1292 1549/1271/1295
f 1545/1265/1291 1544/1263/1289 1550/1272/1296
f 1552/930/1297 1499/1221/1243 1496/927/1239
f 1502/936/1248 1499/1221/1243 1552/930/1297
f 1480/1222/1246 1502/936/1248 1553/938/1299
f 1556/1007/1301 1485/913/1229 1481/908/1226
f 1554/1006/1300 1555/1008/1302 1481/908/1226
f 1264/1009/1027 1551/931/1298 1496/927/1239
f 1548/1273/1294 1485/2006/1229 1556/1010/1301
f 1548/1274/1294 1558/1278/1305 1517/1275/1304
f 1558/1015/1305 1548/1273/1294 1557/1012/1303
f 1560/1277/1307 1520/1233/1266 1517/1275/1304
f 1561/1279/1308 1521/2004/1276 1520/1233/1266
f 1560/1021/1307 1558/1015/1305 1559/1276/1306
f 1563/1023/1310 1530/1140/1277 1521/980/1276
f 1562/1022/1309 1564/1025/1312 1561/1024/1308
f 1565/1026/1311 1563/1027/1310 1561/1024/1308
f 1567/1029/1314 1565/1026/1311 1564/1025/1312
f 1568/1033/1315 1552/1035/1297 1551/1032/1298
f 1569/1034/1316 1568/1033/1315 1276/1030/1040
f 1570/1036/1317 1553/1038/1299 1552/1035/1297
f 1571/1037/1318 1570/1036/1317 1568/1033/1315
f 1572/1039/1319 1554/2000/1300 1553/1038/1299
f 1573/1040/1320 1572/1039/1319 1570/1036/1317
f 1555/1280/1302 1554/2000/1300 1572/1039/1319
f 1555/1280/1302 1574/1281/1321 1557/1012/1303
f 1574/1281/1321 1575/1043/1322 1559/1276/1306
f 1575/1043/1322 1566/1028/1313 1562/1022/1309
f 1574/1281/1321 1572/1039/1319 1573/1040/1320
f 1577/1045/1324 1569/1034/1316 1279/1046/1051
f 1578/1283/1326 1577/1287/1324 1579/1284/1327
f 1571/1037/1318 1569/1034/1316 1577/1045/1324
f 1573/1040/1320 1571/1037/1318 1581/1050/1329
f 1576/1044/1323 1573/1040/1320 1582/1052/1330
f 1583/1053/1331 1584/1054/1332 1575/1043/1322
f 1566/1028/1313 1575/1043/1322 1584/1054/1332
f 1585/1055/1333 1586/1056/1343 1567/1029/1314
f 1580/1285/1328 1579/1284/1327 1299/1058/1061
f 1588/1060/1335 1589/1555/1603 1590/1059/1336
f 1587/1061/1337 1590/1059/1336 1305/1062/1065
f 1591/1065/1339 1306/1063/1066 1310/1066/1069
f 1593/1067/1341 1594/1082/1355 1591/1065/1339
f 1595/1069/1342 1596/1070/1350 1586/1056/1343
f 1597/1071/1344 1595/1069/1342 1585/1055/1333
f 1598/1072/1345 1597/1071/1344 1584/1054/1332
f 1599/1073/1346 1598/1072/1345 1583/1053/1331
f 1601/1076/1348 1599/1073/1346 1582/1052/1330
f 1602/1077/1349 1603/1107/1375 1596/1070/1350
f 1604/1078/1351 1602/1077/1349 1595/1069/1342
f 1605/1079/1352 1604/1078/1351 1597/1071/1344
f 1606/1080/1353 1605/1079/1352 1598/1072/1345
f 1607/1081/1354 1601/1076/1348 1594/1082/1355
f 1601/1076/1348 1607/1081/1354 1606/1080/1353
f 1592/1068/1340 1310/1066/1069 1327/1083/1085
f 1608/1084/1356 1609/1085/1379 1593/1067/1341
f 1610/1086/1357 1608/1084/1356 1327/1083/1085
f 1611/1088/1358 1612/1090/1360 1333/1089/1091
f 1612/1090/1360 1610/1086/1357 1329/1087/1089
f 1614/1092/1362 1612/1090/1360 1611/1088/1358
f 1616/1093/1364 1617/1094/1371 1614/1092/1362
f 1618/1095/1365 1617/1094/1371 1616/1093/1364
f 1342/1096/1098 1618/1095/1365 1619/1097/1366
f 1620/1098/1368 1613/1091/1361 1612/1090/1360
f 1622/1100/1370 1620/1098/1368 1614/1092/1362
f 1623/1101/1372 1618/1095/1365 1342/1096/1098
f 1623/1101/1372 1622/1100/1370 1617/1094/1371
f 1349/1103/1105 1624/1104/1373 1623/1101/1372
f 1624/1104/1373 1625/1105/1374 1622/1100/1370
f 1620/1098/1368 1622/1100/1370 1625/1105/1374
f 1603/1107/1375 1602/1077/1349 1627/1293/1376
f 1628/1109/1378 1610/1086/1357 1613/1091/1361
f 1609/1085/1379 1608/1084/1356 1610/1086/1357
f 1631/1111/1381 1629/1110/1380 1625/1105/1374
f 1602/1077/1349 1604/1078/1351 1632/1113/1383
f 1634/1116/1385 1635/1115/1386 1627/1293/1376
f 1635/1115/1386 1634/1116/1385 1631/1111/1381
f 1635/1115/1386 1633/1114/1384 1626/1108/1377
f 1607/1081/1354 1593/1067/1341 1609/1085/1379
f 1607/1081/1354 1636/1117/1387 1637/1118/1388
f 1638/1119/1389 1628/1109/1378 1621/1099/1369
f 1605/1079/1352 1606/1080/1353 1637/1118/1388
f 1637/1118/1388 1636/1117/1387 1638/1119/1389
f 1605/1079/1352 1639/1120/1390 1632/1113/1383
f 1639/1120/1390 1638/1119/1389 1634/1116/1385
f 1628/1109/1378 1638/1119/1389 1636/1117/1387
f 1634/1116/1385 1638/1119/1389 1629/1110/1380
f 1633/1114/1384 1630/1112/1382 1641/1122/1391
f 1642/1124/1393 1626/1108/1377 1633/1114/1384
f 1370/1125/1127 1371/1126/1128 1640/1123/1392
f 1643/1127/1394 1603/1107/1375 1626/1108/1377
f 1371/1126/1128 1373/1128/1130 1642/1124/1393
f 1644/1129/1395 1596/1070/1350 1603/1107/1375
f 1375/1130/1132 1643/1127/1394 1642/1124/1393
f 1645/1131/1396 1586/1056/1343 1596/1070/1350
f 1377/1132/1134 1644/1129/1395 1643/1127/1394
f 1646/1133/1397 1567/1029/1314 1586/1056/1343
f 1379/1134/1136 1645/1131/1396 1644/1129/1395
f 1647/1135/1398 1565/1026/1311 1567/1029/1314
f 1379/1134/1136 1381/1136/1134 1646/1133/1397
f 1381/1136/1134 1382/1137/1138 1647/1135/1398
f 1648/1138/1399 1563/1027/1310 1565/1026/1311
f 1649/1139/1400 1530/1140/1277 1563/1023/1310
f 1648/1138/1399 1647/1135/1398 1382/1137/1138
f 1650/1142/1401 1529/979/1275 1530/1140/1277
f 1387/1144/1144 1649/1139/1400 1648/1294/1399
f 1651/1146/1402 1535/2007/1478 1522/1295/1269
f 1531/981/1278 1529/979/1275 1650/1142/1401
f 1387/1144/1144 1389/1147/1146 1650/1142/1401
f 1389/1147/1146 1390/1148/1147 1651/1146/1402
f 1652/1296/1403 1653/1349/1462 1540/1260/1286
f 1654/1297/1404 1655/1386/1470 1656/1298/1405
f 1660/1301/1409 1533/1347/1460 1532/1252/1279
f 1660/1301/1409 1661/1428/1412 1662/1304/1410
f 1661/1306/1412 1549/1271/1295 1546/1266/1292
f 1665/1185/1413 1425/2003/1592 1420/1182/1174
f 1666/1186/1415 1667/1310/1418 1665/1185/1413
f 1641/1161/1391 1630/1551/1382 1670/1311/1419
f 1370/1164/1127 1641/1161/1391 1671/1165/1420
f 1407/1167/1160 1423/1425/1504 1672/1184/1422
f 1674/1313/1424 1675/1171/1434 1676/1314/1425
f 1677/1315/1426 1676/1314/1425 1678/1173/1427
f 1679/1316/1428 1678/1173/1427 1680/1175/1429
f 1680/1175/1429 1682/1179/1432 1683/1318/1431
f 1682/1179/1432 1419/1392/1482 1418/1178/1171
f 1404/1181/1161 1684/1166/1433 1664/1307/1414
f 1684/1166/1433 1673/1194/1423 1674/1313/1424
f 1672/1184/1422 1423/2002/1504 1422/1183/1175
f 1673/1194/1423 1672/1184/1422 1675/1171/1434
f 1664/1307/1414 1674/1313/1424 1677/1315/1426
f 1685/1200/1435 1686/1189/1440 1687/1319/1436
f 1689/1321/1438 1683/1318/1431 1690/1322/1439
f 1683/1318/1431 1418/1178/1171 1436/1193/1185
f 1669/1199/1417 1668/1201/1416 1685/1200/1435
f 1669/1324/1417 1688/2008/1437 1687/1325/1436
f 1686/1189/1440 1685/1200/1435 1668/1201/1416
f 1681/1195/1430 1692/1196/1605 1693/1191/1442
f 1258/1003/1021 1400/1160/1156 1694/1326/1443
f 1241/985/1006 1240/984/1005 1695/1328/1445
f 1396/1153/1152 1391/1149/1148 1394/1151/1150
f 1696/1329/1446 1695/1328/1445 1697/1330/1447
f 1398/1156/1154 1241/985/1006 1696/1329/1446
f 1699/1333/1449 1700/1341/1454 1259/1327/1444
f 1393/1150/1149 1700/1341/1454 1699/1333/1449
f 1696/1329/1446 1698/1331/1448 1699/1334/1449
f 1698/1331/1448 1397/1383/1153 1394/1335/1150
f 1366/1121/1123 1391/1149/1148 1396/1153/1152
f 1366/1121/1123 1247/990/1011 1392/1336/1450
f 1701/1337/1451 1392/1336/1450 1247/990/1011
f 1260/1004/1022 1701/1337/1451 1246/991/1012
f 1257/1005/1023 1260/1004/1022 1250/994/1015
f 1399/1338/1155 1257/1005/1023 1251/995/1016
f 1392/1336/1450 1702/1340/1453 1703/1339/1452
f 1701/1337/1451 1704/1345/1458 1702/1340/1453
f 1700/1341/1454 1393/1150/1149 1703/1339/1452
f 1700/1341/1454 1705/1342/1455 1706/1343/1456
f 1701/1337/1451 1260/1004/1022 1707/1344/1457
f 1260/1004/1022 1259/1327/1444 1706/1343/1456
f 1708/1346/1459 1695/1356/1445 1240/1253/1005
f 1660/1301/1409 1663/1305/1411 1708/1346/1459
f 1544/1263/1289 1709/1369/1474 1710/1348/1461
f 1653/1349/1462 1652/1296/1403 1654/1297/1404
f 1711/1350/1463 1712/2009/1477 1713/1351/1464
f 1716/1353/132 1717/1379/1475 1718/1354/1466
f 1714/1352/1465 1713/1351/1464 1716/1353/132
f 1697/1358/1447 1695/1356/1445 1719/1357/1468
f 1697/1358/1447 1720/1359/1469 1656/1360/1405
f 1657/1299/1406 1712/1374/1477 1711/1362/1463
f 1720/1363/1469 1721/1372/1476 1722/1364/1471
f 1540/1260/1286 1653/1349/1462 1711/1362/1463
f 1719/1366/1468 1663/1380/1411 1723/1367/1472
f 1709/1369/1474 1544/1263/1289 1718/1370/1466
f 1541/1264/1290 1715/1373/1467 1718/1370/1466
f 1720/1363/1469 1719/1366/1468 1724/1368/1473
f 1540/1260/1286 1714/1365/1465 1715/1373/1467
f 1712/1374/1477 1657/1299/1406 1656/1298/1405
f 1713/1351/1464 1712/2009/1477 1722/1375/1471
f 1716/1353/132 1713/1351/1464 1721/1376/1476
f 1716/1353/132 1724/1377/1473 1723/1378/1472
f 1663/1380/1411 1709/1369/1474 1717/1371/1475
f 1710/1348/1461 1662/1381/1410 1661/1306/1412
f 1709/1369/1474 1663/1380/1411 1662/1381/1410
f 1698/1331/1448 1697/1330/1447 1655/1382/1470
f 1652/1296/1403 1539/1258/1284 1536/1256/1282
f 1652/1296/1403 1535/1384/1478 1659/1385/1408
f 1659/1385/1408 1658/2010/1407 1655/1386/1470
f 1658/1387/1407 1395/1152/1151 1397/1154/1153
f 1659/1155/1408 1535/2007/1478 1651/1146/1402
f 1422/1183/1175 1725/1389/1479 1676/1314/1425
f 1422/1183/1175 1411/1171/1164 1410/1170/1163
f 1413/1173/1166 1415/1175/1168 1727/1390/1480
f 1678/1173/1427 1726/1391/1481 1727/1390/1480
f 1727/1390/1480 1415/1175/1168 1417/1179/1172
f 1727/1390/1480 1419/1392/1482 1682/1179/1432
f 1331/1393/1090 1728/1397/1484 1729/1394/89
f 1337/1396/1483 1730/1399/1486 1728/1397/1484
f 1337/1396/1483 1338/1401/1095 1731/1398/1485
f 1341/1400/1099 1732/1403/1487 1731/1398/1485
f 1343/1402/1367 1733/1407/81 1732/1403/1487
f 1611/1404/1358 1332/1395/1359 1729/1394/89
f 1615/1396/1363 1611/1404/1358 1734/1397/1488
f 1615/1396/1363 1735/1405/1489 1736/1398/1490
f 1619/1400/1366 1616/1406/1364 1736/1398/1490
f 1343/1402/1367 1619/1400/1366 1737/1403/1491
f 1728/1397/1484 1738/1409/1493 1739/1408/1492
f 1730/1399/1486 1740/1411/1495 1738/1409/1493
f 1730/1399/1486 1731/1398/1485 1741/1410/1494
f 1732/1403/1487 1742/1412/1496 1741/1410/1494
f 1733/1407/81 1743/1416/1501 1742/1412/1496
f 1734/1397/1488 1729/1394/89 1739/1408/1492
f 1735/1405/1489 1734/1397/1488 1744/1409/1497
f 1735/1405/1489 1745/1413/1498 1746/1414/1499
f 1737/1403/1491 1736/1398/1490 1746/1414/1499
f 1733/1407/81 1737/1403/1491 1747/1415/1500
f 1748/1417/1502 1745/1420/1498 1744/1418/1497
f 1738/1418/1493 1740/1420/1495 1748/1417/1502
f 1740/1420/1495 1741/1422/1494 1749/1421/1503
f 1745/1420/1498 1748/1417/1502 1749/1421/1503
f 1749/1421/1503 1741/1422/1494 1742/1423/1496
f 1749/1421/1503 1743/1424/1501 1747/1423/1500
f 1407/1167/1160 1406/1194/1186 1424/1184/1176
f 1407/1167/1160 1673/1194/1423 1684/1166/1433
f 1725/1389/1479 1410/1170/1163 1413/1173/1166
f 1725/1389/1479 1726/1391/1481 1678/1173/1427
f 1579/1284/1327 1577/1287/1324 1288/1426/1325
f 1291/1048/1053 1299/1058/1061 1288/1426/1325
f 1400/1427/1156 1399/1158/1155 1398/1156/1154
f 1751/1429/1505 1752/1433/1509 1753/1430/1506
f 1751/1429/1505 1754/1434/1510 1755/1432/1508
f 1754/1434/1510 1756/1436/1512 1757/1435/1511
f 1756/1436/1512 1758/1439/1515 1759/1437/1513
f 1760/1438/1514 1761/1456/1517 1759/1437/1513
f 1762/1440/1516 1763/1444/1519 1761/1441/1517
f 1764/1443/1518 1765/1446/1521 1763/1444/1519
f 1764/1443/1518 1766/1447/1522 1767/1445/1520
f 1766/1447/1522 1768/1450/1524 1769/1448/1523
f 1750/1449/1507 1753/2011/1506 1769/1448/1523
f 1753/1430/1506 1752/1433/1509 1770/1451/1525
f 1752/1433/1509 1755/1432/1508 1772/1453/1527
f 1755/1432/1508 1757/1435/1511 1773/1454/1528
f 1757/1435/1511 1759/1437/1513 1774/1455/1529
f 1761/1456/1517 1775/1468/1530 1774/1455/1529
f 1763/1444/1519 1776/1458/1531 1775/1457/1530
f 1765/1446/1521 1777/1459/1532 1776/1458/1531
f 1767/1445/1520 1778/1460/1533 1777/1459/1532
f 1769/1448/1523 1779/1462/1534 1778/1460/1533
f 1769/1448/1523 1753/2011/1506 1771/1461/1526
f 1771/1452/1526 1770/1451/1525 1780/1463/1535
f 1770/1451/1525 1772/1453/1527 1781/1465/1536
f 1772/1453/1527 1773/1454/1528 1782/1466/1537
f 1773/1454/1528 1774/1455/1529 1783/1467/1538
f 1775/1468/1530 1784/1480/1539 1783/1467/1538
f 1776/1458/1531 1785/1470/1540 1784/1469/1539
f 1777/1459/1532 1786/1471/1541 1785/1470/1540
f 1778/1460/1533 1787/1472/1542 1786/1471/1541
f 1779/1462/1534 1702/1474/1453 1787/1472/1542
f 1779/1462/1534 1771/1461/1526 1703/1473/1452
f 1703/1464/1452 1780/1463/1535 1788/1475/1543
f 1780/1463/1535 1781/1465/1536 1790/1477/1545
f 1781/1465/1536 1782/1466/1537 1791/1478/1546
f 1782/1466/1537 1783/1467/1538 1792/1479/1547
f 1784/1480/1539 1793/1490/1548 1792/1479/1547
f 1785/1470/1540 1794/1482/1549 1793/1481/1548
f 1786/1471/1541 1795/1483/1550 1794/1482/1549
f 1787/1472/1542 1796/1484/1551 1795/1483/1550
f 1702/1474/1453 1704/1494/1458 1796/1484/1551
f 1789/1476/1544 1788/1475/1543 1797/1485/1552
f 1788/1475/1543 1790/1477/1545 1798/1487/1553
f 1790/1477/1545 1791/1478/1546 1799/1488/1554
f 1791/1478/1546 1792/1479/1547 1800/1489/1555
f 1793/1490/1548 1801/2012/1556 1800/1489/1555
f 1794/1482/1549 1802/1492/1557 1801/1491/1556
f 1795/1483/1550 1803/1493/1558 1802/1492/1557
f 1796/1484/1551 1804/1495/1559 1803/1493/1558
f 1704/1494/1458 1707/1505/1457 1804/1495/1559
f 1706/1486/1456 1797/1485/1552 1805/1496/1560
f 1797/1485/1552 1798/1487/1553 1807/1498/1562
f 1799/1488/1554 1808/1499/1563 1807/1498/1562
f 1800/1489/1555 1809/1501/1565 1808/1499/1563
f 1800/1489/1555 1801/2012/1556 1810/1500/1564
f 1801/1491/1556 1802/1492/1557 1811/1502/1566
f 1802/1492/1557 1803/1493/1558 1812/1504/1567
f 1804/1495/1559 1813/1506/1568 1812/1504/1567
f 1707/1505/1457 1814/1508/1569 1813/1506/1568
f 1707/1505/1457 1706/2013/1456 1806/1507/1561
f 1806/1497/1561 1805/1496/1560 1815/1509/1570
f 1807/1498/1562 1817/1511/1572 1815/1509/1570
f 1808/1499/1563 1818/1512/1573 1817/1511/1572
f 1809/1501/1565 1819/1514/1575 1818/1512/1573
f 1809/1501/1565 1810/1500/1564 1820/1513/1574
f 1810/1503/1564 1811/1502/1566 1821/1515/1576
f 1812/1504/1567 1822/1517/1577 1821/1515/1576
f 1813/1506/1568 1823/1518/1578 1822/1517/1577
f 1814/1508/1569 1824/1520/1579 1823/1518/1578
f 1814/1508/1569 1806/1507/1561 1816/1519/1571
f 1816/1510/1571 1815/1509/1570 1825/1521/1580
f 1815/1509/1570 1817/1511/1572 1827/1523/1582
f 1818/1512/1573 1828/1524/1583 1827/1523/1582
f 1819/1514/1575 1829/1526/1585 1828/1524/1583
f 1819/1514/1575 1820/1513/1574 1830/1525/1584
f 1820/1516/1574 1821/1515/1576 1831/1527/1586
f 1822/1517/1577 1832/1529/1587 1831/1527/1586
f 1823/1518/1578 1833/1530/1588 1832/1529/1587
f 1824/1520/1579 1834/1532/1589 1833/1530/1588
f 1824/1520/1579 1816/1519/1571 1826/1531/1581
f 1473/865/1221 1472/868/1223 1453/866/1219
f 1134/865/903 1133/864/902 1135/866/904
f 1425/1537/1592 1837/1543/1596 1838/1538/1593
f 1426/1539/1177 1838/1538/1593 1839/1540/1594
f 1428/1541/1179 1839/1540/1594 1402/1162/1157
f 1425/1537/1592 1665/1539/1413 1840/1538/1595
f 1665/1539/1413 1667/1541/1418 1841/1540/1597
f 1667/1541/1418 1669/1542/1417 1670/1311/1419
f 1668/1308/1416 1667/1310/1418 1666/1186/1415
f 1402/1162/1157 1401/1165/1158 1435/1545/1598
f 1403/1546/1421 1436/2014/1185 1435/1545/1598
f 1670/1311/1419 1669/1542/1417 1690/1545/1439
f 1403/1312/1421 1671/1165/1420 1690/1545/1439
f 1837/1543/1596 1349/1550/1105 1350/1548/1106
f 1838/1538/1593 1350/1548/1106 1351/1549/1107
f 1839/1540/1594 1351/1549/1107 1356/1163/1114
f 1837/1543/1596 1840/1538/1595 1624/1548/1373
f 1840/1538/1595 1841/1540/1597 1625/1549/1374
f 1841/1540/1597 1670/1311/1419 1630/1551/1382
f 1319/1076/1078 1311/1082/1084 1318/1074/1077
f 1842/1552/1599 1318/1074/1077 1311/1082/1084
f 1307/1064/1067 1843/1556/1602 1842/1552/1599
f 1844/1552/1600 1843/1556/1602 1307/1064/1067
f 1594/1082/1355 1600/1074/1347 1844/1552/1600
f 1601/1076/1348 1581/1050/1329 1600/1074/1347
f 1290/1057/1060 1289/1047/1052 1302/1553/1601
f 1289/1075/1052 1318/1074/1077 1303/1060/1063
f 1842/1552/1599 1300/1061/1064 1303/1060/1063
f 1843/1556/1602 1304/1289/1338 1300/1061/1064
f 1298/1288/1334 1290/1057/1060 1301/1554/1062
f 1844/1552/1600 1600/1074/1347 1588/1060/1335
f 1578/1075/1326 1589/1555/1603 1588/1060/1335
f 1580/1285/1328 1590/1559/1336 1589/1558/1603
f 1298/1288/1334 1305/1557/1065 1590/1559/1336
f 1843/1556/1602 1844/1552/1600 1587/1061/1337
f 1427/1186/1178 1428/1187/1179 1440/1308/1189
f 1430/1189/1181 1429/1197/1180 1440/1201/1189
f 1439/1200/1188 1438/1320/2109 1431/1319/1604
f 1431/1325/1604 1438/2008/2109 1437/1324/1187
f 1434/1192/1184 1437/1544/1187 1435/1322/1598
f 1693/1191/1442 1686/1189/1440 1691/1197/1441
f 1686/1189/1440 1693/1191/1442 1692/1190/1605
f 1689/1203/1438 1687/1325/1436 1692/1202/1605
f 1203/933/970 1200/1221/1606 1198/927/964
f 1205/934/971 1206/936/973 1200/1221/1606
f 1856/1571/1617 1857/1574/1618 1846/1572/1608
f 1857/1574/1618 1858/1576/1619 1848/1575/1609
f 1858/1576/1619 1859/1578/1620 1849/1577/1610
f 1859/1578/1620 1860/1581/1622 1850/1579/1611
f 1861/1580/1621 1851/1583/1612 1850/1579/1611
f 1862/1582/1623 1852/1585/1613 1851/1583/1612
f 1863/1584/1624 1853/1587/1614 1852/1585/1613
f 1864/1586/1625 1854/2015/1615 1853/1587/1614
f 1865/1588/1626 1855/1591/1616 1854/1589/1615
f 1865/1588/1626 1856/1571/1617 1845/1573/1607
f 1857/1592/1618 1856/1611/1617 1866/1593/1627
f 1857/1592/1618 1867/1594/1628 1868/1595/1629
f 1858/1596/1619 1868/1595/1629 1869/1597/1630
f 1859/1598/1620 1869/1597/1630 1870/1599/1631
f 1860/1600/1622 1870/1599/1631 1871/1601/1632
f 1861/1602/1621 1871/1601/1632 1872/1603/1633
f 1863/1605/1624 1862/1604/1623 1872/1603/1633
f 1864/1607/1625 1863/1605/1624 1873/1606/1634
f 1865/1609/1626 1864/1607/1625 1874/1608/1635
f 1856/1611/1617 1865/1609/1626 1875/1610/1636
f 1867/1612/1628 1866/1632/1627 1876/1613/1637
f 1867/1612/1628 1877/1614/1638 1878/1615/1639
f 1868/1616/1629 1878/1615/1639 1879/1617/1640
f 1869/1618/1630 1879/1617/1640 1880/1619/1641
f 1870/1620/1631 1880/1619/1641 1881/1621/1642
f 1871/1622/1632 1881/1621/1642 1882/1623/1643
f 1873/1625/1634 1872/1624/1633 1882/1623/1643
f 1874/1627/1635 1873/1725/1634 1883/1628/1644
f 1875/1630/1636 1874/1627/1635 1884/1629/1645
f 1866/1632/1627 1875/1630/1636 1885/1631/1646
f 1876/1633/1637 1886/1652/1656 1887/1634/1647
f 1878/1636/1639 1877/1635/1638 1887/1634/1647
f 1879/1638/1640 1878/1636/1639 1888/1637/1648
f 1880/1640/1641 1879/1638/1640 1889/1639/1649
f 1880/1640/1641 1890/1641/1650 1891/1642/1651
f 1881/1643/1642 1891/1642/1651 1892/1644/1652
f 1883/1646/1644 1882/1645/1643 1892/1644/1652
f 1884/1648/1645 1883/1646/1644 1893/1647/1653
f 1885/1650/1646 1884/1648/1645 1894/1649/1654
f 1885/1650/1646 1895/1651/1655 1886/1652/1656
f 1886/1653/1656 1896/1673/1666 1897/1654/1657
f 1888/1656/1648 1887/1655/1647 1897/1654/1657
f 1889/1658/1649 1888/1726/1648 1898/1659/1658
f 1890/1661/1650 1889/1658/1649 1899/1660/1659
f 1891/1663/1651 1890/1661/1650 1900/1662/1660
f 1892/1665/1652 1891/1663/1651 1901/1664/1661
f 1892/1665/1652 1902/1666/1662 1903/1667/1663
f 1893/1668/1653 1903/1667/1663 1904/1669/1664
f 1894/1670/1654 1904/1669/1664 1905/1671/1665
f 1895/1672/1655 1905/1671/1665 1896/1673/1666
f 1896/1673/1666 1906/1682/1674 1907/1674/1667
f 1898/1657/1658 1897/1654/1657 1907/1674/1667
f 1899/1660/1659 1898/1659/1658 1908/1676/1668
f 1901/1664/1661 1900/1662/1660 1909/1677/1669
f 1902/1666/1662 1901/1664/1661 1910/1678/1670
f 1902/1666/1662 1911/1679/1671 1912/1680/1672
f 1903/1667/1663 1912/1680/1672 1913/1681/1673
f 1904/1669/1664 1913/1681/1673 1906/1682/1674
f 1907/1683/1675 1914/1687/1679 1915/1684/1676
f 1908/1686/1678 1909/1700/1692 1916/1688/1680
f 1918/1689/1681 1919/1693/1685 1920/1690/1682
f 1915/1684/1676 1921/1702/1694 1922/1692/1684
f 1919/1693/1685 1923/1707/1699 1924/1694/1686
f 1922/1692/1684 1921/1702/1694 1925/1695/1687
f 1915/1684/1676 1914/1687/1679 1927/1697/1689
f 1916/1688/1680 1918/1689/1681 1927/1697/1689
f 1929/1699/1691 1916/1688/1680 1909/1700/1692
f 1921/1702/1694 1915/1684/1676 1928/1698/1690
f 1932/1704/1696 1929/1699/1691 1930/1701/1693
f 1925/1695/1687 1921/1702/1694 1931/1703/1695
f 1918/1689/1681 1916/1688/1680 1929/1699/1691
f 1919/1693/1685 1929/1699/1691 1932/1704/1696
f 1928/1698/1690 1927/1697/1689 1935/1708/1700
f 1918/1689/1681 1917/1691/1683 1935/1708/1700
f 1928/1698/1690 1936/1709/1701 1937/1710/1702
f 1931/1703/1695 1937/1710/1702 1938/1711/1703
f 1940/1712/1704 1941/1727/1704 1942/1713/1705
f 1943/1715/1707 1944/1719/1707 1941/1716/1704
f 1943/1715/1707 1945/1721/1708 1946/1718/1708
f 1947/1720/1709 1948/1723/1709 1946/1718/1708
f 1949/1722/1710 1950/1724/1710 1948/1723/1709
f 1949/1722/1710 1939/1714/1706 1942/1713/1705
f 1962/1571/1721 1951/1573/1711 1953/1572/1712
f 1963/1574/1722 1953/1572/1712 1954/1575/1713
f 1964/1576/1723 1954/1575/1713 1955/1577/1714
f 1965/1578/1724 1955/1577/1714 1956/1579/1715
f 1956/1579/1715 1957/1583/1716 1967/1580/1726
f 1957/1583/1716 1958/1585/1717 1968/1582/1727
f 1958/1585/1717 1959/1587/1718 1969/1584/1728
f 1959/1587/1718 1960/2015/1719 1970/1586/1729
f 1960/1589/1719 1961/1591/1720 1971/1588/1730
f 1971/1588/1730 1961/1591/1720 1951/1573/1711
f 1963/1592/1722 1972/1594/1740 1973/1593/1731
f 1974/1595/1732 1972/1594/1740 1963/1592/1722
f 1975/1597/1733 1974/1595/1732 1964/1596/1723
f 1976/1599/1734 1975/1597/1733 1965/1598/1724
f 1977/1601/1735 1976/1599/1734 1966/1600/1725
f 1978/1603/1736 1977/1601/1735 1967/1602/1726
f 1969/1605/1728 1979/1606/1737 1978/1603/1736
f 1970/1607/1729 1980/1608/1738 1979/1606/1737
f 1971/1609/1730 1981/1610/1739 1980/1608/1738
f 1962/1611/1721 1973/1593/1731 1981/1610/1739
f 1972/1612/1740 1982/1614/1751 1983/1613/1741
f 1984/1615/1742 1982/1614/1751 1972/1612/1740
f 1985/1617/1743 1984/1615/1742 1974/1616/1732
f 1986/1619/1744 1985/1617/1743 1975/1618/1733
f 1987/1621/1745 1986/1619/1744 1976/1620/1734
f 1988/1623/1746 1987/1621/1745 1977/1622/1735
f 1979/1625/1737 1989/1626/1747 1988/1623/1746
f 1980/1627/1738 1990/1629/1748 1989/1628/1747
f 1981/1630/1739 1991/1631/1749 1990/1629/1748
f 1973/1632/1731 1983/1613/1741 1991/1631/1749
f 1992/1634/1750 1993/1652/1758 1983/1633/1741
f 1984/1636/1742 1994/1637/1752 1992/1634/1750
f 1985/1638/1743 1995/1639/1753 1994/1637/1752
f 1986/1640/1744 1996/1641/1761 1995/1639/1753
f 1997/1642/1754 1996/1641/1761 1986/1640/1744
f 1998/1644/1755 1997/1642/1754 1987/1643/1745
f 1989/1646/1747 1999/1647/1756 1998/1644/1755
f 1990/1648/1748 2000/1649/1757 1999/1647/1756
f 1991/1650/1749 2001/1651/1768 2000/1649/1757
f 1993/1652/1758 2001/1651/1768 1991/1650/1749
f 2002/1654/1759 2003/1673/1769 1993/1653/1758
f 1994/1656/1752 2004/1657/1760 2002/1654/1759
f 1995/1658/1753 2005/1660/1762 2004/1659/1760
f 1996/1661/1761 2006/1662/1763 2005/1660/1762
f 1997/1663/1754 2007/1664/1764 2006/1662/1763
f 1998/1665/1755 2008/1666/1773 2007/1664/1764
f 2009/1667/1765 2008/1666/1773 1998/1665/1755
f 2010/1669/1766 2009/1667/1765 1999/1668/1756
f 2011/1671/1767 2010/1669/1766 2000/1670/1757
f 2003/1673/1769 2011/1671/1767 2001/1672/1768
f 2012/1674/1770 2013/1682/1777 2003/1673/1769
f 2004/1657/1760 2014/1675/1771 2012/1674/1770
f 2005/1660/1762 2015/1677/1772 2014/1676/1771
f 2007/1664/1764 2016/1678/1774 2015/1677/1772
f 2008/1666/1773 2017/1679/2112 2016/1678/1774
f 2018/1680/1775 2017/1679/2112 2008/1666/1773
f 2019/1681/1776 2018/1680/1775 2009/1667/1765
f 2013/1682/1777 2019/1681/1776 2010/1669/1766
f 2020/1684/1778 2021/1687/1781 2012/1683/1779
f 2014/1686/1782 2021/1687/1781 2022/1688/1783
f 2024/1690/1785 2025/1693/1790 2026/1689/1786
f 2027/1692/1788 2028/1702/1792 2020/1684/1778
f 2029/1694/1789 2030/1707/1799 2025/1693/1790
f 2027/1692/1788 2031/1696/2113 2032/1695/1791
f 2020/1684/1778 2033/1698/1795 2034/1697/1793
f 2034/1697/1793 2026/1689/1786 2022/1688/1783
f 2035/1699/1794 2036/1701/1797 2015/1700/1784
f 2028/1702/1792 2037/1703/1798 2033/1698/1795
f 2038/1704/1796 2039/1705/2114 2036/1701/1797
f 2032/1695/1791 2040/1706/1803 2037/1703/1798
f 2035/1699/1794 2022/1688/1783 2026/1689/1786
f 2038/1704/1796 2035/1699/1794 2025/1693/1790
f 2033/1698/1795 2041/1709/2115 2042/1708/1800
f 2042/1708/1800 2023/1691/1787 2026/1689/1786
f 2043/1710/1801 2041/1709/2115 2033/1698/1795
f 2044/1711/1802 2043/1710/1801 2037/1703/1798
f 2045/1714/1804 2046/1713/2116 2047/1727/1805
f 2048/1717/1806 2047/1716/1805 2049/1719/1807
f 2049/1719/1807 2051/1718/1808 2052/1721/1808
f 2051/1718/1808 2053/1723/1809 2054/1720/1809
f 2054/1720/1809 2053/1723/1809 2055/1724/1810
f 2055/1724/1810 2046/1713/2116 2045/1714/1804
f 2058/1728/1811 2059/1731/1813 2060/1729/856
f 2059/1731/1813 2061/1742/1819 2062/1732/1814
f 2063/1733/1815 2064/1740/63 2065/1734/1816
f 2057/1733/1812 2060/1735/856 2062/1734/1814
f 2069/1737/1817 2070/1766/1837 2071/1738/459
f 2061/1742/1819 2069/1737/1817 2068/1739/1818
f 2072/1743/63 2074/1746/1834 2075/1744/1820
f 2073/1743/92 2062/2016/1814 2068/1744/1818
f 2077/1747/1821 2078/1765/1836 2079/1748/1822
f 2076/1749/1823 2079/1748/1822 2081/1750/1824
f 2083/1752/1826 2084/1755/1829 2085/1753/1827
f 2080/1751/1825 2081/1750/1824 2084/1755/1829
f 2087/1756/1830 2063/1775/1815 2066/1757/686
f 2086/1758/1831 2066/1757/686 2065/1759/1816
f 2090/1761/1833 2075/1764/1820 2074/1762/1834
f 2088/1760/1832 2065/1759/1816 2075/1764/1820
f 2059/1731/1813 2058/1728/1811 2077/1747/1821
f 2087/1756/1830 2078/1765/1836 2077/1747/1821
f 2086/1758/1831 2079/1748/1822 2078/1765/1836
f 2061/1742/1819 2059/1731/1813 2076/1749/1823
f 2088/1760/1832 2081/1750/1824 2079/1748/1822
f 2070/1766/1837 2069/1737/1817 2083/1752/1826
f 2089/1763/1835 2085/1753/1827 2084/1755/1829
f 2061/1742/1819 2080/1751/1825 2083/1752/1826
f 2088/1760/1832 2090/1761/1833 2084/1755/1829
f 2067/1767/1838 2091/1772/1857 2092/1768/1839
f 2064/1770/1841 2063/1769/2117 2093/1771/1842
f 2058/1728/1811 2095/1773/1845 2096/1774/1844
f 2095/1776/1845 2097/2017/1846 2098/1777/1846
f 2064/1779/1841 2094/2018/1843 2099/1780/1847
f 2100/1782/1849 2091/2018/1857 2067/1783/1838
f 2072/1781/1851 2099/1780/2118 2101/1784/1852
f 2073/1781/1854 2071/1785/2119 2102/1784/1855
f 2100/1786/1849 2103/2019/2120 2092/1768/1839
f 2093/1771/1842 2104/2020/2121 2099/1786/1858
f 2092/1768/1839 2105/1791/1867 2097/1789/1860
f 2098/1789/1861 2106/1791/1865 2093/1771/1862
f 2107/1790/1864 2104/2020/2122 2093/1771/1862
f 2098/1789/1861 2108/2021/2123 2107/1792/1864
f 2092/1768/1839 2103/2019/2120 2109/1790/1866
f 2109/1793/1866 2110/2022/2124 2097/1789/1868
f 2114/1797/1872 2111/1794/1872 2113/1796/1873
f 2112/1800/1870 2117/1809/1881 2118/1801/1878
f 2113/1803/1873 2118/1819/1879 2119/1804/1879
f 2119/1806/1880 2120/1814/1884 2116/1807/1877
f 2117/1809/1881 2121/2023/1886 2122/1810/1882
f 2119/1804/1879 2118/1819/1879 2122/1811/89
f 2123/1813/1883 2124/2024/1885 2120/1814/1884
f 2116/1807/63 2120/1814/1884 2124/1815/1885
f 2121/1817/1886 2117/1809/1881 2112/1800/92
f 2126/1728/1887 2127/1731/1888 2128/1729/856
f 2127/1731/1888 2129/1742/1892 2130/1732/1889
f 2131/1733/1815 2132/1740/63 2133/1734/1816
f 2125/1733/1812 2128/1735/856 2130/1734/1889
f 2137/1737/1890 2138/1766/1909 2139/1738/459
f 2129/1742/1892 2137/1737/1890 2136/1739/1891
f 2140/1743/63 2142/1746/1906 2143/1744/1820
f 2141/1743/92 2130/2016/1889 2136/1744/1891
f 2145/1747/1893 2146/1765/1908 2147/1748/1894
f 2144/1749/1895 2147/1748/1894 2149/1750/1896
f 2151/1752/1898 2152/1755/1901 2153/1753/1899
f 2148/1751/1897 2149/1750/1896 2152/1755/1901
f 2155/1756/1902 2131/1775/1815 2134/1757/686
f 2154/1758/1903 2134/1757/686 2133/1759/1816
f 2158/1761/1905 2143/1764/1820 2142/1762/1906
f 2156/1760/1904 2133/1759/1816 2143/1764/1820
f 2127/1731/1888 2126/1728/1887 2145/1747/1893
f 2155/1756/1902 2146/1765/1908 2145/1747/1893
f 2154/1758/1903 2147/1748/1894 2146/1765/1908
f 2129/1742/1892 2127/1731/1888 2144/1749/1895
f 2156/1760/1904 2149/1750/1896 2147/1748/1894
f 2138/1766/1909 2137/1737/1890 2151/1752/1898
f 2157/1763/1907 2153/1753/1899 2152/1755/1901
f 2129/1742/1892 2148/1751/1897 2151/1752/1898
f 2156/1760/1904 2158/1761/1905 2152/1755/1901
f 2135/1767/1910 2159/1772/1928 2160/1768/1911
f 2132/1770/1913 2131/1769/2125 2161/1771/1914
f 2126/1728/1887 2163/1773/1917 2164/1774/1916
f 2163/1776/1917 2165/2017/1846 2166/1777/1846
f 2132/1779/1913 2162/2018/1915 2167/1780/1918
f 2168/1782/1920 2159/2018/1928 2135/1783/1910
f 2140/1781/1922 2167/1780/2126 2169/1784/1923
f 2141/1781/1925 2139/1785/2127 2170/1784/1926
f 2168/1786/1920 2171/2019/2128 2160/1768/1911
f 2161/1771/1914 2172/2020/2129 2167/1786/1929
f 2160/1768/1911 2173/1791/1938 2165/1789/1931
f 2166/1789/1932 2174/1791/1936 2161/1771/1933
f 2175/1790/1935 2172/2020/2130 2161/1771/1933
f 2166/1789/1932 2176/2021/2131 2175/1792/1935
f 2160/1768/1911 2171/2019/2128 2177/1790/1937
f 2177/1793/1937 2178/2022/2132 2165/1789/1939
f 2182/1797/1872 2179/1794/1872 2181/1796/1943
f 2180/1800/1941 2185/1809/1950 2186/1801/1947
f 2181/1803/1943 2186/1819/1879 2187/1804/1948
f 2187/1806/1949 2188/1814/1953 2184/1807/1946
f 2185/1809/1950 2189/2023/1955 2190/1810/1951
f 2186/1819/1879 2190/1811/89 2191/1812/89
f 2191/1813/1952 2192/2024/1954 2188/1814/1953
f 2184/1807/63 2188/1814/1953 2192/1815/1954
f 2189/1817/1955 2185/1809/1950 2180/1800/92
f 2193/1820/1956 2194/1824/1960 2195/1821/1957
f 2197/1823/1959 2198/1826/1962 2195/1821/1957
f 2197/1823/1959 2199/1828/1964 2200/1825/1961
f 2201/1827/1963 2202/1830/1966 2200/1825/1961
f 2201/1827/1963 2203/1831/1967 2204/1829/1965
f 2203/1831/1967 2205/1834/1970 2206/1832/1968
f 2207/1833/1969 2208/1835/1971 2206/1832/1968
f 2193/1820/1956 2196/1822/1958 2208/1835/1971
f 2196/1836/1958 2195/1840/1957 2209/1837/1972
f 2198/1839/1962 2211/1842/1975 2209/1837/1972
f 2198/1839/1962 2200/1844/1961 2212/1841/1974
f 2202/1843/1966 2213/1846/1977 2212/1841/1974
f 2202/1843/1966 2204/1847/1965 2214/1845/1976
f 2204/1847/1965 2206/1850/1968 2215/1848/1978
f 2208/1849/1971 2216/1852/1979 2215/1848/1978
f 2196/1851/1958 2210/2025/1973 2216/1852/1979
f 2217/1853/1980 2218/1864/1987 2210/1854/1973
f 2219/1856/1981 2217/1853/1980 2209/1855/1972
f 2220/1858/1982 2219/1856/1981 2211/1857/1975
f 2221/1860/1983 2220/1858/1982 2212/1859/1974
f 2222/1862/1984 2221/1860/1983 2213/1861/1977
f 2223/1860/1985 2222/1862/1984 2214/1863/1976
f 2224/1858/1986 2223/1860/1985 2215/1861/1978
f 2218/1864/1987 2224/1858/1986 2216/1859/1979
f 2218/1865/1987 2217/1868/1980 2225/1866/1988
f 2217/1868/1980 2219/1871/1981 2227/1869/1990
f 2220/1870/1982 2228/1873/1991 2227/1869/1990
f 2221/1872/1983 2229/1875/1992 2228/1873/1991
f 2222/1874/1984 2230/1877/1993 2229/1875/1992
f 2223/1876/1985 2231/1879/1995 2230/1877/1993
f 2223/1876/1985 2224/1880/1986 2232/1878/1994
f 2224/1880/1986 2218/1865/1987 2226/1867/1989
f 2226/1867/1989 2225/1866/1988 2233/1881/1996
f 2227/1869/1990 2235/1883/1998 2233/1881/1996
f 2228/1873/1991 2236/1884/1999 2235/1883/1998
f 2229/1875/1992 2237/1885/2000 2236/1884/1999
f 2230/1877/1993 2238/1886/2001 2237/1885/2000
f 2231/1879/1995 2239/1888/2003 2238/1886/2001
f 2231/1879/1995 2232/1878/1994 2240/1887/2002
f 2232/1878/1994 2226/1867/1989 2234/1882/1997
f 2243/1891/458 2244/2026/458 2245/1892/458
f 2247/1891/2004 2248/2026/2004 2249/1892/2004
f 2251/1891/2005 2252/2026/2005 2253/1892/2005
f 2256/403/438 2257/407/442 2258/404/439
f 2259/406/441 2260/1972/444 2257/407/442
f 2261/408/443 2262/412/2006 2260/409/444
f 2263/411/445 2264/414/448 2262/412/2006
f 2265/413/447 2266/416/450 2264/414/448
f 2267/415/449 2268/417/452 2266/416/450
f 2269/406/451 2270/1972/454 2268/417/452
f 2271/408/453 2272/419/2007 2270/409/454
f 2273/418/455 2274/414/457 2272/419/2007
f 2255/405/440 2258/404/439 2274/414/457
f 2277/489/471 2278/510/491 2279/490/472
f 2282/492/2008 2278/510/491 2277/489/471
f 2284/511/2010 2282/492/2008 2281/493/2009
f 2286/495/477 2284/511/2010 2283/494/2011
f 2288/497/2012 2286/495/477 2285/496/478
f 2289/500/2014 2290/499/2023 2288/497/2012
f 2292/503/2015 2290/499/2023 2289/500/2014
f 2293/502/2017 2294/505/487 2292/503/2015
f 2295/504/2018 2296/507/488 2294/505/487
f 2280/506/473 2279/1975/472 2296/507/488
f 2279/490/472 2278/510/491 2297/508/2019
f 2282/492/2008 2299/512/493 2297/508/2019
f 2284/511/2010 2300/514/495 2299/512/493
f 2284/511/2010 2286/495/477 2301/513/2021
f 2288/497/2012 2302/516/2022 2301/513/2021
f 2288/497/2012 2290/499/2023 2303/515/496
f 2292/503/2015 2304/518/499 2303/515/496
f 2292/503/2015 2294/505/487 2305/517/498
f 2296/507/488 2306/520/500 2305/517/498
f 2296/507/488 2279/1975/472 2298/519/2020
f 2298/509/2020 2297/508/2019 2307/521/501
f 2299/512/493 2309/523/503 2307/521/501
f 2300/514/495 2310/524/504 2309/523/503
f 2301/513/2021 2311/525/505 2310/524/504
f 2302/516/2022 2312/527/507 2311/525/505
f 2302/516/2022 2303/515/496 2313/526/506
f 2304/518/499 2314/529/509 2313/526/506
f 2304/518/499 2305/517/498 2315/528/508
f 2305/517/498 2306/520/500 2316/530/2024
f 2306/520/500 2298/519/2020 2308/531/502
f 2319/533/512 2277/489/471 2280/491/473
f 2320/535/514 2281/493/2009 2277/489/471
f 2321/537/516 2283/494/2011 2281/493/2009
f 2322/536/515 2285/496/478 2283/494/2011
f 2323/538/517 2287/498/2013 2285/496/478
f 2323/538/517 2324/539/518 2289/500/2014
f 2324/539/518 2325/541/520 2291/501/2016
f 2326/540/519 2293/502/2017 2291/501/2016
f 2326/540/519 2327/542/521 2295/504/2018
f 2327/542/521 2318/1976/513 2280/506/473
f 2329/403/438 2330/407/442 2331/404/439
f 2332/406/441 2333/1972/444 2330/407/442
f 2334/408/443 2335/412/2026 2333/409/444
f 2336/411/2025 2337/414/448 2335/412/2026
f 2338/413/2027 2339/416/450 2337/414/448
f 2340/415/449 2341/417/2028 2339/416/450
f 2342/406/451 2343/1972/454 2341/417/2028
f 2344/408/453 2345/419/456 2343/409/454
f 2346/418/2029 2347/414/457 2345/419/456
f 2328/405/440 2331/404/439 2347/414/457
f 2351/403/2030 2352/407/442 2353/404/439
f 2354/406/441 2355/1972/444 2352/407/442
f 2356/408/443 2357/412/2006 2355/409/444
f 2358/411/445 2359/414/448 2357/412/2006
f 2360/413/2027 2361/416/450 2359/414/448
f 2362/415/449 2363/417/452 2361/416/450
f 2364/406/451 2365/1972/454 2363/417/452
f 2366/408/453 2367/419/456 2365/409/454
f 2368/418/2029 2369/414/457 2367/419/456
f 2350/405/440 2353/404/439 2369/414/457
f 2373/1894/2031 2374/1898/2035 2375/1895/2032
f 2376/1897/2034 2377/1900/2037 2374/1898/2035
f 2378/1899/2036 2379/1902/2039 2377/1900/2037
f 2380/1901/2038 2381/2027/2041 2379/1902/2039
f 2382/1896/2040 2383/1895/2043 2381/1903/2041
f 2384/1905/2042 2385/1898/2045 2383/1895/2043
f 2386/1897/2044 2387/1906/2047 2385/1898/2045
f 2388/1899/2046 2389/1907/2049 2387/1906/2047
f 2390/1901/2048 2391/2027/2050 2389/1907/2049
f 2372/1896/2033 2375/1895/2032 2391/1903/2050
f 2395/1930/2051 2396/1934/2051 2397/1931/2052
f 2398/1933/2053 2399/1936/2053 2396/1934/2051
f 2400/1935/2054 2401/1938/2054 2399/1936/2053
f 2402/1937/2055 2403/1940/2055 2401/1938/2054
f 2404/1939/2056 2405/2028/2056 2403/1940/2055
f 2406/1941/63 2407/1944/63 2405/1942/2056
f 2394/1932/2052 2397/1931/2052 2407/1944/63
f 2409/1930/2051 2410/1934/2051 2411/1931/2052
f 2412/1933/2053 2413/1936/2053 2410/1934/2051
f 2414/1935/2054 2415/1938/2054 2413/1936/2053
f 2416/1937/2055 2417/1940/2055 2415/1938/2054
f 2418/1939/2056 2419/2028/2056 2417/1940/2055
f 2420/1941/63 2421/1944/63 2419/1942/2056
f 2408/1932/2052 2411/1931/2052 2421/1944/63
f 2423/1930/2051 2424/1934/2051 2425/1931/2052
f 2426/1933/2053 2427/1936/2053 2424/1934/2051
f 2428/1935/2054 2429/1938/2054 2427/1936/2053
f 2430/1937/2055 2431/1940/2055 2429/1938/2054
f 2432/1939/2056 2433/2028/2056 2431/1940/2055
f 2434/1941/63 2435/1944/63 2433/1942/2056
f 2422/1932/2052 2425/1931/2052 2435/1944/63
f 2437/1930/2051 2438/1934/2051 2439/1931/2052
f 2440/1933/2053 2441/1936/2053 2438/1934/2051
f 2442/1935/2054 2443/1938/2054 2441/1936/2053
f 2444/1937/2055 2445/1940/2055 2443/1938/2054
f 2446/1939/2056 2447/2028/2056 2445/1940/2055
f 2448/1941/63 2449/1944/63 2447/1942/2056
f 2436/1932/2052 2439/1931/2052 2449/1944/63
f 2451/1930/2051 2452/1934/2051 2453/1931/2052
f 2454/1933/2053 2455/1936/2053 2452/1934/2051
f 2456/1935/2054 2457/1938/2054 2455/1936/2053
f 2458/1937/2055 2459/1940/2055 2457/1938/2054
f 2460/1939/2056 2461/2028/2056 2459/1940/2055
f 2462/1941/63 2463/1944/63 2461/1942/2056
f 2450/1932/2052 2453/1931/2052 2463/1944/63
f 2465/1930/2051 2466/1934/2051 2467/1931/2052
f 2468/1933/2053 2469/1936/2053 2466/1934/2051
f 2470/1935/2054 2471/1938/2054 2469/1936/2053
f 2472/1937/2055 2473/1940/2055 2471/1938/2054
f 2474/1939/2056 2475/2028/2056 2473/1940/2055
f 2476/1941/63 2477/1944/63 2475/1942/2056
f 2464/1932/2052 2467/1931/2052 2477/1944/63
f 2479/1930/2051 2480/1934/2051 2481/1931/2052
f 2482/1933/2053 2483/1936/2053 2480/1934/2051
f 2484/1935/2054 2485/1938/2054 2483/1936/2053
f 2486/1937/2055 2487/1940/2055 2485/1938/2054
f 2488/1939/2056 2489/2028/2056 2487/1940/2055
f 2490/1941/63 2491/1944/63 2489/1942/2056
f 2478/1932/2052 2481/1931/2052 2491/1944/63
f 2493/1930/2051 2494/1934/2051 2495/1931/2052
f 2496/1933/2053 2497/1936/2053 2494/1934/2051
f 2498/1935/2054 2499/1938/2054 2497/1936/2053
f 2500/1937/2055 2501/1940/2055 2499/1938/2054
f 2502/1939/2056 2503/2028/2056 2501/1940/2055
f 2504/1941/63 2505/1944/63 2503/1942/2056
f 2492/1932/2052 2495/1931/2052 2505/1944/63
f 2507/1930/2051 2508/1934/2051 2509/1931/2052
f 2510/1933/2053 2511/1936/2053 2508/1934/2051
f 2512/1935/2054 2513/1938/2054 2511/1936/2053
f 2514/1937/2055 2515/1940/2055 2513/1938/2054
f 2516/1939/2056 2517/2028/2056 2515/1940/2055
f 2518/1941/63 2519/1944/63 2517/1942/2056
f 2506/1932/2052 2509/1931/2052 2519/1944/63
f 2521/1930/2051 2522/1934/2051 2523/1931/2052
f 2524/1933/2053 2525/1936/2053 2522/1934/2051
f 2526/1935/2054 2527/1938/2054 2525/1936/2053
f 2528/1937/2055 2529/1940/2055 2527/1938/2054
f 2530/1939/2056 2531/2028/2056 2529/1940/2055
f 2532/1941/63 2533/1944/63 2531/1942/2056
f 2520/1932/2052 2523/1931/2052 2533/1944/63
f 2535/1930/2051 2536/1934/2051 2537/1931/2052
f 2538/1933/2053 2539/1936/2053 2536/1934/2051
f 2540/1935/2054 2541/1938/2054 2539/1936/2053
f 2542/1937/2055 2543/1940/2055 2541/1938/2054
f 2544/1939/2056 2545/2028/2056 2543/1940/2055
f 2546/1941/63 2547/1944/63 2545/1942/2056
f 2534/1932/2052 2537/1931/2052 2547/1944/63
f 2549/1930/2051 2550/1934/2051 2551/1931/2052
f 2552/1933/2053 2553/1936/2053 2550/1934/2051
f 2554/1935/2054 2555/1938/2054 2553/1936/2053
f 2556/1937/2055 2557/1940/2055 2555/1938/2054
f 2558/1939/2056 2559/2028/2056 2557/1940/2055
f 2560/1941/63 2561/1944/63 2559/1942/2056
f 2548/1932/2052 2551/1931/2052 2561/1944/63
f 2563/1930/2051 2564/1934/2051 2565/1931/2052
f 2566/1933/2053 2567/1936/2053 2564/1934/2051
f 2568/1935/2054 2569/1938/2054 2567/1936/2053
f 2570/1937/2055 2571/1940/2055 2569/1938/2054
f 2572/1939/2056 2573/2028/2056 2571/1940/2055
f 2574/1941/63 2575/1944/63 2573/1942/2056
f 2562/1932/2052 2565/1931/2052 2575/1944/63
f 2577/1930/2051 2578/1934/2051 2579/1931/2052
f 2580/1933/2053 2581/1936/2053 2578/1934/2051
f 2582/1935/2054 2583/1938/2054 2581/1936/2053
f 2584/1937/2055 2585/1940/2055 2583/1938/2054
f 2586/1939/2056 2587/2028/2056 2585/1940/2055
f 2588/1941/63 2589/1944/63 2587/1942/2056
f 2576/1932/2052 2579/1931/2052 2589/1944/63
f 2591/1930/2051 2592/1934/2051 2593/1931/2052
f 2594/1933/2053 2595/1936/2053 2592/1934/2051
f 2596/1935/2054 2597/1938/2054 2595/1936/2053
f 2598/1937/2055 2599/1940/2055 2597/1938/2054
f 2600/1939/2056 2601/2028/2056 2599/1940/2055
f 2602/1941/63 2603/1944/63 2601/1942/2056
f 2590/1932/2052 2593/1931/2052 2603/1944/63
f 2605/1930/2051 2606/1934/2051 2607/1931/2052
f 2608/1933/2053 2609/1936/2053 2606/1934/2051
f 2610/1935/2054 2611/1938/2054 2609/1936/2053
f 2612/1937/2055 2613/1940/2055 2611/1938/2054
f 2614/1939/2056 2615/2028/2056 2613/1940/2055
f 2616/1941/63 2617/1944/63 2615/1942/2056
f 2604/1932/2052 2607/1931/2052 2617/1944/63
f 2619/1930/2051 2620/1934/2051 2621/1931/2052
f 2622/1933/2053 2623/1936/2053 2620/1934/2051
f 2624/1935/2054 2625/1938/2054 2623/1936/2053
f 2626/1937/2055 2627/1940/2055 2625/1938/2054
f 2628/1939/2056 2629/2028/2056 2627/1940/2055
f 2630/1941/63 2631/1944/63 2629/1942/2056
f 2618/1932/2052 2621/1931/2052 2631/1944/63
f 2633/1930/2051 2634/1934/2051 2635/1931/2052
f 2636/1933/2053 2637/1936/2053 2634/1934/2051
f 2638/1935/2054 2639/1938/2054 2637/1936/2053
f 2640/1937/2055 2641/1940/2055 2639/1938/2054
f 2642/1939/2056 2643/2028/2056 2641/1940/2055
f 2644/1941/63 2645/1944/63 2643/1942/2056
f 2632/1932/2052 2635/1931/2052 2645/1944/63
f 2647/1930/2051 2648/1934/2051 2649/1931/2052
f 2650/1933/2053 2651/1936/2053 2648/1934/2051
f 2652/1935/2054 2653/1938/2054 2651/1936/2053
f 2654/1937/2055 2655/1940/2055 2653/1938/2054
f 2656/1939/2056 2657/2028/2056 2655/1940/2055
f 2658/1941/63 2659/1944/63 2657/1942/2056
f 2646/1932/2052 2649/1931/2052 2659/1944/63
f 2661/1930/2051 2662/1934/2051 2663/1931/2052
f 2664/1933/2053 2665/1936/2053 2662/1934/2051
f 2666/1935/2054 2667/1938/2054 2665/1936/2053
f 2668/1937/2055 2669/1940/2055 2667/1938/2054
f 2670/1939/2056 2671/2028/2056 2669/1940/2055
f 2672/1941/63 2673/1944/63 2671/1942/2056
f 2660/1932/2052 2663/1931/2052 2673/1944/63
f 2675/1930/2051 2676/1934/2051 2677/1931/2052
f 2678/1933/2053 2679/1936/2053 2676/1934/2051
f 2680/1935/2054 2681/1938/2054 2679/1936/2053
f 2682/1937/2055 2683/1940/2055 2681/1938/2054
f 2684/1939/2056 2685/2028/2056 2683/1940/2055
f 2686/1941/63 2687/1944/63 2685/1942/2056
f 2674/1932/2052 2677/1931/2052 2687/1944/63
f 2689/1894/2031 2690/1898/2035 2691/1895/2032
f 2692/1897/2057 2693/1900/2037 2690/1898/2035
f 2694/1899/2036 2695/1902/2039 2693/1900/2037
f 2696/1901/2038 2697/2027/2058 2695/1902/2039
f 2698/1896/2040 2699/1895/2059 2697/1903/2058
f 2700/1905/2042 2701/1898/2045 2699/1895/2059
f 2702/1897/2044 2703/1906/2047 2701/1898/2045
f 2704/1899/2046 2705/1907/2049 2703/1906/2047
f 2706/1901/2060 2707/2027/2050 2705/1907/2049
f 2688/1896/2033 2691/1895/2032 2707/1903/2050
f 2711/1930/2051 2712/1934/2051 2713/1931/2052
f 2714/1933/2053 2715/1936/2053 2712/1934/2051
f 2716/1935/2054 2717/1938/2054 2715/1936/2053
f 2718/1937/2055 2719/1940/2055 2717/1938/2054
f 2720/1939/2056 2721/2028/2056 2719/1940/2055
f 2722/1941/63 2723/1944/63 2721/1942/2056
f 2710/1932/2052 2713/1931/2052 2723/1944/63
f 2725/1930/2051 2726/1934/2051 2727/1931/2052
f 2728/1933/2053 2729/1936/2053 2726/1934/2051
f 2730/1935/2054 2731/1938/2054 2729/1936/2053
f 2732/1937/2055 2733/1940/2055 2731/1938/2054
f 2734/1939/2056 2735/2028/2056 2733/1940/2055
f 2736/1941/63 2737/1944/63 2735/1942/2056
f 2724/1932/2052 2727/1931/2052 2737/1944/63
f 2739/1930/2051 2740/1934/2051 2741/1931/2052
f 2742/1933/2053 2743/1936/2053 2740/1934/2051
f 2744/1935/2054 2745/1938/2054 2743/1936/2053
f 2746/1937/2055 2747/1940/2055 2745/1938/2054
f 2748/1939/2056 2749/2028/2056 2747/1940/2055
f 2750/1941/63 2751/1944/63 2749/1942/2056
f 2738/1932/2052 2741/1931/2052 2751/1944/63
f 2753/1930/2051 2754/1934/2051 2755/1931/2052
f 2756/1933/2053 2757/1936/2053 2754/1934/2051
f 2758/1935/2054 2759/1938/2054 2757/1936/2053
f 2760/1937/2055 2761/1940/2055 2759/1938/2054
f 2762/1939/2056 2763/2028/2056 2761/1940/2055
f 2764/1941/63 2765/1944/63 2763/1942/2056
f 2752/1932/2052 2755/1931/2052 2765/1944/63
f 2767/1930/2051 2768/1934/2051 2769/1931/2052
f 2770/1933/2053 2771/1936/2053 2768/1934/2051
f 2772/1935/2054 2773/1938/2054 2771/1936/2053
f 2774/1937/2055 2775/1940/2055 2773/1938/2054
f 2776/1939/2056 2777/2028/2056 2775/1940/2055
f 2778/1941/63 2779/1944/63 2777/1942/2056
f 2766/1932/2052 2769/1931/2052 2779/1944/63
f 2781/1930/2051 2782/1934/2051 2783/1931/2052
f 2784/1933/2053 2785/1936/2053 2782/1934/2051
f 2786/1935/2054 2787/1938/2054 2785/1936/2053
f 2788/1937/2055 2789/1940/2055 2787/1938/2054
f 2790/1939/2056 2791/2028/2056 2789/1940/2055
f 2792/1941/63 2793/1944/63 2791/1942/2056
f 2780/1932/2052 2783/1931/2052 2793/1944/63
f 2795/1930/2051 2796/1934/2051 2797/1931/2052
f 2798/1933/2053 2799/1936/2053 2796/1934/2051
f 2800/1935/2054 2801/1938/2054 2799/1936/2053
f 2802/1937/2055 2803/1940/2055 2801/1938/2054
f 2804/1939/2056 2805/2028/2056 2803/1940/2055
f 2806/1941/63 2807/1944/63 2805/1942/2056
f 2794/1932/2052 2797/1931/2052 2807/1944/63
f 2809/1930/2051 2810/1934/2051 2811/1931/2052
f 2812/1933/2053 2813/1936/2053 2810/1934/2051
f 2814/1935/2054 2815/1938/2054 2813/1936/2053
f 2816/1937/2055 2817/1940/2055 2815/1938/2054
f 2818/1939/2056 2819/2028/2056 2817/1940/2055
f 2820/1941/63 2821/1944/63 2819/1942/2056
f 2808/1932/2052 2811/1931/2052 2821/1944/63
f 2823/1930/2051 2824/1934/2051 2825/1931/2052
f 2826/1933/2053 2827/1936/2053 2824/1934/2051
f 2828/1935/2054 2829/1938/2054 2827/1936/2053
f 2830/1937/2055 2831/1940/2055 2829/1938/2054
f 2832/1939/2056 2833/2028/2056 2831/1940/2055
f 2834/1941/63 2835/1944/63 2833/1942/2056
f 2822/1932/2052 2825/1931/2052 2835/1944/63
f 2837/1930/2051 2838/1934/2051 2839/1931/2052
f 2840/1933/2053 2841/1936/2053 2838/1934/2051
f 2842/1935/2054 2843/1938/2054 2841/1936/2053
f 2844/1937/2055 2845/1940/2055 2843/1938/2054
f 2846/1939/2056 2847/2028/2056 2845/1940/2055
f 2848/1941/63 2849/1944/63 2847/1942/2056
f 2836/1932/2052 2839/1931/2052 2849/1944/63
f 2851/1930/2051 2852/1934/2051 2853/1931/2052
f 2854/1933/2053 2855/1936/2053 2852/1934/2051
f 2856/1935/2054 2857/1938/2054 2855/1936/2053
f 2858/1937/2055 2859/1940/2055 2857/1938/2054
f 2860/1939/2056 2861/2028/2056 2859/1940/2055
f 2862/1941/63 2863/1944/63 2861/1942/2056
f 2850/1932/2052 2853/1931/2052 2863/1944/63
f 2865/1930/2051 2866/1934/2051 2867/1931/2052
f 2868/1933/2053 2869/1936/2053 2866/1934/2051
f 2870/1935/2054 2871/1938/2054 2869/1936/2053
f 2872/1937/2055 2873/1940/2055 2871/1938/2054
f 2874/1939/2056 2875/2028/2056 2873/1940/2055
f 2876/1941/63 2877/1944/63 2875/1942/2056
f 2864/1932/2052 2867/1931/2052 2877/1944/63
f 2879/1930/2051 2880/1934/2051 2881/1931/2052
f 2882/1933/2053 2883/1936/2053 2880/1934/2051
f 2884/1935/2054 2885/1938/2054 2883/1936/2053
f 2886/1937/2055 2887/1940/2055 2885/1938/2054
f 2888/1939/2056 2889/2028/2056 2887/1940/2055
f 2890/1941/63 2891/1944/63 2889/1942/2056
f 2878/1932/2052 2881/1931/2052 2891/1944/63
f 2893/1930/2051 2894/1934/2051 2895/1931/2052
f 2896/1933/2053 2897/1936/2053 2894/1934/2051
f 2898/1935/2054 2899/1938/2054 2897/1936/2053
f 2900/1937/2055 2901/1940/2055 2899/1938/2054
f 2902/1939/2056 2903/2028/2056 2901/1940/2055
f 2904/1941/63 2905/1944/63 2903/1942/2056
f 2892/1932/2052 2895/1931/2052 2905/1944/63
f 2907/1930/2051 2908/1934/2051 2909/1931/2052
f 2910/1933/2053 2911/1936/2053 2908/1934/2051
f 2912/1935/2054 2913/1938/2054 2911/1936/2053
f 2914/1937/2055 2915/1940/2055 2913/1938/2054
f 2916/1939/2056 2917/2028/2056 2915/1940/2055
f 2918/1941/63 2919/1944/63 2917/1942/2056
f 2906/1932/2052 2909/1931/2052 2919/1944/63
f 2921/1930/2051 2922/1934/2051 2923/1931/2052
f 2924/1933/2053 2925/1936/2053 2922/1934/2051
f 2926/1935/2054 2927/1938/2054 2925/1936/2053
f 2928/1937/2055 2929/1940/2055 2927/1938/2054
f 2930/1939/2056 2931/2028/2056 2929/1940/2055
f 2932/1941/63 2933/1944/63 2931/1942/2056
f 2920/1932/2052 2923/1931/2052 2933/1944/63
f 2935/1930/2051 2936/1934/2051 2937/1931/2052
f 2938/1933/2053 2939/1936/2053 2936/1934/2051
f 2940/1935/2054 2941/1938/2054 2939/1936/2053
f 2942/1937/2055 2943/1940/2055 2941/1938/2054
f 2944/1939/2056 2945/2028/2056 2943/1940/2055
f 2946/1941/63 2947/1944/63 2945/1942/2056
f 2934/1932/2052 2937/1931/2052 2947/1944/63
f 2949/1930/2051 2950/1934/2051 2951/1931/2052
f 2952/1933/2053 2953/1936/2053 2950/1934/2051
f 2954/1935/2054 2955/1938/2054 2953/1936/2053
f 2956/1937/2055 2957/1940/2055 2955/1938/2054
f 2958/1939/2056 2959/2028/2056 2957/1940/2055
f 2960/1941/63 2961/1944/63 2959/1942/2056
f 2948/1932/2052 2951/1931/2052 2961/1944/63
f 2963/1930/2051 2964/1934/2051 2965/1931/2052
f 2966/1933/2053 2967/1936/2053 2964/1934/2051
f 2968/1935/2054 2969/1938/2054 2967/1936/2053
f 2970/1937/2055 2971/1940/2055 2969/1938/2054
f 2972/1939/2056 2973/2028/2056 2971/1940/2055
f 2974/1941/63 2975/1944/63 2973/1942/2056
f 2962/1932/2052 2965/1931/2052 2975/1944/63
f 2977/1930/2051 2978/1934/2051 2979/1931/2052
f 2980/1933/2053 2981/1936/2053 2978/1934/2051
f 2982/1935/2054 2983/1938/2054 2981/1936/2053
f 2984/1937/2055 2985/1940/2055 2983/1938/2054
f 2986/1939/2056 2987/2028/2056 2985/1940/2055
f 2988/1941/63 2989/1944/63 2987/1942/2056
f 2976/1932/2052 2979/1931/2052 2989/1944/63
f 2991/1930/2051 2992/1934/2051 2993/1931/2052
f 2994/1933/2053 2995/1936/2053 2992/1934/2051
f 2996/1935/2054 2997/1938/2054 2995/1936/2053
f 2998/1937/2055 2999/1940/2055 2997/1938/2054
f 3000/1939/2056 3001/2028/2056 2999/1940/2055
f 3002/1941/63 3003/1944/63 3001/1942/2056
f 2990/1932/2052 2993/1931/2052 3003/1944/63
f 3004/1820/1956 3005/1824/1960 3006/1821/1957
f 3008/1823/2061 3009/1826/1962 3006/1821/1957
f 3008/1823/2061 3010/1828/2063 3011/1825/2062
f 3010/1828/2063 3012/1827/2066 3013/1830/2064
f 3014/1831/2065 3015/1829/2068 3013/1830/2064
f 3014/1831/2065 3016/1834/1970 3017/1832/2067
f 3018/1833/2069 3019/1835/1971 3017/1832/2067
f 3004/1820/1956 3007/1822/1958 3019/1835/1971
f 3007/1836/1958 3006/1840/1957 3020/1837/1972
f 3009/1839/1962 3022/1842/1975 3020/1837/1972
f 3009/1839/1962 3011/1844/2062 3023/1841/1974
f 3013/1843/2064 3024/1846/1977 3023/1841/1974
f 3015/1847/2068 3025/1845/2071 3024/1846/1977
f 3017/1850/2067 3026/1848/2072 3025/1845/2071
f 3019/1849/1971 3027/1852/1979 3026/1848/2072
f 3007/1851/1958 3021/2025/2070 3027/1852/1979
f 3028/1853/2073 3029/1864/1987 3021/1854/2070
f 3030/1856/2074 3028/1853/2073 3020/1855/1972
f 3031/1858/2075 3030/1856/2074 3022/1857/1975
f 3032/1860/1983 3031/1858/2075 3023/1859/1974
f 3033/1862/2076 3032/1860/1983 3024/1861/1977
f 3034/1860/2077 3033/1862/2076 3025/1863/2071
f 3035/1858/2078 3034/1860/2077 3026/1861/2072
f 3029/1864/1987 3035/1858/2078 3027/1859/1979
f 3029/1865/1987 3028/1868/2073 3036/1866/2079
f 3030/1871/2074 3038/1869/2081 3036/1866/2079
f 3031/1870/2075 3039/1873/2083 3038/1869/2081
f 3031/1870/2075 3032/1872/1983 3040/1875/2082
f 3032/1872/1983 3033/1874/2076 3041/1877/2084
f 3034/1876/2077 3042/1879/2085 3041/1877/2084
f 3035/1880/2078 3043/1878/2086 3042/1879/2085
f 3035/1880/2078 3029/1865/1987 3037/1867/2080
f 3037/1867/2080 3036/1866/2079 3044/1881/1996
f 3038/1869/2081 3046/1883/1998 3044/1881/1996
f 3039/1873/2083 3047/1884/1999 3046/1883/1998
f 3040/1875/2082 3048/1885/2000 3047/1884/1999
f 3041/1877/2084 3049/1886/2089 3048/1885/2000
f 3041/1877/2084 3042/1879/2085 3050/1888/2088
f 3042/1879/2085 3043/1878/2086 3051/1887/2090
f 3037/1867/2080 3045/1882/2087 3051/1887/2090
f 3054/1891/458 3055/2026/458 3056/1892/458
f 3058/1891/2004 3059/2026/2004 3060/1892/2004
f 3062/1891/2005 3063/2026/2005 3064/1892/2005
